INSERT INTO user(username, email, password, nickname, profile_image, is_pro, enabled) VALUES ('test0001', 'test0001@test.com', '$2a$12$TrN..KcVjciCiz.5Vj96YOBljeVTTGJ9AUKmtfbGpgc9hmC7BxQ92', '닉1', '/img/profileImg.png', 0, 1);
INSERT INTO user(username, email, password, nickname, profile_image, is_pro, enabled) VALUES ('test0002', 'test0002@test.com', '$2a$12$TrN..KcVjciCiz.5Vj96YOBljeVTTGJ9AUKmtfbGpgc9hmC7BxQ92', '닉2', '/img/profileImg.png', 0, 1);
INSERT INTO user(username, email, password, nickname, profile_image, is_pro, enabled) VALUES ('test0003', 'test0003@test.com', '$2a$12$TrN..KcVjciCiz.5Vj96YOBljeVTTGJ9AUKmtfbGpgc9hmC7BxQ92', '닉3', '/img/profileImg.png', 0, 1);
INSERT INTO user(username, email, password, nickname, profile_image, is_pro, enabled) VALUES ('test0004', 'test0004@test.com', '$2a$12$TrN..KcVjciCiz.5Vj96YOBljeVTTGJ9AUKmtfbGpgc9hmC7BxQ92', '닉4', '/img/profileImg.png', 0, 1);
INSERT INTO user(username, email, password, nickname, profile_image, is_pro, enabled) VALUES ('test0005', 'test0005@test.com', '$2a$12$TrN..KcVjciCiz.5Vj96YOBljeVTTGJ9AUKmtfbGpgc9hmC7BxQ92', '닉5', '/img/profileImg.png', 0, 1);
INSERT INTO user(username, email, password, nickname, profile_image, is_pro, enabled) VALUES ('test0006', 'test0006@test.com', '$2a$12$TrN..KcVjciCiz.5Vj96YOBljeVTTGJ9AUKmtfbGpgc9hmC7BxQ92', '닉6', '/img/profileImg.png', 0, 1);
INSERT INTO user(username, email, password, nickname, profile_image, is_pro, enabled) VALUES ('test0007', 'test0007@test.com', '$2a$12$TrN..KcVjciCiz.5Vj96YOBljeVTTGJ9AUKmtfbGpgc9hmC7BxQ92', '닉7', '/img/profileImg.png', 0, 1);
INSERT INTO user(username, email, password, nickname, profile_image, is_pro, enabled) VALUES ('test0008', 'test0008@test.com', '$2a$12$TrN..KcVjciCiz.5Vj96YOBljeVTTGJ9AUKmtfbGpgc9hmC7BxQ92', '닉8', '/img/profileImg.png', 0, 1);
INSERT INTO user(username, email, password, nickname, profile_image, is_pro, enabled) VALUES ('test0009', 'test0009@test.com', '$2a$12$TrN..KcVjciCiz.5Vj96YOBljeVTTGJ9AUKmtfbGpgc9hmC7BxQ92', '닉9', '/img/profileImg.png', 0, 1);
INSERT INTO user(username, email, password, nickname, profile_image, is_pro, enabled) VALUES ('test0010', 'test0010@test.com', '$2a$12$TrN..KcVjciCiz.5Vj96YOBljeVTTGJ9AUKmtfbGpgc9hmC7BxQ92', '닉10', '/img/profileImg.png', 0, 1);
INSERT INTO user(username, email, password, nickname, profile_image, is_pro, enabled) VALUES ('test0011', 'test0011@test.com', '$2a$12$TrN..KcVjciCiz.5Vj96YOBljeVTTGJ9AUKmtfbGpgc9hmC7BxQ92', '닉11', '/img/profileImg.png', 0, 1);
INSERT INTO user(username, email, password, nickname, profile_image, is_pro, enabled) VALUES ('test0012', 'test0012@test.com', '$2a$12$TrN..KcVjciCiz.5Vj96YOBljeVTTGJ9AUKmtfbGpgc9hmC7BxQ92', '닉12', '/img/profileImg.png', 0, 1);
INSERT INTO user(username, email, password, nickname, profile_image, is_pro, enabled) VALUES ('test0013', 'test0013@test.com', '$2a$12$TrN..KcVjciCiz.5Vj96YOBljeVTTGJ9AUKmtfbGpgc9hmC7BxQ92', '닉13', '/img/profileImg.png', 0, 1);
INSERT INTO user(username, email, password, nickname, profile_image, is_pro, enabled) VALUES ('test0014', 'test0014@test.com', '$2a$12$TrN..KcVjciCiz.5Vj96YOBljeVTTGJ9AUKmtfbGpgc9hmC7BxQ92', '닉14', '/img/profileImg.png', 0, 1);
INSERT INTO user(username, email, password, nickname, profile_image, is_pro, enabled) VALUES ('test0015', 'test0015@test.com', '$2a$12$TrN..KcVjciCiz.5Vj96YOBljeVTTGJ9AUKmtfbGpgc9hmC7BxQ92', '닉15', '/img/profileImg.png', 0, 1);
INSERT INTO user(username, email, password, nickname, profile_image, is_pro, enabled) VALUES ('test0016', 'test0016@test.com', '$2a$12$TrN..KcVjciCiz.5Vj96YOBljeVTTGJ9AUKmtfbGpgc9hmC7BxQ92', '닉16', '/img/profileImg.png', 0, 1);
INSERT INTO user(username, email, password, nickname, profile_image, is_pro, enabled) VALUES ('test0017', 'test0017@test.com', '$2a$12$TrN..KcVjciCiz.5Vj96YOBljeVTTGJ9AUKmtfbGpgc9hmC7BxQ92', '닉17', '/img/profileImg.png', 0, 1);
INSERT INTO user(username, email, password, nickname, profile_image, is_pro, enabled) VALUES ('test0018', 'test0018@test.com', '$2a$12$TrN..KcVjciCiz.5Vj96YOBljeVTTGJ9AUKmtfbGpgc9hmC7BxQ92', '닉18', '/img/profileImg.png', 0, 1);
INSERT INTO user(username, email, password, nickname, profile_image, is_pro, enabled) VALUES ('test0019', 'test0019@test.com', '$2a$12$TrN..KcVjciCiz.5Vj96YOBljeVTTGJ9AUKmtfbGpgc9hmC7BxQ92', '닉19', '/img/profileImg.png', 0, 1);
INSERT INTO user(username, email, password, nickname, profile_image, is_pro, enabled) VALUES ('test0020', 'test0020@test.com', '$2a$12$TrN..KcVjciCiz.5Vj96YOBljeVTTGJ9AUKmtfbGpgc9hmC7BxQ92', '닉20', '/img/profileImg.png', 0, 1);
INSERT INTO user(username, email, password, nickname, profile_image, is_pro, enabled) VALUES ('test0021', 'test0021@test.com', '$2a$12$TrN..KcVjciCiz.5Vj96YOBljeVTTGJ9AUKmtfbGpgc9hmC7BxQ92', '닉21', '/img/profileImg.png', 0, 1);
INSERT INTO user(username, email, password, nickname, profile_image, is_pro, enabled) VALUES ('test0022', 'test0022@test.com', '$2a$12$TrN..KcVjciCiz.5Vj96YOBljeVTTGJ9AUKmtfbGpgc9hmC7BxQ92', '닉22', '/img/profileImg.png', 0, 1);
INSERT INTO user(username, email, password, nickname, profile_image, is_pro, enabled) VALUES ('test0023', 'test0023@test.com', '$2a$12$TrN..KcVjciCiz.5Vj96YOBljeVTTGJ9AUKmtfbGpgc9hmC7BxQ92', '닉23', '/img/profileImg.png', 0, 1);
INSERT INTO user(username, email, password, nickname, profile_image, is_pro, enabled) VALUES ('test0024', 'test0024@test.com', '$2a$12$TrN..KcVjciCiz.5Vj96YOBljeVTTGJ9AUKmtfbGpgc9hmC7BxQ92', '닉24', '/img/profileImg.png', 0, 1);
INSERT INTO user(username, email, password, nickname, profile_image, is_pro, enabled) VALUES ('test0025', 'test0025@test.com', '$2a$12$TrN..KcVjciCiz.5Vj96YOBljeVTTGJ9AUKmtfbGpgc9hmC7BxQ92', '닉25', '/img/profileImg.png', 0, 1);
INSERT INTO user(username, email, password, nickname, profile_image, is_pro, enabled) VALUES ('test0026', 'test0026@test.com', '$2a$12$TrN..KcVjciCiz.5Vj96YOBljeVTTGJ9AUKmtfbGpgc9hmC7BxQ92', '닉26', '/img/profileImg.png', 0, 1);
INSERT INTO user(username, email, password, nickname, profile_image, is_pro, enabled) VALUES ('test0027', 'test0027@test.com', '$2a$12$TrN..KcVjciCiz.5Vj96YOBljeVTTGJ9AUKmtfbGpgc9hmC7BxQ92', '닉27', '/img/profileImg.png', 0, 1);
INSERT INTO user(username, email, password, nickname, profile_image, is_pro, enabled) VALUES ('test0028', 'test0028@test.com', '$2a$12$TrN..KcVjciCiz.5Vj96YOBljeVTTGJ9AUKmtfbGpgc9hmC7BxQ92', '닉28', '/img/profileImg.png', 0, 1);
INSERT INTO user(username, email, password, nickname, profile_image, is_pro, enabled) VALUES ('test0029', 'test0029@test.com', '$2a$12$TrN..KcVjciCiz.5Vj96YOBljeVTTGJ9AUKmtfbGpgc9hmC7BxQ92', '닉29', '/img/profileImg.png', 0, 1);
INSERT INTO user(username, email, password, nickname, profile_image, is_pro, enabled) VALUES ('test0030', 'test0030@test.com', '$2a$12$TrN..KcVjciCiz.5Vj96YOBljeVTTGJ9AUKmtfbGpgc9hmC7BxQ92', '닉30', '/img/profileImg.png', 0, 1);
INSERT INTO user(username, email, password, nickname, profile_image, is_pro, enabled) VALUES ('test0031', 'test0031@test.com', '$2a$12$TrN..KcVjciCiz.5Vj96YOBljeVTTGJ9AUKmtfbGpgc9hmC7BxQ92', '닉31', '/img/profileImg.png', 0, 1);
INSERT INTO user(username, email, password, nickname, profile_image, is_pro, enabled) VALUES ('test0032', 'test0032@test.com', '$2a$12$TrN..KcVjciCiz.5Vj96YOBljeVTTGJ9AUKmtfbGpgc9hmC7BxQ92', '닉32', '/img/profileImg.png', 0, 1);
INSERT INTO user(username, email, password, nickname, profile_image, is_pro, enabled) VALUES ('test0033', 'test0033@test.com', '$2a$12$TrN..KcVjciCiz.5Vj96YOBljeVTTGJ9AUKmtfbGpgc9hmC7BxQ92', '닉33', '/img/profileImg.png', 0, 1);
INSERT INTO user(username, email, password, nickname, profile_image, is_pro, enabled) VALUES ('test0034', 'test0034@test.com', '$2a$12$TrN..KcVjciCiz.5Vj96YOBljeVTTGJ9AUKmtfbGpgc9hmC7BxQ92', '닉34', '/img/profileImg.png', 0, 1);
INSERT INTO user(username, email, password, nickname, profile_image, is_pro, enabled) VALUES ('test0035', 'test0035@test.com', '$2a$12$TrN..KcVjciCiz.5Vj96YOBljeVTTGJ9AUKmtfbGpgc9hmC7BxQ92', '닉35', '/img/profileImg.png', 0, 1);
INSERT INTO user(username, email, password, nickname, profile_image, is_pro, enabled) VALUES ('test0036', 'test0036@test.com', '$2a$12$TrN..KcVjciCiz.5Vj96YOBljeVTTGJ9AUKmtfbGpgc9hmC7BxQ92', '닉36', '/img/profileImg.png', 0, 1);
INSERT INTO user(username, email, password, nickname, profile_image, is_pro, enabled) VALUES ('test0037', 'test0037@test.com', '$2a$12$TrN..KcVjciCiz.5Vj96YOBljeVTTGJ9AUKmtfbGpgc9hmC7BxQ92', '닉37', '/img/profileImg.png', 0, 1);
INSERT INTO user(username, email, password, nickname, profile_image, is_pro, enabled) VALUES ('test0038', 'test0038@test.com', '$2a$12$TrN..KcVjciCiz.5Vj96YOBljeVTTGJ9AUKmtfbGpgc9hmC7BxQ92', '닉38', '/img/profileImg.png', 0, 1);
INSERT INTO user(username, email, password, nickname, profile_image, is_pro, enabled) VALUES ('test0039', 'test0039@test.com', '$2a$12$TrN..KcVjciCiz.5Vj96YOBljeVTTGJ9AUKmtfbGpgc9hmC7BxQ92', '닉39', '/img/profileImg.png', 0, 1);
INSERT INTO user(username, email, password, nickname, profile_image, is_pro, enabled) VALUES ('test0040', 'test0040@test.com', '$2a$12$TrN..KcVjciCiz.5Vj96YOBljeVTTGJ9AUKmtfbGpgc9hmC7BxQ92', '닉40', '/img/profileImg.png', 0, 1);
INSERT INTO user(username, email, password, nickname, profile_image, is_pro, enabled) VALUES ('test0041', 'test0041@test.com', '$2a$12$TrN..KcVjciCiz.5Vj96YOBljeVTTGJ9AUKmtfbGpgc9hmC7BxQ92', '닉41', '/img/profileImg.png', 0, 1);
INSERT INTO user(username, email, password, nickname, profile_image, is_pro, enabled) VALUES ('test0042', 'test0042@test.com', '$2a$12$TrN..KcVjciCiz.5Vj96YOBljeVTTGJ9AUKmtfbGpgc9hmC7BxQ92', '닉42', '/img/profileImg.png', 0, 1);
INSERT INTO user(username, email, password, nickname, profile_image, is_pro, enabled) VALUES ('test0043', 'test0043@test.com', '$2a$12$TrN..KcVjciCiz.5Vj96YOBljeVTTGJ9AUKmtfbGpgc9hmC7BxQ92', '닉43', '/img/profileImg.png', 0, 1);
INSERT INTO user(username, email, password, nickname, profile_image, is_pro, enabled) VALUES ('test0044', 'test0044@test.com', '$2a$12$TrN..KcVjciCiz.5Vj96YOBljeVTTGJ9AUKmtfbGpgc9hmC7BxQ92', '닉44', '/img/profileImg.png', 0, 1);
INSERT INTO user(username, email, password, nickname, profile_image, is_pro, enabled) VALUES ('test0045', 'test0045@test.com', '$2a$12$TrN..KcVjciCiz.5Vj96YOBljeVTTGJ9AUKmtfbGpgc9hmC7BxQ92', '닉45', '/img/profileImg.png', 0, 1);
INSERT INTO user(username, email, password, nickname, profile_image, is_pro, enabled) VALUES ('test0046', 'test0046@test.com', '$2a$12$TrN..KcVjciCiz.5Vj96YOBljeVTTGJ9AUKmtfbGpgc9hmC7BxQ92', '닉46', '/img/profileImg.png', 0, 1);
INSERT INTO user(username, email, password, nickname, profile_image, is_pro, enabled) VALUES ('test0047', 'test0047@test.com', '$2a$12$TrN..KcVjciCiz.5Vj96YOBljeVTTGJ9AUKmtfbGpgc9hmC7BxQ92', '닉47', '/img/profileImg.png', 0, 1);
INSERT INTO user(username, email, password, nickname, profile_image, is_pro, enabled) VALUES ('test0048', 'test0048@test.com', '$2a$12$TrN..KcVjciCiz.5Vj96YOBljeVTTGJ9AUKmtfbGpgc9hmC7BxQ92', '닉48', '/img/profileImg.png', 0, 1);
INSERT INTO user(username, email, password, nickname, profile_image, is_pro, enabled) VALUES ('test0049', 'test0049@test.com', '$2a$12$TrN..KcVjciCiz.5Vj96YOBljeVTTGJ9AUKmtfbGpgc9hmC7BxQ92', '닉49', '/img/profileImg.png', 0, 1);
INSERT INTO user(username, email, password, nickname, profile_image, is_pro, enabled) VALUES ('test0050', 'test0050@test.com', '$2a$12$TrN..KcVjciCiz.5Vj96YOBljeVTTGJ9AUKmtfbGpgc9hmC7BxQ92', '닉50', '/img/profileImg.png', 0, 1);
INSERT INTO user_auth(username, auth) VALUES ('test0001', 'ROLE_USER');
INSERT INTO user_auth(username, auth) VALUES ('test0002', 'ROLE_USER');
INSERT INTO user_auth(username, auth) VALUES ('test0003', 'ROLE_USER');
INSERT INTO user_auth(username, auth) VALUES ('test0004', 'ROLE_USER');
INSERT INTO user_auth(username, auth) VALUES ('test0005', 'ROLE_USER');
INSERT INTO user_auth(username, auth) VALUES ('test0006', 'ROLE_USER');
INSERT INTO user_auth(username, auth) VALUES ('test0007', 'ROLE_USER');
INSERT INTO user_auth(username, auth) VALUES ('test0008', 'ROLE_USER');
INSERT INTO user_auth(username, auth) VALUES ('test0009', 'ROLE_ADMIN');
INSERT INTO user_auth(username, auth) VALUES ('test0010', 'ROLE_USER');
INSERT INTO user_auth(username, auth) VALUES ('test0011', 'ROLE_ADMIN');
INSERT INTO user_auth(username, auth) VALUES ('test0012', 'ROLE_USER');
INSERT INTO user_auth(username, auth) VALUES ('test0013', 'ROLE_USER');
INSERT INTO user_auth(username, auth) VALUES ('test0014', 'ROLE_USER');
INSERT INTO user_auth(username, auth) VALUES ('test0015', 'ROLE_USER');
INSERT INTO user_auth(username, auth) VALUES ('test0016', 'ROLE_USER');
INSERT INTO user_auth(username, auth) VALUES ('test0017', 'ROLE_USER');
INSERT INTO user_auth(username, auth) VALUES ('test0018', 'ROLE_ADMIN');
INSERT INTO user_auth(username, auth) VALUES ('test0019', 'ROLE_USER');
INSERT INTO user_auth(username, auth) VALUES ('test0020', 'ROLE_USER');
INSERT INTO user_auth(username, auth) VALUES ('test0021', 'ROLE_USER');
INSERT INTO user_auth(username, auth) VALUES ('test0022', 'ROLE_USER');
INSERT INTO user_auth(username, auth) VALUES ('test0023', 'ROLE_USER');
INSERT INTO user_auth(username, auth) VALUES ('test0024', 'ROLE_USER');
INSERT INTO user_auth(username, auth) VALUES ('test0025', 'ROLE_ADMIN');
INSERT INTO user_auth(username, auth) VALUES ('test0026', 'ROLE_USER');
INSERT INTO user_auth(username, auth) VALUES ('test0027', 'ROLE_USER');
INSERT INTO user_auth(username, auth) VALUES ('test0028', 'ROLE_ADMIN');
INSERT INTO user_auth(username, auth) VALUES ('test0029', 'ROLE_USER');
INSERT INTO user_auth(username, auth) VALUES ('test0030', 'ROLE_USER');
INSERT INTO user_auth(username, auth) VALUES ('test0031', 'ROLE_USER');
INSERT INTO user_auth(username, auth) VALUES ('test0032', 'ROLE_USER');
INSERT INTO user_auth(username, auth) VALUES ('test0033', 'ROLE_USER');
INSERT INTO user_auth(username, auth) VALUES ('test0034', 'ROLE_ADMIN');
INSERT INTO user_auth(username, auth) VALUES ('test0035', 'ROLE_USER');
INSERT INTO user_auth(username, auth) VALUES ('test0036', 'ROLE_USER');
INSERT INTO user_auth(username, auth) VALUES ('test0037', 'ROLE_USER');
INSERT INTO user_auth(username, auth) VALUES ('test0038', 'ROLE_USER');
INSERT INTO user_auth(username, auth) VALUES ('test0039', 'ROLE_USER');
INSERT INTO user_auth(username, auth) VALUES ('test0040', 'ROLE_USER');
INSERT INTO user_auth(username, auth) VALUES ('test0041', 'ROLE_ADMIN');
INSERT INTO user_auth(username, auth) VALUES ('test0042', 'ROLE_USER');
INSERT INTO user_auth(username, auth) VALUES ('test0043', 'ROLE_USER');
INSERT INTO user_auth(username, auth) VALUES ('test0044', 'ROLE_USER');
INSERT INTO user_auth(username, auth) VALUES ('test0045', 'ROLE_USER');
INSERT INTO user_auth(username, auth) VALUES ('test0046', 'ROLE_USER');
INSERT INTO user_auth(username, auth) VALUES ('test0047', 'ROLE_USER');
INSERT INTO user_auth(username, auth) VALUES ('test0048', 'ROLE_ADMIN');
INSERT INTO user_auth(username, auth) VALUES ('test0049', 'ROLE_USER');
INSERT INTO user_auth(username, auth) VALUES ('test0050', 'ROLE_USER');
INSERT INTO playlist(id, user_id, title, description, thumbnail_url, is_public) VALUES (1, 1, '플리1_1', 'desc1_1', '/img/profileImg.png', 1);
INSERT INTO playlist(id, user_id, title, description, thumbnail_url, is_public) VALUES (2, 1, '플리1_2', 'desc1_2', '/img/profileImg.png', 1);
INSERT INTO playlist(id, user_id, title, description, thumbnail_url, is_public) VALUES (3, 1, '플리1_3', 'desc1_3', '/img/profileImg.png', 1);
INSERT INTO playlist(id, user_id, title, description, thumbnail_url, is_public) VALUES (4, 2, '플리2_1', 'desc2_1', '/img/profileImg.png', 1);
INSERT INTO playlist(id, user_id, title, description, thumbnail_url, is_public) VALUES (5, 2, '플리2_2', 'desc2_2', '/img/profileImg.png', 1);
INSERT INTO playlist(id, user_id, title, description, thumbnail_url, is_public) VALUES (6, 2, '플리2_3', 'desc2_3', '/img/profileImg.png', 1);
INSERT INTO playlist(id, user_id, title, description, thumbnail_url, is_public) VALUES (7, 3, '플리3_1', 'desc3_1', '/img/profileImg.png', 1);
INSERT INTO playlist(id, user_id, title, description, thumbnail_url, is_public) VALUES (8, 3, '플리3_2', 'desc3_2', '/img/profileImg.png', 1);
INSERT INTO playlist(id, user_id, title, description, thumbnail_url, is_public) VALUES (9, 3, '플리3_3', 'desc3_3', '/img/profileImg.png', 1);
INSERT INTO playlist(id, user_id, title, description, thumbnail_url, is_public) VALUES (10, 4, '플리4_1', 'desc4_1', '/img/profileImg.png', 1);
INSERT INTO playlist(id, user_id, title, description, thumbnail_url, is_public) VALUES (11, 4, '플리4_2', 'desc4_2', '/img/profileImg.png', 1);
INSERT INTO playlist(id, user_id, title, description, thumbnail_url, is_public) VALUES (12, 4, '플리4_3', 'desc4_3', '/img/profileImg.png', 1);
INSERT INTO playlist(id, user_id, title, description, thumbnail_url, is_public) VALUES (13, 5, '플리5_1', 'desc5_1', '/img/profileImg.png', 1);
INSERT INTO playlist(id, user_id, title, description, thumbnail_url, is_public) VALUES (14, 5, '플리5_2', 'desc5_2', '/img/profileImg.png', 1);
INSERT INTO playlist(id, user_id, title, description, thumbnail_url, is_public) VALUES (15, 5, '플리5_3', 'desc5_3', '/img/profileImg.png', 1);
INSERT INTO playlist(id, user_id, title, description, thumbnail_url, is_public) VALUES (16, 6, '플리6_1', 'desc6_1', '/img/profileImg.png', 1);
INSERT INTO playlist(id, user_id, title, description, thumbnail_url, is_public) VALUES (17, 6, '플리6_2', 'desc6_2', '/img/profileImg.png', 1);
INSERT INTO playlist(id, user_id, title, description, thumbnail_url, is_public) VALUES (18, 6, '플리6_3', 'desc6_3', '/img/profileImg.png', 1);
INSERT INTO playlist(id, user_id, title, description, thumbnail_url, is_public) VALUES (19, 7, '플리7_1', 'desc7_1', '/img/profileImg.png', 1);
INSERT INTO playlist(id, user_id, title, description, thumbnail_url, is_public) VALUES (20, 7, '플리7_2', 'desc7_2', '/img/profileImg.png', 1);
INSERT INTO playlist(id, user_id, title, description, thumbnail_url, is_public) VALUES (21, 7, '플리7_3', 'desc7_3', '/img/profileImg.png', 1);
INSERT INTO playlist(id, user_id, title, description, thumbnail_url, is_public) VALUES (22, 8, '플리8_1', 'desc8_1', '/img/profileImg.png', 1);
INSERT INTO playlist(id, user_id, title, description, thumbnail_url, is_public) VALUES (23, 8, '플리8_2', 'desc8_2', '/img/profileImg.png', 1);
INSERT INTO playlist(id, user_id, title, description, thumbnail_url, is_public) VALUES (24, 8, '플리8_3', 'desc8_3', '/img/profileImg.png', 1);
INSERT INTO playlist(id, user_id, title, description, thumbnail_url, is_public) VALUES (25, 9, '플리9_1', 'desc9_1', '/img/profileImg.png', 1);
INSERT INTO playlist(id, user_id, title, description, thumbnail_url, is_public) VALUES (26, 9, '플리9_2', 'desc9_2', '/img/profileImg.png', 1);
INSERT INTO playlist(id, user_id, title, description, thumbnail_url, is_public) VALUES (27, 9, '플리9_3', 'desc9_3', '/img/profileImg.png', 1);
INSERT INTO playlist(id, user_id, title, description, thumbnail_url, is_public) VALUES (28, 10, '플리10_1', 'desc10_1', '/img/profileImg.png', 1);
INSERT INTO playlist(id, user_id, title, description, thumbnail_url, is_public) VALUES (29, 10, '플리10_2', 'desc10_2', '/img/profileImg.png', 1);
INSERT INTO playlist(id, user_id, title, description, thumbnail_url, is_public) VALUES (30, 10, '플리10_3', 'desc10_3', '/img/profileImg.png', 1);
INSERT INTO playlist(id, user_id, title, description, thumbnail_url, is_public) VALUES (31, 11, '플리11_1', 'desc11_1', '/img/profileImg.png', 1);
INSERT INTO playlist(id, user_id, title, description, thumbnail_url, is_public) VALUES (32, 11, '플리11_2', 'desc11_2', '/img/profileImg.png', 1);
INSERT INTO playlist(id, user_id, title, description, thumbnail_url, is_public) VALUES (33, 11, '플리11_3', 'desc11_3', '/img/profileImg.png', 1);
INSERT INTO playlist(id, user_id, title, description, thumbnail_url, is_public) VALUES (34, 12, '플리12_1', 'desc12_1', '/img/profileImg.png', 1);
INSERT INTO playlist(id, user_id, title, description, thumbnail_url, is_public) VALUES (35, 12, '플리12_2', 'desc12_2', '/img/profileImg.png', 1);
INSERT INTO playlist(id, user_id, title, description, thumbnail_url, is_public) VALUES (36, 12, '플리12_3', 'desc12_3', '/img/profileImg.png', 1);
INSERT INTO playlist(id, user_id, title, description, thumbnail_url, is_public) VALUES (37, 13, '플리13_1', 'desc13_1', '/img/profileImg.png', 1);
INSERT INTO playlist(id, user_id, title, description, thumbnail_url, is_public) VALUES (38, 13, '플리13_2', 'desc13_2', '/img/profileImg.png', 1);
INSERT INTO playlist(id, user_id, title, description, thumbnail_url, is_public) VALUES (39, 13, '플리13_3', 'desc13_3', '/img/profileImg.png', 1);
INSERT INTO playlist(id, user_id, title, description, thumbnail_url, is_public) VALUES (40, 14, '플리14_1', 'desc14_1', '/img/profileImg.png', 1);
INSERT INTO playlist(id, user_id, title, description, thumbnail_url, is_public) VALUES (41, 14, '플리14_2', 'desc14_2', '/img/profileImg.png', 1);
INSERT INTO playlist(id, user_id, title, description, thumbnail_url, is_public) VALUES (42, 14, '플리14_3', 'desc14_3', '/img/profileImg.png', 1);
INSERT INTO playlist(id, user_id, title, description, thumbnail_url, is_public) VALUES (43, 15, '플리15_1', 'desc15_1', '/img/profileImg.png', 1);
INSERT INTO playlist(id, user_id, title, description, thumbnail_url, is_public) VALUES (44, 15, '플리15_2', 'desc15_2', '/img/profileImg.png', 1);
INSERT INTO playlist(id, user_id, title, description, thumbnail_url, is_public) VALUES (45, 15, '플리15_3', 'desc15_3', '/img/profileImg.png', 1);
INSERT INTO playlist(id, user_id, title, description, thumbnail_url, is_public) VALUES (46, 16, '플리16_1', 'desc16_1', '/img/profileImg.png', 1);
INSERT INTO playlist(id, user_id, title, description, thumbnail_url, is_public) VALUES (47, 16, '플리16_2', 'desc16_2', '/img/profileImg.png', 1);
INSERT INTO playlist(id, user_id, title, description, thumbnail_url, is_public) VALUES (48, 16, '플리16_3', 'desc16_3', '/img/profileImg.png', 1);
INSERT INTO playlist(id, user_id, title, description, thumbnail_url, is_public) VALUES (49, 17, '플리17_1', 'desc17_1', '/img/profileImg.png', 1);
INSERT INTO playlist(id, user_id, title, description, thumbnail_url, is_public) VALUES (50, 17, '플리17_2', 'desc17_2', '/img/profileImg.png', 1);
INSERT INTO playlist(id, user_id, title, description, thumbnail_url, is_public) VALUES (51, 17, '플리17_3', 'desc17_3', '/img/profileImg.png', 1);
INSERT INTO playlist(id, user_id, title, description, thumbnail_url, is_public) VALUES (52, 18, '플리18_1', 'desc18_1', '/img/profileImg.png', 1);
INSERT INTO playlist(id, user_id, title, description, thumbnail_url, is_public) VALUES (53, 18, '플리18_2', 'desc18_2', '/img/profileImg.png', 1);
INSERT INTO playlist(id, user_id, title, description, thumbnail_url, is_public) VALUES (54, 18, '플리18_3', 'desc18_3', '/img/profileImg.png', 1);
INSERT INTO playlist(id, user_id, title, description, thumbnail_url, is_public) VALUES (55, 19, '플리19_1', 'desc19_1', '/img/profileImg.png', 1);
INSERT INTO playlist(id, user_id, title, description, thumbnail_url, is_public) VALUES (56, 19, '플리19_2', 'desc19_2', '/img/profileImg.png', 1);
INSERT INTO playlist(id, user_id, title, description, thumbnail_url, is_public) VALUES (57, 19, '플리19_3', 'desc19_3', '/img/profileImg.png', 1);
INSERT INTO playlist(id, user_id, title, description, thumbnail_url, is_public) VALUES (58, 20, '플리20_1', 'desc20_1', '/img/profileImg.png', 1);
INSERT INTO playlist(id, user_id, title, description, thumbnail_url, is_public) VALUES (59, 20, '플리20_2', 'desc20_2', '/img/profileImg.png', 1);
INSERT INTO playlist(id, user_id, title, description, thumbnail_url, is_public) VALUES (60, 20, '플리20_3', 'desc20_3', '/img/profileImg.png', 1);
INSERT INTO playlist(id, user_id, title, description, thumbnail_url, is_public) VALUES (61, 21, '플리21_1', 'desc21_1', '/img/profileImg.png', 1);
INSERT INTO playlist(id, user_id, title, description, thumbnail_url, is_public) VALUES (62, 21, '플리21_2', 'desc21_2', '/img/profileImg.png', 1);
INSERT INTO playlist(id, user_id, title, description, thumbnail_url, is_public) VALUES (63, 21, '플리21_3', 'desc21_3', '/img/profileImg.png', 1);
INSERT INTO playlist(id, user_id, title, description, thumbnail_url, is_public) VALUES (64, 22, '플리22_1', 'desc22_1', '/img/profileImg.png', 1);
INSERT INTO playlist(id, user_id, title, description, thumbnail_url, is_public) VALUES (65, 22, '플리22_2', 'desc22_2', '/img/profileImg.png', 1);
INSERT INTO playlist(id, user_id, title, description, thumbnail_url, is_public) VALUES (66, 22, '플리22_3', 'desc22_3', '/img/profileImg.png', 1);
INSERT INTO playlist(id, user_id, title, description, thumbnail_url, is_public) VALUES (67, 23, '플리23_1', 'desc23_1', '/img/profileImg.png', 1);
INSERT INTO playlist(id, user_id, title, description, thumbnail_url, is_public) VALUES (68, 23, '플리23_2', 'desc23_2', '/img/profileImg.png', 1);
INSERT INTO playlist(id, user_id, title, description, thumbnail_url, is_public) VALUES (69, 23, '플리23_3', 'desc23_3', '/img/profileImg.png', 1);
INSERT INTO playlist(id, user_id, title, description, thumbnail_url, is_public) VALUES (70, 24, '플리24_1', 'desc24_1', '/img/profileImg.png', 1);
INSERT INTO playlist(id, user_id, title, description, thumbnail_url, is_public) VALUES (71, 24, '플리24_2', 'desc24_2', '/img/profileImg.png', 1);
INSERT INTO playlist(id, user_id, title, description, thumbnail_url, is_public) VALUES (72, 24, '플리24_3', 'desc24_3', '/img/profileImg.png', 1);
INSERT INTO playlist(id, user_id, title, description, thumbnail_url, is_public) VALUES (73, 25, '플리25_1', 'desc25_1', '/img/profileImg.png', 1);
INSERT INTO playlist(id, user_id, title, description, thumbnail_url, is_public) VALUES (74, 25, '플리25_2', 'desc25_2', '/img/profileImg.png', 1);
INSERT INTO playlist(id, user_id, title, description, thumbnail_url, is_public) VALUES (75, 25, '플리25_3', 'desc25_3', '/img/profileImg.png', 1);
INSERT INTO playlist(id, user_id, title, description, thumbnail_url, is_public) VALUES (76, 26, '플리26_1', 'desc26_1', '/img/profileImg.png', 1);
INSERT INTO playlist(id, user_id, title, description, thumbnail_url, is_public) VALUES (77, 26, '플리26_2', 'desc26_2', '/img/profileImg.png', 1);
INSERT INTO playlist(id, user_id, title, description, thumbnail_url, is_public) VALUES (78, 26, '플리26_3', 'desc26_3', '/img/profileImg.png', 1);
INSERT INTO playlist(id, user_id, title, description, thumbnail_url, is_public) VALUES (79, 27, '플리27_1', 'desc27_1', '/img/profileImg.png', 1);
INSERT INTO playlist(id, user_id, title, description, thumbnail_url, is_public) VALUES (80, 27, '플리27_2', 'desc27_2', '/img/profileImg.png', 1);
INSERT INTO playlist(id, user_id, title, description, thumbnail_url, is_public) VALUES (81, 27, '플리27_3', 'desc27_3', '/img/profileImg.png', 1);
INSERT INTO playlist(id, user_id, title, description, thumbnail_url, is_public) VALUES (82, 28, '플리28_1', 'desc28_1', '/img/profileImg.png', 1);
INSERT INTO playlist(id, user_id, title, description, thumbnail_url, is_public) VALUES (83, 28, '플리28_2', 'desc28_2', '/img/profileImg.png', 1);
INSERT INTO playlist(id, user_id, title, description, thumbnail_url, is_public) VALUES (84, 28, '플리28_3', 'desc28_3', '/img/profileImg.png', 1);
INSERT INTO playlist(id, user_id, title, description, thumbnail_url, is_public) VALUES (85, 29, '플리29_1', 'desc29_1', '/img/profileImg.png', 1);
INSERT INTO playlist(id, user_id, title, description, thumbnail_url, is_public) VALUES (86, 29, '플리29_2', 'desc29_2', '/img/profileImg.png', 1);
INSERT INTO playlist(id, user_id, title, description, thumbnail_url, is_public) VALUES (87, 29, '플리29_3', 'desc29_3', '/img/profileImg.png', 1);
INSERT INTO playlist(id, user_id, title, description, thumbnail_url, is_public) VALUES (88, 30, '플리30_1', 'desc30_1', '/img/profileImg.png', 1);
INSERT INTO playlist(id, user_id, title, description, thumbnail_url, is_public) VALUES (89, 30, '플리30_2', 'desc30_2', '/img/profileImg.png', 1);
INSERT INTO playlist(id, user_id, title, description, thumbnail_url, is_public) VALUES (90, 30, '플리30_3', 'desc30_3', '/img/profileImg.png', 1);
INSERT INTO playlist(id, user_id, title, description, thumbnail_url, is_public) VALUES (91, 31, '플리31_1', 'desc31_1', '/img/profileImg.png', 1);
INSERT INTO playlist(id, user_id, title, description, thumbnail_url, is_public) VALUES (92, 31, '플리31_2', 'desc31_2', '/img/profileImg.png', 1);
INSERT INTO playlist(id, user_id, title, description, thumbnail_url, is_public) VALUES (93, 31, '플리31_3', 'desc31_3', '/img/profileImg.png', 1);
INSERT INTO playlist(id, user_id, title, description, thumbnail_url, is_public) VALUES (94, 32, '플리32_1', 'desc32_1', '/img/profileImg.png', 1);
INSERT INTO playlist(id, user_id, title, description, thumbnail_url, is_public) VALUES (95, 32, '플리32_2', 'desc32_2', '/img/profileImg.png', 1);
INSERT INTO playlist(id, user_id, title, description, thumbnail_url, is_public) VALUES (96, 32, '플리32_3', 'desc32_3', '/img/profileImg.png', 1);
INSERT INTO playlist(id, user_id, title, description, thumbnail_url, is_public) VALUES (97, 33, '플리33_1', 'desc33_1', '/img/profileImg.png', 1);
INSERT INTO playlist(id, user_id, title, description, thumbnail_url, is_public) VALUES (98, 33, '플리33_2', 'desc33_2', '/img/profileImg.png', 1);
INSERT INTO playlist(id, user_id, title, description, thumbnail_url, is_public) VALUES (99, 33, '플리33_3', 'desc33_3', '/img/profileImg.png', 1);
INSERT INTO playlist(id, user_id, title, description, thumbnail_url, is_public) VALUES (100, 34, '플리34_1', 'desc34_1', '/img/profileImg.png', 1);
INSERT INTO playlist(id, user_id, title, description, thumbnail_url, is_public) VALUES (101, 34, '플리34_2', 'desc34_2', '/img/profileImg.png', 1);
INSERT INTO playlist(id, user_id, title, description, thumbnail_url, is_public) VALUES (102, 34, '플리34_3', 'desc34_3', '/img/profileImg.png', 1);
INSERT INTO playlist(id, user_id, title, description, thumbnail_url, is_public) VALUES (103, 35, '플리35_1', 'desc35_1', '/img/profileImg.png', 1);
INSERT INTO playlist(id, user_id, title, description, thumbnail_url, is_public) VALUES (104, 35, '플리35_2', 'desc35_2', '/img/profileImg.png', 1);
INSERT INTO playlist(id, user_id, title, description, thumbnail_url, is_public) VALUES (105, 35, '플리35_3', 'desc35_3', '/img/profileImg.png', 1);
INSERT INTO playlist(id, user_id, title, description, thumbnail_url, is_public) VALUES (106, 36, '플리36_1', 'desc36_1', '/img/profileImg.png', 1);
INSERT INTO playlist(id, user_id, title, description, thumbnail_url, is_public) VALUES (107, 36, '플리36_2', 'desc36_2', '/img/profileImg.png', 1);
INSERT INTO playlist(id, user_id, title, description, thumbnail_url, is_public) VALUES (108, 36, '플리36_3', 'desc36_3', '/img/profileImg.png', 1);
INSERT INTO playlist(id, user_id, title, description, thumbnail_url, is_public) VALUES (109, 37, '플리37_1', 'desc37_1', '/img/profileImg.png', 1);
INSERT INTO playlist(id, user_id, title, description, thumbnail_url, is_public) VALUES (110, 37, '플리37_2', 'desc37_2', '/img/profileImg.png', 1);
INSERT INTO playlist(id, user_id, title, description, thumbnail_url, is_public) VALUES (111, 37, '플리37_3', 'desc37_3', '/img/profileImg.png', 1);
INSERT INTO playlist(id, user_id, title, description, thumbnail_url, is_public) VALUES (112, 38, '플리38_1', 'desc38_1', '/img/profileImg.png', 1);
INSERT INTO playlist(id, user_id, title, description, thumbnail_url, is_public) VALUES (113, 38, '플리38_2', 'desc38_2', '/img/profileImg.png', 1);
INSERT INTO playlist(id, user_id, title, description, thumbnail_url, is_public) VALUES (114, 38, '플리38_3', 'desc38_3', '/img/profileImg.png', 1);
INSERT INTO playlist(id, user_id, title, description, thumbnail_url, is_public) VALUES (115, 39, '플리39_1', 'desc39_1', '/img/profileImg.png', 1);
INSERT INTO playlist(id, user_id, title, description, thumbnail_url, is_public) VALUES (116, 39, '플리39_2', 'desc39_2', '/img/profileImg.png', 1);
INSERT INTO playlist(id, user_id, title, description, thumbnail_url, is_public) VALUES (117, 39, '플리39_3', 'desc39_3', '/img/profileImg.png', 1);
INSERT INTO playlist(id, user_id, title, description, thumbnail_url, is_public) VALUES (118, 40, '플리40_1', 'desc40_1', '/img/profileImg.png', 1);
INSERT INTO playlist(id, user_id, title, description, thumbnail_url, is_public) VALUES (119, 40, '플리40_2', 'desc40_2', '/img/profileImg.png', 1);
INSERT INTO playlist(id, user_id, title, description, thumbnail_url, is_public) VALUES (120, 40, '플리40_3', 'desc40_3', '/img/profileImg.png', 1);
INSERT INTO playlist(id, user_id, title, description, thumbnail_url, is_public) VALUES (121, 41, '플리41_1', 'desc41_1', '/img/profileImg.png', 1);
INSERT INTO playlist(id, user_id, title, description, thumbnail_url, is_public) VALUES (122, 41, '플리41_2', 'desc41_2', '/img/profileImg.png', 1);
INSERT INTO playlist(id, user_id, title, description, thumbnail_url, is_public) VALUES (123, 41, '플리41_3', 'desc41_3', '/img/profileImg.png', 1);
INSERT INTO playlist(id, user_id, title, description, thumbnail_url, is_public) VALUES (124, 42, '플리42_1', 'desc42_1', '/img/profileImg.png', 1);
INSERT INTO playlist(id, user_id, title, description, thumbnail_url, is_public) VALUES (125, 42, '플리42_2', 'desc42_2', '/img/profileImg.png', 1);
INSERT INTO playlist(id, user_id, title, description, thumbnail_url, is_public) VALUES (126, 42, '플리42_3', 'desc42_3', '/img/profileImg.png', 1);
INSERT INTO playlist(id, user_id, title, description, thumbnail_url, is_public) VALUES (127, 43, '플리43_1', 'desc43_1', '/img/profileImg.png', 1);
INSERT INTO playlist(id, user_id, title, description, thumbnail_url, is_public) VALUES (128, 43, '플리43_2', 'desc43_2', '/img/profileImg.png', 1);
INSERT INTO playlist(id, user_id, title, description, thumbnail_url, is_public) VALUES (129, 43, '플리43_3', 'desc43_3', '/img/profileImg.png', 1);
INSERT INTO playlist(id, user_id, title, description, thumbnail_url, is_public) VALUES (130, 44, '플리44_1', 'desc44_1', '/img/profileImg.png', 1);
INSERT INTO playlist(id, user_id, title, description, thumbnail_url, is_public) VALUES (131, 44, '플리44_2', 'desc44_2', '/img/profileImg.png', 1);
INSERT INTO playlist(id, user_id, title, description, thumbnail_url, is_public) VALUES (132, 44, '플리44_3', 'desc44_3', '/img/profileImg.png', 1);
INSERT INTO playlist(id, user_id, title, description, thumbnail_url, is_public) VALUES (133, 45, '플리45_1', 'desc45_1', '/img/profileImg.png', 1);
INSERT INTO playlist(id, user_id, title, description, thumbnail_url, is_public) VALUES (134, 45, '플리45_2', 'desc45_2', '/img/profileImg.png', 1);
INSERT INTO playlist(id, user_id, title, description, thumbnail_url, is_public) VALUES (135, 45, '플리45_3', 'desc45_3', '/img/profileImg.png', 1);
INSERT INTO playlist(id, user_id, title, description, thumbnail_url, is_public) VALUES (136, 46, '플리46_1', 'desc46_1', '/img/profileImg.png', 1);
INSERT INTO playlist(id, user_id, title, description, thumbnail_url, is_public) VALUES (137, 46, '플리46_2', 'desc46_2', '/img/profileImg.png', 1);
INSERT INTO playlist(id, user_id, title, description, thumbnail_url, is_public) VALUES (138, 46, '플리46_3', 'desc46_3', '/img/profileImg.png', 1);
INSERT INTO playlist(id, user_id, title, description, thumbnail_url, is_public) VALUES (139, 47, '플리47_1', 'desc47_1', '/img/profileImg.png', 1);
INSERT INTO playlist(id, user_id, title, description, thumbnail_url, is_public) VALUES (140, 47, '플리47_2', 'desc47_2', '/img/profileImg.png', 1);
INSERT INTO playlist(id, user_id, title, description, thumbnail_url, is_public) VALUES (141, 47, '플리47_3', 'desc47_3', '/img/profileImg.png', 1);
INSERT INTO playlist(id, user_id, title, description, thumbnail_url, is_public) VALUES (142, 48, '플리48_1', 'desc48_1', '/img/profileImg.png', 1);
INSERT INTO playlist(id, user_id, title, description, thumbnail_url, is_public) VALUES (143, 48, '플리48_2', 'desc48_2', '/img/profileImg.png', 1);
INSERT INTO playlist(id, user_id, title, description, thumbnail_url, is_public) VALUES (144, 48, '플리48_3', 'desc48_3', '/img/profileImg.png', 1);
INSERT INTO playlist(id, user_id, title, description, thumbnail_url, is_public) VALUES (145, 49, '플리49_1', 'desc49_1', '/img/profileImg.png', 1);
INSERT INTO playlist(id, user_id, title, description, thumbnail_url, is_public) VALUES (146, 49, '플리49_2', 'desc49_2', '/img/profileImg.png', 1);
INSERT INTO playlist(id, user_id, title, description, thumbnail_url, is_public) VALUES (147, 49, '플리49_3', 'desc49_3', '/img/profileImg.png', 1);
INSERT INTO playlist(id, user_id, title, description, thumbnail_url, is_public) VALUES (148, 50, '플리50_1', 'desc50_1', '/img/profileImg.png', 1);
INSERT INTO playlist(id, user_id, title, description, thumbnail_url, is_public) VALUES (149, 50, '플리50_2', 'desc50_2', '/img/profileImg.png', 1);
INSERT INTO playlist(id, user_id, title, description, thumbnail_url, is_public) VALUES (150, 50, '플리50_3', 'desc50_3', '/img/profileImg.png', 1);
INSERT INTO playlist_detail(playlist_id, track_id, order_no) VALUES (1, '7JXZq0JgG2zTrSOAgY8VMC', 1);
INSERT INTO playlist_detail(playlist_id, track_id, order_no) VALUES (1, '21qPw0CUs61qIHogIlXWSV', 2);
INSERT INTO playlist_detail(playlist_id, track_id, order_no) VALUES (1, '7dLtUiDlZBpd9C18BOqfJT', 3);
INSERT INTO playlist_detail(playlist_id, track_id, order_no) VALUES (2, '5Ggfa9cpkpfp5D6Rg0Yyw1', 1);
INSERT INTO playlist_detail(playlist_id, track_id, order_no) VALUES (2, '1ImRS2KtSaDZcj9vQTxwFA', 2);
INSERT INTO playlist_detail(playlist_id, track_id, order_no) VALUES (2, '7fBv7CLKzipRk6EC6TWHOB', 3);
INSERT INTO playlist_detail(playlist_id, track_id, order_no) VALUES (3, '1aQjCPrIvQm5cfY7FhAOhq', 1);
INSERT INTO playlist_detail(playlist_id, track_id, order_no) VALUES (3, '3KyKxJ4P3pVCgaZwaq2rUC', 2);
INSERT INTO playlist_detail(playlist_id, track_id, order_no) VALUES (3, '1yeB8MUNeLo9Ek1UEpsyz6', 3);
INSERT INTO playlist_detail(playlist_id, track_id, order_no) VALUES (4, '1I7C8U5MLwQtn7qOl38hFI', 1);
INSERT INTO playlist_detail(playlist_id, track_id, order_no) VALUES (4, '4FIgHqXd4KkOwxrGeLDYM2', 2);
INSERT INTO playlist_detail(playlist_id, track_id, order_no) VALUES (4, '0wzPHTgOtFIDhk2rD3Au4x', 3);
INSERT INTO playlist_detail(playlist_id, track_id, order_no) VALUES (5, '4iSiRU5nGU7EP5TbkEEcsj', 1);
INSERT INTO playlist_detail(playlist_id, track_id, order_no) VALUES (5, '6L2krdgbmcdsFX9unFWv5d', 2);
INSERT INTO playlist_detail(playlist_id, track_id, order_no) VALUES (5, '3BE3IYsAhqkTiRIR7T7x7M', 3);
INSERT INTO playlist_detail(playlist_id, track_id, order_no) VALUES (6, '210JJAa9nJOgNa0YNrsT5g', 1);
INSERT INTO playlist_detail(playlist_id, track_id, order_no) VALUES (6, '7wPTyxE1PNemZuyuOOaQ8q', 2);
INSERT INTO playlist_detail(playlist_id, track_id, order_no) VALUES (6, '7cJm6ENCOTONwAMBPN1U9r', 3);
INSERT INTO playlist_detail(playlist_id, track_id, order_no) VALUES (7, '2T9O6E83LKAWNAs4FD4TqD', 1);
INSERT INTO playlist_detail(playlist_id, track_id, order_no) VALUES (7, '0TieB6yzsEcyS85grL6MRv', 2);
INSERT INTO playlist_detail(playlist_id, track_id, order_no) VALUES (7, '5n03LAVixLBSDcSo0UMhc1', 3);
INSERT INTO playlist_detail(playlist_id, track_id, order_no) VALUES (8, '1C7KSXR2GVxknex6I4ANco', 1);
INSERT INTO playlist_detail(playlist_id, track_id, order_no) VALUES (8, '5594ru3efvd674gEeSaJYU', 2);
INSERT INTO playlist_detail(playlist_id, track_id, order_no) VALUES (8, '7oEfuMrKMK9WXx1dXyv6em', 3);
INSERT INTO playlist_detail(playlist_id, track_id, order_no) VALUES (9, '3eh51r6rFWAlGQRlHx9QnQ', 1);
INSERT INTO playlist_detail(playlist_id, track_id, order_no) VALUES (9, '2BcMwX1MPV6ZHP4tUT9uq6', 2);
INSERT INTO playlist_detail(playlist_id, track_id, order_no) VALUES (9, '6YDzHGpFbJS8JlwxnBpbkX', 3);
INSERT INTO playlist_detail(playlist_id, track_id, order_no) VALUES (10, '3vJcz8exedHCjQ9ed95NqU', 1);
INSERT INTO playlist_detail(playlist_id, track_id, order_no) VALUES (10, '4YS0JF9kSLe15ggwOQqQit', 2);
INSERT INTO playlist_detail(playlist_id, track_id, order_no) VALUES (10, '4iYX8fLOdOWd5lGGr7U4gc', 3);
INSERT INTO playlist_detail(playlist_id, track_id, order_no) VALUES (11, '4c2xt1trwYZpMqPWY35Xi9', 1);
INSERT INTO playlist_detail(playlist_id, track_id, order_no) VALUES (11, '0dkB3lhbWvyCq7nQTMokQ0', 2);
INSERT INTO playlist_detail(playlist_id, track_id, order_no) VALUES (11, '6a4GH1gljLL7VvmO9u5O92', 3);
INSERT INTO playlist_detail(playlist_id, track_id, order_no) VALUES (12, '3RaCGXCiiMufRPoexXxGkV', 1);
INSERT INTO playlist_detail(playlist_id, track_id, order_no) VALUES (12, '3Xz0rSC29WbaobyJQfeYsp', 2);
INSERT INTO playlist_detail(playlist_id, track_id, order_no) VALUES (12, '2R30S0W4JCM9JaQWlpmeWn', 3);
INSERT INTO playlist_detail(playlist_id, track_id, order_no) VALUES (13, '3IHt4j5uAEl7iBu8Utn985', 1);
INSERT INTO playlist_detail(playlist_id, track_id, order_no) VALUES (13, '1kNdtonJXHorsVpWerK8C2', 2);
INSERT INTO playlist_detail(playlist_id, track_id, order_no) VALUES (13, '1JdqLu74P8HXiie7i8e0ks', 3);
INSERT INTO playlist_detail(playlist_id, track_id, order_no) VALUES (14, '1aQjCPrIvQm5cfY7FhAOhq', 1);
INSERT INTO playlist_detail(playlist_id, track_id, order_no) VALUES (14, '69dF0bCa5X3sMQatT3vW31', 2);
INSERT INTO playlist_detail(playlist_id, track_id, order_no) VALUES (14, '2aEaejrhOecAdVvifXidcm', 3);
INSERT INTO playlist_detail(playlist_id, track_id, order_no) VALUES (15, '7oSjDQf4kkFTxWWgdrgy3h', 1);
INSERT INTO playlist_detail(playlist_id, track_id, order_no) VALUES (15, '5PjyQ1UDDAT4mIiTYI320C', 2);
INSERT INTO playlist_detail(playlist_id, track_id, order_no) VALUES (15, '0kN8xEmgMW9mh7UmDYHlJP', 3);
INSERT INTO playlist_detail(playlist_id, track_id, order_no) VALUES (16, '2yD6jt9CQQApZc9MAVHeJn', 1);
INSERT INTO playlist_detail(playlist_id, track_id, order_no) VALUES (16, '6hHKFReuQR9VQp39ev43wY', 2);
INSERT INTO playlist_detail(playlist_id, track_id, order_no) VALUES (16, '50ceCGZ3oD3U5caQV5bP6f', 3);
INSERT INTO playlist_detail(playlist_id, track_id, order_no) VALUES (17, '27GmP9AWRs744SzKcpJsTZ', 1);
INSERT INTO playlist_detail(playlist_id, track_id, order_no) VALUES (17, '3k7FTBQkstaBcYHamx9jqe', 2);
INSERT INTO playlist_detail(playlist_id, track_id, order_no) VALUES (17, '1us5wNgZc0YLT8RQQs2Q7L', 3);
INSERT INTO playlist_detail(playlist_id, track_id, order_no) VALUES (18, '2OWXH98HPXFR7uelLTVF8y', 1);
INSERT INTO playlist_detail(playlist_id, track_id, order_no) VALUES (18, '0MHStU0muAIEMbwdnebYu2', 2);
INSERT INTO playlist_detail(playlist_id, track_id, order_no) VALUES (18, '6i5fDaCzwxRrZtuvvcqoIf', 3);
INSERT INTO playlist_detail(playlist_id, track_id, order_no) VALUES (19, '0nAZGkBGKQCXyaoSJfRhC1', 1);
INSERT INTO playlist_detail(playlist_id, track_id, order_no) VALUES (19, '0wwPcA6wtMf6HUMpIRdeP7', 2);
INSERT INTO playlist_detail(playlist_id, track_id, order_no) VALUES (19, '1IIW2rIolLy3kJpx4QOJRN', 3);
INSERT INTO playlist_detail(playlist_id, track_id, order_no) VALUES (20, '3weHnt82LuCTMa2AnZFM78', 1);
INSERT INTO playlist_detail(playlist_id, track_id, order_no) VALUES (20, '5Psnhdkyanjpgc2P8A5TSM', 2);
INSERT INTO playlist_detail(playlist_id, track_id, order_no) VALUES (20, '7yJktKsS9pNnEpwZWTdX5C', 3);
INSERT INTO playlist_detail(playlist_id, track_id, order_no) VALUES (21, '7anfnzisBo4Kvw625EwMLY', 1);
INSERT INTO playlist_detail(playlist_id, track_id, order_no) VALUES (21, '79XrkTOfV1AqySNjVlygpW', 2);
INSERT INTO playlist_detail(playlist_id, track_id, order_no) VALUES (21, '7DrZotCVwheRlevj6tJDxZ', 3);
INSERT INTO playlist_detail(playlist_id, track_id, order_no) VALUES (22, '2GunxLIF4vI2rV218VktP6', 1);
INSERT INTO playlist_detail(playlist_id, track_id, order_no) VALUES (22, '0KqCs7XM8rsaRg9Kv8PbUa', 2);
INSERT INTO playlist_detail(playlist_id, track_id, order_no) VALUES (22, '4BhGTc3Cgay2U1QcTS7vQe', 3);
INSERT INTO playlist_detail(playlist_id, track_id, order_no) VALUES (23, '1cdbkpZ3q1KYZDNSrOpdkb', 1);
INSERT INTO playlist_detail(playlist_id, track_id, order_no) VALUES (23, '0OPx1iz5ElDOcryHdwWfce', 2);
INSERT INTO playlist_detail(playlist_id, track_id, order_no) VALUES (23, '5594ru3efvd674gEeSaJYU', 3);
INSERT INTO playlist_detail(playlist_id, track_id, order_no) VALUES (24, '28tufPkTcXmdNqTvi9hsoG', 1);
INSERT INTO playlist_detail(playlist_id, track_id, order_no) VALUES (24, '7zoCEGc64EHQiCtpOgxnrT', 2);
INSERT INTO playlist_detail(playlist_id, track_id, order_no) VALUES (24, '1mhVXWduD8ReDwusfaHNwU', 3);
INSERT INTO playlist_detail(playlist_id, track_id, order_no) VALUES (25, '3eP13S8D5m2cweMEg3ZDed', 1);
INSERT INTO playlist_detail(playlist_id, track_id, order_no) VALUES (25, '44uutxt81rrT9V9vsK32FN', 2);
INSERT INTO playlist_detail(playlist_id, track_id, order_no) VALUES (25, '0Mrnt1YqVuW2bqmwu4VxDt', 3);
INSERT INTO playlist_detail(playlist_id, track_id, order_no) VALUES (26, '4bHdoeTBtVCSgu87hTP17c', 1);
INSERT INTO playlist_detail(playlist_id, track_id, order_no) VALUES (26, '5Ermk04tSk2Z7mfVDcP6EG', 2);
INSERT INTO playlist_detail(playlist_id, track_id, order_no) VALUES (26, '0mBKv9DkYfQHjdMcw2jdyI', 3);
INSERT INTO playlist_detail(playlist_id, track_id, order_no) VALUES (27, '4VAsrWzd1MZbRdKzf35K4U', 1);
INSERT INTO playlist_detail(playlist_id, track_id, order_no) VALUES (27, '2DSy4HfDQoBsPPcRSoeM16', 2);
INSERT INTO playlist_detail(playlist_id, track_id, order_no) VALUES (27, '4WZZeEjRqC4tV8rFljQzEo', 3);
INSERT INTO playlist_detail(playlist_id, track_id, order_no) VALUES (28, '4EDijkJdHBZZ0GwJ12iTAj', 1);
INSERT INTO playlist_detail(playlist_id, track_id, order_no) VALUES (28, '2T0cn0hvGrG8vqqB8sK4zX', 2);
INSERT INTO playlist_detail(playlist_id, track_id, order_no) VALUES (28, '1Sj81sMg37Hd4omn7Ow2qR', 3);
INSERT INTO playlist_detail(playlist_id, track_id, order_no) VALUES (29, '3gj1hwjku4JaoamjJVqIIl', 1);
INSERT INTO playlist_detail(playlist_id, track_id, order_no) VALUES (29, '0Nwar8rweBUyfyuoyjjUvk', 2);
INSERT INTO playlist_detail(playlist_id, track_id, order_no) VALUES (29, '3Tjupe9BJ6gfGbQIgtmrMX', 3);
INSERT INTO playlist_detail(playlist_id, track_id, order_no) VALUES (30, '39PgM7eFpkCYFENXgdFQnG', 1);
INSERT INTO playlist_detail(playlist_id, track_id, order_no) VALUES (30, '0u24lLekIGJ0CifIrHdD8N', 2);
INSERT INTO playlist_detail(playlist_id, track_id, order_no) VALUES (30, '3kOtREqmcGaEA2KhqffFnw', 3);
INSERT INTO playlist_detail(playlist_id, track_id, order_no) VALUES (31, '06Ai7l5EODiJQ6dMFfh2Vj', 1);
INSERT INTO playlist_detail(playlist_id, track_id, order_no) VALUES (31, '4mU5iXHeLgbR94siF7p1sY', 2);
INSERT INTO playlist_detail(playlist_id, track_id, order_no) VALUES (31, '4RI9eX7jNcdaQOJifn7t6z', 3);
INSERT INTO playlist_detail(playlist_id, track_id, order_no) VALUES (32, '2rtvBPl6YXick3vbPBnDF4', 1);
INSERT INTO playlist_detail(playlist_id, track_id, order_no) VALUES (32, '19D8LNpWwIPpi6hs9BG7dq', 2);
INSERT INTO playlist_detail(playlist_id, track_id, order_no) VALUES (32, '5MKacSdARIq0fCf9BQNKNq', 3);
INSERT INTO playlist_detail(playlist_id, track_id, order_no) VALUES (33, '5mPSyjLatqB00IkPqRlbTE', 1);
INSERT INTO playlist_detail(playlist_id, track_id, order_no) VALUES (33, '1I2MEjnS9c4OPMnKWbIuYs', 2);
INSERT INTO playlist_detail(playlist_id, track_id, order_no) VALUES (33, '717s9KFmHhyy5t3xkStS56', 3);
INSERT INTO playlist_detail(playlist_id, track_id, order_no) VALUES (34, '2YI8oiiImLkZvVgP33xrjD', 1);
INSERT INTO playlist_detail(playlist_id, track_id, order_no) VALUES (34, '1dLDAay6eB0CWDus6V5TcY', 2);
INSERT INTO playlist_detail(playlist_id, track_id, order_no) VALUES (34, '6bh0MGGMNKeyjN8yWkImVQ', 3);
INSERT INTO playlist_detail(playlist_id, track_id, order_no) VALUES (35, '5LByxLn1X1Q9vr0xa4ZLYf', 1);
INSERT INTO playlist_detail(playlist_id, track_id, order_no) VALUES (35, '0Wc5M4FK9Md0ZfMm6suCRN', 2);
INSERT INTO playlist_detail(playlist_id, track_id, order_no) VALUES (35, '3KyKxJ4P3pVCgaZwaq2rUC', 3);
INSERT INTO playlist_detail(playlist_id, track_id, order_no) VALUES (36, '5eWcGfUCrVFMoYskyfkEPE', 1);
INSERT INTO playlist_detail(playlist_id, track_id, order_no) VALUES (36, '716nouwS8Bg17xgo5Sj4Th', 2);
INSERT INTO playlist_detail(playlist_id, track_id, order_no) VALUES (36, '7qmvLmX9tyaTiBAVNI6YEn', 3);
INSERT INTO playlist_detail(playlist_id, track_id, order_no) VALUES (37, '6jdOi5U5LBzQrc4c1VT983', 1);
INSERT INTO playlist_detail(playlist_id, track_id, order_no) VALUES (37, '7bi5vk9KoY6Flkat31ViYD', 2);
INSERT INTO playlist_detail(playlist_id, track_id, order_no) VALUES (37, '5L3ecxQnQ9qTBmnLQiwf0C', 3);
INSERT INTO playlist_detail(playlist_id, track_id, order_no) VALUES (38, '716nouwS8Bg17xgo5Sj4Th', 1);
INSERT INTO playlist_detail(playlist_id, track_id, order_no) VALUES (38, '4Msr8L0gHGDsLSBlk7pSPU', 2);
INSERT INTO playlist_detail(playlist_id, track_id, order_no) VALUES (38, '1HnhCD1u0c4dHSMazmWGyM', 3);
INSERT INTO playlist_detail(playlist_id, track_id, order_no) VALUES (39, '5NFYuqu8V6QXc6mzcLImd6', 1);
INSERT INTO playlist_detail(playlist_id, track_id, order_no) VALUES (39, '2mgzUVvDpb1zMSB4glLQ6T', 2);
INSERT INTO playlist_detail(playlist_id, track_id, order_no) VALUES (39, '3dbLT62Cvs46Ju7a8gpr36', 3);
INSERT INTO playlist_detail(playlist_id, track_id, order_no) VALUES (40, '5UJshy5HDHdNEVqlJwzsQB', 1);
INSERT INTO playlist_detail(playlist_id, track_id, order_no) VALUES (40, '34QlcZ3BZxRrZh4x3jMm1A', 2);
INSERT INTO playlist_detail(playlist_id, track_id, order_no) VALUES (40, '7rVmzyFA7f4rNGl9onF21E', 3);
INSERT INTO playlist_detail(playlist_id, track_id, order_no) VALUES (41, '5c5FujzDDLo3XYss4OO3hi', 1);
INSERT INTO playlist_detail(playlist_id, track_id, order_no) VALUES (41, '4GjPsuW89QcC2RDFX3upTV', 2);
INSERT INTO playlist_detail(playlist_id, track_id, order_no) VALUES (41, '12d5QFwzh60IIHlsSnAvps', 3);
INSERT INTO playlist_detail(playlist_id, track_id, order_no) VALUES (42, '4Msr8L0gHGDsLSBlk7pSPU', 1);
INSERT INTO playlist_detail(playlist_id, track_id, order_no) VALUES (42, '1X1BT1SyKnzrvsjao6R5wN', 2);
INSERT INTO playlist_detail(playlist_id, track_id, order_no) VALUES (42, '2XlHu0HcujBCkWMdIAvrqt', 3);
INSERT INTO playlist_detail(playlist_id, track_id, order_no) VALUES (43, '6UgxOrbHWJeqHvh0ost7Aa', 1);
INSERT INTO playlist_detail(playlist_id, track_id, order_no) VALUES (43, '2EVbppK8oLZrQaYNDekaMQ', 2);
INSERT INTO playlist_detail(playlist_id, track_id, order_no) VALUES (43, '5bMHrigI1EAmZdiyRzKoQi', 3);
INSERT INTO playlist_detail(playlist_id, track_id, order_no) VALUES (44, '1OHoBC4icbuNhpSxP400sv', 1);
INSERT INTO playlist_detail(playlist_id, track_id, order_no) VALUES (44, '29fsVDL9T36N0tyD7ByLdI', 2);
INSERT INTO playlist_detail(playlist_id, track_id, order_no) VALUES (44, '08XWh5c0BMyD1nKVxxl91z', 3);
INSERT INTO playlist_detail(playlist_id, track_id, order_no) VALUES (45, '4coENUbKuiuFb0C38uqFTi', 1);
INSERT INTO playlist_detail(playlist_id, track_id, order_no) VALUES (45, '60XAS1A7ABO58GeofeVs9W', 2);
INSERT INTO playlist_detail(playlist_id, track_id, order_no) VALUES (45, '1tcWDBYQbJZVixZzsBWB0P', 3);
INSERT INTO playlist_detail(playlist_id, track_id, order_no) VALUES (46, '6UjfByV1lDLW0SOVQA4NAi', 1);
INSERT INTO playlist_detail(playlist_id, track_id, order_no) VALUES (46, '7jslhIiELQkgW9IHeYNOWE', 2);
INSERT INTO playlist_detail(playlist_id, track_id, order_no) VALUES (46, '1G73gINM14qd8cE3Lf8V1z', 3);
INSERT INTO playlist_detail(playlist_id, track_id, order_no) VALUES (47, '7wPTyxE1PNemZuyuOOaQ8q', 1);
INSERT INTO playlist_detail(playlist_id, track_id, order_no) VALUES (47, '7DrZotCVwheRlevj6tJDxZ', 2);
INSERT INTO playlist_detail(playlist_id, track_id, order_no) VALUES (47, '5e574bhjycX1eH2l4Auage', 3);
INSERT INTO playlist_detail(playlist_id, track_id, order_no) VALUES (48, '19D8LNpWwIPpi6hs9BG7dq', 1);
INSERT INTO playlist_detail(playlist_id, track_id, order_no) VALUES (48, '1lwYe6UZTE4anFP1MCBbf8', 2);
INSERT INTO playlist_detail(playlist_id, track_id, order_no) VALUES (48, '6V9TlCdwLeQes4FX5zxz3f', 3);
INSERT INTO playlist_detail(playlist_id, track_id, order_no) VALUES (49, '7DY756WOLyOz2Xnhw4EFiC', 1);
INSERT INTO playlist_detail(playlist_id, track_id, order_no) VALUES (49, '5sBDrrtLGbV64QJnEqfjer', 2);
INSERT INTO playlist_detail(playlist_id, track_id, order_no) VALUES (49, '7EdJ8z6IBotTjO50DfzzuV', 3);
INSERT INTO playlist_detail(playlist_id, track_id, order_no) VALUES (50, '0DvtQkuaV0VrSHgb5pwRke', 1);
INSERT INTO playlist_detail(playlist_id, track_id, order_no) VALUES (50, '5HUQPQ9E1a4er4UhB8C7Rc', 2);
INSERT INTO playlist_detail(playlist_id, track_id, order_no) VALUES (50, '5LnXWeA9tuWKI2C1H74iiJ', 3);
INSERT INTO playlist_detail(playlist_id, track_id, order_no) VALUES (51, '3vAdBZvbr3bFBiSLT4iVap', 1);
INSERT INTO playlist_detail(playlist_id, track_id, order_no) VALUES (51, '3p2uELYRSpa4KNH6Ufp57I', 2);
INSERT INTO playlist_detail(playlist_id, track_id, order_no) VALUES (51, '2Mdwtq37upAaTrghSA1RnF', 3);
INSERT INTO playlist_detail(playlist_id, track_id, order_no) VALUES (52, '0luScPN4CGX9SjAhvM6PcH', 1);
INSERT INTO playlist_detail(playlist_id, track_id, order_no) VALUES (52, '79XrkTOfV1AqySNjVlygpW', 2);
INSERT INTO playlist_detail(playlist_id, track_id, order_no) VALUES (52, '3mynPhglTz2Ggh8SxA34kR', 3);
INSERT INTO playlist_detail(playlist_id, track_id, order_no) VALUES (53, '1x1oCGsFUDViOvcISuoKW0', 1);
INSERT INTO playlist_detail(playlist_id, track_id, order_no) VALUES (53, '54tBIDmNdxGp04gPNWCCbi', 2);
INSERT INTO playlist_detail(playlist_id, track_id, order_no) VALUES (53, '2YaDRtIlQiZ5WDDB2YuEOC', 3);
INSERT INTO playlist_detail(playlist_id, track_id, order_no) VALUES (54, '734WuFbTDxTPMU1lBP6e0M', 1);
INSERT INTO playlist_detail(playlist_id, track_id, order_no) VALUES (54, '5HFQB9ENLGBHTci7xPmLk6', 2);
INSERT INTO playlist_detail(playlist_id, track_id, order_no) VALUES (54, '431r2Qg4I2qFIKdSFCJN4s', 3);
INSERT INTO playlist_detail(playlist_id, track_id, order_no) VALUES (55, '1vbn9fEyw1IYhqgZJdu9ZB', 1);
INSERT INTO playlist_detail(playlist_id, track_id, order_no) VALUES (55, '19ClKDKtc1a4tjtoluSpRO', 2);
INSERT INTO playlist_detail(playlist_id, track_id, order_no) VALUES (55, '72SxWvaYsDgix2N3sjCjT1', 3);
INSERT INTO playlist_detail(playlist_id, track_id, order_no) VALUES (56, '0B5OTb36fzLayn6XQHg5A1', 1);
INSERT INTO playlist_detail(playlist_id, track_id, order_no) VALUES (56, '6M3PsepEj5gyJoIi7Xvr7u', 2);
INSERT INTO playlist_detail(playlist_id, track_id, order_no) VALUES (56, '6N8W7Dbcsg9tRDxn0wjFkR', 3);
INSERT INTO playlist_detail(playlist_id, track_id, order_no) VALUES (57, '2HSmyk2qMN8WQjuGhaQgCk', 1);
INSERT INTO playlist_detail(playlist_id, track_id, order_no) VALUES (57, '35RJhm1pEovTBwnNR0zWad', 2);
INSERT INTO playlist_detail(playlist_id, track_id, order_no) VALUES (57, '4T5AbXz68PpZyKewHO5Tqw', 3);
INSERT INTO playlist_detail(playlist_id, track_id, order_no) VALUES (58, '1lwYe6UZTE4anFP1MCBbf8', 1);
INSERT INTO playlist_detail(playlist_id, track_id, order_no) VALUES (58, '4K3BhUMfBHZuUfeC3kbhrQ', 2);
INSERT INTO playlist_detail(playlist_id, track_id, order_no) VALUES (58, '6b8Be6ljOzmkOmFslEb23P', 3);
INSERT INTO playlist_detail(playlist_id, track_id, order_no) VALUES (59, '1BEMASUZQDqN5UGxMb1m6A', 1);
INSERT INTO playlist_detail(playlist_id, track_id, order_no) VALUES (59, '0xa4hvXeYHRRNhA7wBfUar', 2);
INSERT INTO playlist_detail(playlist_id, track_id, order_no) VALUES (59, '3trg82Eql6tqi2EAxluhy8', 3);
INSERT INTO playlist_detail(playlist_id, track_id, order_no) VALUES (60, '5InOp6q2vvx0fShv3bzFLZ', 1);
INSERT INTO playlist_detail(playlist_id, track_id, order_no) VALUES (60, '7pjJBo6DULg6YK66PA8v7r', 2);
INSERT INTO playlist_detail(playlist_id, track_id, order_no) VALUES (60, '0VXtmiTxjXHU8RlUObkhZj', 3);
INSERT INTO playlist_detail(playlist_id, track_id, order_no) VALUES (61, '02sy7FAs8dkDNYsHp4Ul3f', 1);
INSERT INTO playlist_detail(playlist_id, track_id, order_no) VALUES (61, '3RaCGXCiiMufRPoexXxGkV', 2);
INSERT INTO playlist_detail(playlist_id, track_id, order_no) VALUES (61, '7n3BFJwucmfA5pPMtEoNKb', 3);
INSERT INTO playlist_detail(playlist_id, track_id, order_no) VALUES (62, '20E7RyoUockrRsSorCsESR', 1);
INSERT INTO playlist_detail(playlist_id, track_id, order_no) VALUES (62, '2CFhTND54uE5carTvSeILv', 2);
INSERT INTO playlist_detail(playlist_id, track_id, order_no) VALUES (62, '6H0uHtgOFj6EGmnJfVwXpx', 3);
INSERT INTO playlist_detail(playlist_id, track_id, order_no) VALUES (63, '0SZZOg2yCKMN4VMAsrIDaK', 1);
INSERT INTO playlist_detail(playlist_id, track_id, order_no) VALUES (63, '2hcohLIysMxofYziluXCoX', 2);
INSERT INTO playlist_detail(playlist_id, track_id, order_no) VALUES (63, '1xWhryugRBpNXx4o947UVh', 3);
INSERT INTO playlist_detail(playlist_id, track_id, order_no) VALUES (64, '7KeE0mNu7ONWN4xTWtwt4Q', 1);
INSERT INTO playlist_detail(playlist_id, track_id, order_no) VALUES (64, '50ceCGZ3oD3U5caQV5bP6f', 2);
INSERT INTO playlist_detail(playlist_id, track_id, order_no) VALUES (64, '0HyYb90jIOngSSLH5XfiAC', 3);
INSERT INTO playlist_detail(playlist_id, track_id, order_no) VALUES (65, '2d8xiUGjUalhOp4t6M2i0w', 1);
INSERT INTO playlist_detail(playlist_id, track_id, order_no) VALUES (65, '5qYL0psWtYZK5iYowCTUOt', 2);
INSERT INTO playlist_detail(playlist_id, track_id, order_no) VALUES (65, '7mPoCVGP752A5DtHf1SKkM', 3);
INSERT INTO playlist_detail(playlist_id, track_id, order_no) VALUES (66, '2wRXvIGUTRWod4yp1k3bGN', 2);
INSERT INTO playlist_detail(playlist_id, track_id, order_no) VALUES (66, '3RUVLIRUNA3KHLt8pd8PL6', 3);
INSERT INTO playlist_detail(playlist_id, track_id, order_no) VALUES (67, '0bcZ7xN9IcjSNxLerzR2yl', 1);
INSERT INTO playlist_detail(playlist_id, track_id, order_no) VALUES (67, '3DBumrwaikaisVDQdcM7jU', 2);
INSERT INTO playlist_detail(playlist_id, track_id, order_no) VALUES (67, '637oNhilCI9UlkWkUW4Grt', 3);
INSERT INTO playlist_detail(playlist_id, track_id, order_no) VALUES (68, '4ghGrdxwqLA6ZoCiu0u4IR', 1);
INSERT INTO playlist_detail(playlist_id, track_id, order_no) VALUES (68, '0Wc5M4FK9Md0ZfMm6suCRN', 2);
INSERT INTO playlist_detail(playlist_id, track_id, order_no) VALUES (68, '2YaDRtIlQiZ5WDDB2YuEOC', 3);
INSERT INTO playlist_detail(playlist_id, track_id, order_no) VALUES (69, '0khQeEwEv6GndVypzpGOG5', 1);
INSERT INTO playlist_detail(playlist_id, track_id, order_no) VALUES (69, '6MlGqWzDiLkZ0vmAEsisEk', 2);
INSERT INTO playlist_detail(playlist_id, track_id, order_no) VALUES (69, '4cm7Ap6IWH6m8JyB9IXT3x', 3);
INSERT INTO playlist_detail(playlist_id, track_id, order_no) VALUES (70, '3N3d4OWbPVxTQVBFqNyykk', 1);
INSERT INTO playlist_detail(playlist_id, track_id, order_no) VALUES (70, '1FvR2eCb9CUwpEpc9soD0V', 2);
INSERT INTO playlist_detail(playlist_id, track_id, order_no) VALUES (70, '4823f9W4xmR3n1BebPyNaR', 3);
INSERT INTO playlist_detail(playlist_id, track_id, order_no) VALUES (71, '7rC5Pl8rQSX4myONQHYPBK', 1);
INSERT INTO playlist_detail(playlist_id, track_id, order_no) VALUES (71, '6zzdyvVWjGrQBraSvuqJPY', 2);
INSERT INTO playlist_detail(playlist_id, track_id, order_no) VALUES (71, '2cGf0hmhkACTwRj58XNGlP', 3);
INSERT INTO playlist_detail(playlist_id, track_id, order_no) VALUES (72, '6Yj7Zhxt73uvwFFvzQXdxO', 1);
INSERT INTO playlist_detail(playlist_id, track_id, order_no) VALUES (72, '5mPSyjLatqB00IkPqRlbTE', 2);
INSERT INTO playlist_detail(playlist_id, track_id, order_no) VALUES (72, '7cw1tFoH677J2zytWQvh5r', 3);
INSERT INTO playlist_detail(playlist_id, track_id, order_no) VALUES (73, '7KeE0mNu7ONWN4xTWtwt4Q', 1);
INSERT INTO playlist_detail(playlist_id, track_id, order_no) VALUES (73, '1mjAD7IYvI5UGiB7WnppMf', 2);
INSERT INTO playlist_detail(playlist_id, track_id, order_no) VALUES (73, '04BF53Rb6LOpDUJG518IqS', 3);
INSERT INTO playlist_detail(playlist_id, track_id, order_no) VALUES (74, '6P8Rrx5cnxee40GPieLvhc', 1);
INSERT INTO playlist_detail(playlist_id, track_id, order_no) VALUES (74, '47SC5wI2ZEd2DwQuJNzCHL', 2);
INSERT INTO playlist_detail(playlist_id, track_id, order_no) VALUES (74, '167wD7BlzcLxsX8PlSujCa', 3);
INSERT INTO playlist_detail(playlist_id, track_id, order_no) VALUES (75, '0MjRPE2eH1ZQm9DC3BtZyq', 1);
INSERT INTO playlist_detail(playlist_id, track_id, order_no) VALUES (75, '5MKacSdARIq0fCf9BQNKNq', 2);
INSERT INTO playlist_detail(playlist_id, track_id, order_no) VALUES (75, '1rKQjUhF9zFJmuUotr3VkV', 3);
INSERT INTO playlist_detail(playlist_id, track_id, order_no) VALUES (76, '6LFW4dEsLeiGluniXRgVYr', 1);
INSERT INTO playlist_detail(playlist_id, track_id, order_no) VALUES (76, '0lUWGCpXozLqApCdup94Tu', 2);
INSERT INTO playlist_detail(playlist_id, track_id, order_no) VALUES (76, '22VdIZQfgXJea34mQxlt81', 3);
INSERT INTO playlist_detail(playlist_id, track_id, order_no) VALUES (77, '7jKNxYzPFGDWEemcRVebLb', 1);
INSERT INTO playlist_detail(playlist_id, track_id, order_no) VALUES (77, '24U2Psvkehn58QdLvZ50s8', 2);
INSERT INTO playlist_detail(playlist_id, track_id, order_no) VALUES (77, '6jgUrLEivd4DaiYb1izJLF', 3);
INSERT INTO playlist_detail(playlist_id, track_id, order_no) VALUES (78, '4zHa39io9pjsiAE6LwM2NH', 1);
INSERT INTO playlist_detail(playlist_id, track_id, order_no) VALUES (78, '3r5lHFACTti0w2REN5tcrn', 2);
INSERT INTO playlist_detail(playlist_id, track_id, order_no) VALUES (78, '7aLwuGyYNWKnxOSWXQK88V', 3);
INSERT INTO playlist_detail(playlist_id, track_id, order_no) VALUES (79, '3mpGXkkjhY8K5C9OsaCMBo', 1);
INSERT INTO playlist_detail(playlist_id, track_id, order_no) VALUES (79, '28JBD8p18xNuOfyV7Cotdn', 2);
INSERT INTO playlist_detail(playlist_id, track_id, order_no) VALUES (79, '2EVbppK8oLZrQaYNDekaMQ', 3);
INSERT INTO playlist_detail(playlist_id, track_id, order_no) VALUES (80, '28QyjEeOgirjfCjKSntPF4', 1);
INSERT INTO playlist_detail(playlist_id, track_id, order_no) VALUES (80, '343YBumqHu19cGoGARUTsd', 2);
INSERT INTO playlist_detail(playlist_id, track_id, order_no) VALUES (80, '4gowy3WT6D1yhMLgRBlf9C', 3);
INSERT INTO playlist_detail(playlist_id, track_id, order_no) VALUES (81, '5r6dnnBEstYJ08H1Hl9TBL', 1);
INSERT INTO playlist_detail(playlist_id, track_id, order_no) VALUES (81, '7fBv7CLKzipRk6EC6TWHOB', 2);
INSERT INTO playlist_detail(playlist_id, track_id, order_no) VALUES (81, '3H3qBumaYj67PT3aMEBvAP', 3);
INSERT INTO playlist_detail(playlist_id, track_id, order_no) VALUES (82, '3V8wDzLWWl1O1Hdldf3TsF', 1);
INSERT INTO playlist_detail(playlist_id, track_id, order_no) VALUES (82, '0jcXavoOHe9f99PE2sLg6T', 2);
INSERT INTO playlist_detail(playlist_id, track_id, order_no) VALUES (82, '5pa3YnjQ4rHeHAyoCEYYNX', 3);
INSERT INTO playlist_detail(playlist_id, track_id, order_no) VALUES (83, '3Oi1pDSYLVkz3i8jOXaQdt', 1);
INSERT INTO playlist_detail(playlist_id, track_id, order_no) VALUES (83, '5bMHrigI1EAmZdiyRzKoQi', 2);
INSERT INTO playlist_detail(playlist_id, track_id, order_no) VALUES (83, '6b8Be6ljOzmkOmFslEb23P', 3);
INSERT INTO playlist_detail(playlist_id, track_id, order_no) VALUES (84, '5qMYSBKAxiuTGqFgsMhxLR', 1);
INSERT INTO playlist_detail(playlist_id, track_id, order_no) VALUES (84, '2rOJPyasbcVXcsLheZEVt0', 2);
INSERT INTO playlist_detail(playlist_id, track_id, order_no) VALUES (84, '3iRYyU6LhuBD2uXsDjEsRw', 3);
INSERT INTO playlist_detail(playlist_id, track_id, order_no) VALUES (85, '4F7A0DXBrmUAkp32uenhZt', 1);
INSERT INTO playlist_detail(playlist_id, track_id, order_no) VALUES (85, '1E5Xu8dur0fAjSP1VpVhAZ', 2);
INSERT INTO playlist_detail(playlist_id, track_id, order_no) VALUES (85, '3YB8sWCxfQyjevEwCrWdiU', 3);
INSERT INTO playlist_detail(playlist_id, track_id, order_no) VALUES (86, '7bGF2hNOP6SROacsxo1fCk', 1);
INSERT INTO playlist_detail(playlist_id, track_id, order_no) VALUES (86, '44Vzd5QhPFN0ydfw9Hwou2', 2);
INSERT INTO playlist_detail(playlist_id, track_id, order_no) VALUES (86, '1kHAbyXgMowPPZfpxDImL3', 3);
INSERT INTO playlist_detail(playlist_id, track_id, order_no) VALUES (87, '6a8vt3DULkInboV43feS5I', 1);
INSERT INTO playlist_detail(playlist_id, track_id, order_no) VALUES (87, '1DQGIcihPgi4kDCdx1fEn0', 2);
INSERT INTO playlist_detail(playlist_id, track_id, order_no) VALUES (87, '6fIYR2aSdWgQRgYmQ1Wahh', 3);
INSERT INTO playlist_detail(playlist_id, track_id, order_no) VALUES (88, '4PA16FAl8LPmFmOhARawdV', 1);
INSERT INTO playlist_detail(playlist_id, track_id, order_no) VALUES (88, '3r5lHFACTti0w2REN5tcrn', 2);
INSERT INTO playlist_detail(playlist_id, track_id, order_no) VALUES (88, '43iKgGbmfqPLh3mxUlospI', 3);
INSERT INTO playlist_detail(playlist_id, track_id, order_no) VALUES (89, '15k2nBQJ0teDmPZHrOXL2N', 1);
INSERT INTO playlist_detail(playlist_id, track_id, order_no) VALUES (89, '3rE5PBReux0vbrIqbWFLnt', 2);
INSERT INTO playlist_detail(playlist_id, track_id, order_no) VALUES (89, '1C7KSXR2GVxknex6I4ANco', 3);
INSERT INTO playlist_detail(playlist_id, track_id, order_no) VALUES (90, '6jDGDtQPC46pFqxph3qdbD', 1);
INSERT INTO playlist_detail(playlist_id, track_id, order_no) VALUES (90, '0awWj9Wzj375IL5etqa1Dk', 2);
INSERT INTO playlist_detail(playlist_id, track_id, order_no) VALUES (90, '2gyHr9WqZeMtzJOpWGuGo6', 3);
INSERT INTO playlist_detail(playlist_id, track_id, order_no) VALUES (91, '03BpMAiFJ0b9c47Ntt8MRf', 1);
INSERT INTO playlist_detail(playlist_id, track_id, order_no) VALUES (91, '2R30S0W4JCM9JaQWlpmeWn', 2);
INSERT INTO playlist_detail(playlist_id, track_id, order_no) VALUES (91, '4vz3UReBbxyPuVqgIjTCeA', 3);
INSERT INTO playlist_detail(playlist_id, track_id, order_no) VALUES (92, '4823f9W4xmR3n1BebPyNaR', 1);
INSERT INTO playlist_detail(playlist_id, track_id, order_no) VALUES (92, '5LUI2ZPwvJezp4bQ9DtIGK', 2);
INSERT INTO playlist_detail(playlist_id, track_id, order_no) VALUES (92, '2X32KinciUCloLWMGpTCFU', 3);
INSERT INTO playlist_detail(playlist_id, track_id, order_no) VALUES (93, '1wFFFzJ5EsKbBWZriAcubN', 1);
INSERT INTO playlist_detail(playlist_id, track_id, order_no) VALUES (93, '5e574bhjycX1eH2l4Auage', 2);
INSERT INTO playlist_detail(playlist_id, track_id, order_no) VALUES (93, '0yi180gAOIJhcRo7wY4Htl', 3);
INSERT INTO playlist_detail(playlist_id, track_id, order_no) VALUES (94, '6N8W7Dbcsg9tRDxn0wjFkR', 1);
INSERT INTO playlist_detail(playlist_id, track_id, order_no) VALUES (94, '5qwjdbcy6uaZpQNSbB7zXB', 2);
INSERT INTO playlist_detail(playlist_id, track_id, order_no) VALUES (94, '1X1BT1SyKnzrvsjao6R5wN', 3);
INSERT INTO playlist_detail(playlist_id, track_id, order_no) VALUES (95, '2D5fYMRm0Fm1kDt4IvccGM', 1);
INSERT INTO playlist_detail(playlist_id, track_id, order_no) VALUES (95, '36LdTnEWBDLDDA3hEsSLvi', 2);
INSERT INTO playlist_detail(playlist_id, track_id, order_no) VALUES (95, '2aEaejrhOecAdVvifXidcm', 3);
INSERT INTO playlist_detail(playlist_id, track_id, order_no) VALUES (96, '0mBKv9DkYfQHjdMcw2jdyI', 1);
INSERT INTO playlist_detail(playlist_id, track_id, order_no) VALUES (96, '76yLBykniz0SSNv0jj17M2', 2);
INSERT INTO playlist_detail(playlist_id, track_id, order_no) VALUES (96, '38eKmp6QjELXKgLh0pePfG', 3);
INSERT INTO playlist_detail(playlist_id, track_id, order_no) VALUES (97, '13NAmCCRYxRcr2NEtiWGa8', 1);
INSERT INTO playlist_detail(playlist_id, track_id, order_no) VALUES (97, '5PjyQ1UDDAT4mIiTYI320C', 2);
INSERT INTO playlist_detail(playlist_id, track_id, order_no) VALUES (97, '1ywwObadN3168Hibf5yblZ', 3);
INSERT INTO playlist_detail(playlist_id, track_id, order_no) VALUES (98, '7kJyHFVVZMv1wQYRU9de9d', 1);
INSERT INTO playlist_detail(playlist_id, track_id, order_no) VALUES (98, '03L2AoiRbWhvt7BDMx1jUB', 2);
INSERT INTO playlist_detail(playlist_id, track_id, order_no) VALUES (98, '4ToOfelAD6oEqbeHyTTKMS', 3);
INSERT INTO playlist_detail(playlist_id, track_id, order_no) VALUES (99, '3WKYPmiPpJas9j5Aari5iK', 1);
INSERT INTO playlist_detail(playlist_id, track_id, order_no) VALUES (99, '28JBD8p18xNuOfyV7Cotdn', 2);
INSERT INTO playlist_detail(playlist_id, track_id, order_no) VALUES (99, '7MXVkk9YMctZqd1Srtv4MB', 3);
INSERT INTO playlist_detail(playlist_id, track_id, order_no) VALUES (100, '7gNB9Xa5NBY2Y8tFmpOlwk', 1);
INSERT INTO playlist_detail(playlist_id, track_id, order_no) VALUES (100, '2AYmPq5Vs5dzLIWU0dPIaR', 2);
INSERT INTO playlist_detail(playlist_id, track_id, order_no) VALUES (100, '5qYL0psWtYZK5iYowCTUOt', 3);
INSERT INTO playlist_detail(playlist_id, track_id, order_no) VALUES (101, '1CPZ5BxNNd0n0nF4Orb9JS', 1);
INSERT INTO playlist_detail(playlist_id, track_id, order_no) VALUES (101, '54wv48DETGI2gSJkqTCSyJ', 2);
INSERT INTO playlist_detail(playlist_id, track_id, order_no) VALUES (101, '311yZZsI1VeKucIBm2dxvK', 3);
INSERT INTO playlist_detail(playlist_id, track_id, order_no) VALUES (102, '5GK7eDDTVz7CTge1wJrDQW', 1);
INSERT INTO playlist_detail(playlist_id, track_id, order_no) VALUES (102, '3YB8sWCxfQyjevEwCrWdiU', 2);
INSERT INTO playlist_detail(playlist_id, track_id, order_no) VALUES (102, '0iURDeNo6p5nSZfSQa0CX0', 3);
INSERT INTO playlist_detail(playlist_id, track_id, order_no) VALUES (103, '3TBFOYhRrY2lL4lcmtvIrU', 1);
INSERT INTO playlist_detail(playlist_id, track_id, order_no) VALUES (103, '433ykR1mhzAJgyt5qVKShn', 2);
INSERT INTO playlist_detail(playlist_id, track_id, order_no) VALUES (103, '2AGottAzfC8bHzF7kEJ3Wa', 3);
INSERT INTO playlist_detail(playlist_id, track_id, order_no) VALUES (104, '5R08wmXUd31d6InEtWZEKi', 1);
INSERT INTO playlist_detail(playlist_id, track_id, order_no) VALUES (104, '3O8NlPh2LByMU9lSRSHedm', 2);
INSERT INTO playlist_detail(playlist_id, track_id, order_no) VALUES (104, '7fcZk7OXeFWD7DWybltVVf', 3);
INSERT INTO playlist_detail(playlist_id, track_id, order_no) VALUES (105, '5weiiKJieLj9jOL9u2F34z', 1);
INSERT INTO playlist_detail(playlist_id, track_id, order_no) VALUES (105, '5ck9P3yEwc8w2Z1oE0CRlz', 2);
INSERT INTO playlist_detail(playlist_id, track_id, order_no) VALUES (105, '5594ru3efvd674gEeSaJYU', 3);
INSERT INTO playlist_detail(playlist_id, track_id, order_no) VALUES (106, '2Ch7LmS7r2Gy2kc64wv3Bz', 1);
INSERT INTO playlist_detail(playlist_id, track_id, order_no) VALUES (106, '5BRtwCczOItgTOfabyWgkJ', 2);
INSERT INTO playlist_detail(playlist_id, track_id, order_no) VALUES (106, '15k2nBQJ0teDmPZHrOXL2N', 3);
INSERT INTO playlist_detail(playlist_id, track_id, order_no) VALUES (107, '6RQm1foz7qduRVaCQBZdzf', 1);
INSERT INTO playlist_detail(playlist_id, track_id, order_no) VALUES (107, '7jslhIiELQkgW9IHeYNOWE', 2);
INSERT INTO playlist_detail(playlist_id, track_id, order_no) VALUES (107, '58Q3FZFs1YXPpliWQB5kXB', 3);
INSERT INTO playlist_detail(playlist_id, track_id, order_no) VALUES (108, '1L8ObNUDCh7k6GwDIbfx9Q', 1);
INSERT INTO playlist_detail(playlist_id, track_id, order_no) VALUES (108, '3dhjNA0jGA8vHBQ1VdD6vV', 2);
INSERT INTO playlist_detail(playlist_id, track_id, order_no) VALUES (108, '7ttkH1wGR3R3llS9txSgY3', 3);
INSERT INTO playlist_detail(playlist_id, track_id, order_no) VALUES (109, '7jrfvMNEXE71RN1CpdawGl', 1);
INSERT INTO playlist_detail(playlist_id, track_id, order_no) VALUES (109, '3Tk59JmTIsIpBRL1bBwhMe', 2);
INSERT INTO playlist_detail(playlist_id, track_id, order_no) VALUES (109, '7aLwuGyYNWKnxOSWXQK88V', 3);
INSERT INTO playlist_detail(playlist_id, track_id, order_no) VALUES (110, '36CVpUB9PJ8SOzEcf2q6os', 1);
INSERT INTO playlist_detail(playlist_id, track_id, order_no) VALUES (110, '3FGERgCbqbX0h5SiTsiSvf', 2);
INSERT INTO playlist_detail(playlist_id, track_id, order_no) VALUES (110, '2UYg7TfmY0pD0BeE8YCGSs', 3);
INSERT INTO playlist_detail(playlist_id, track_id, order_no) VALUES (111, '1bAvtmTl0F9loyz9AwPwp7', 1);
INSERT INTO playlist_detail(playlist_id, track_id, order_no) VALUES (111, '4e0uZkMYa8e8HJ5TEUN417', 2);
INSERT INTO playlist_detail(playlist_id, track_id, order_no) VALUES (111, '60XAS1A7ABO58GeofeVs9W', 3);
INSERT INTO playlist_detail(playlist_id, track_id, order_no) VALUES (112, '3a8tAZFJxlmBwOtrf5L1oC', 1);
INSERT INTO playlist_detail(playlist_id, track_id, order_no) VALUES (112, '6pG3yiKNsX03ZFTFWdOasv', 2);
INSERT INTO playlist_detail(playlist_id, track_id, order_no) VALUES (112, '1I37Zz2g3hk9eWxaNkj031', 3);
INSERT INTO playlist_detail(playlist_id, track_id, order_no) VALUES (113, '0yUjUg9LUFWyxmQtcUndw4', 1);
INSERT INTO playlist_detail(playlist_id, track_id, order_no) VALUES (113, '5cVALf3PKOmtXBYrsMUXlq', 2);
INSERT INTO playlist_detail(playlist_id, track_id, order_no) VALUES (113, '54uNtM77iZ5gawWBQGnEar', 3);
INSERT INTO playlist_detail(playlist_id, track_id, order_no) VALUES (114, '7ANz7bzchgtFGyqbjAqyse', 1);
INSERT INTO playlist_detail(playlist_id, track_id, order_no) VALUES (114, '2h3ZotklPN6aD7OuHz7bFZ', 2);
INSERT INTO playlist_detail(playlist_id, track_id, order_no) VALUES (114, '5bKPVy1ZIAucDWYcK2ZEDE', 3);
INSERT INTO playlist_detail(playlist_id, track_id, order_no) VALUES (115, '45ypYpAdgoneWcBT0Wba3p', 1);
INSERT INTO playlist_detail(playlist_id, track_id, order_no) VALUES (115, '7Kd39JsnLyJLEXNeWUi3T9', 2);
INSERT INTO playlist_detail(playlist_id, track_id, order_no) VALUES (115, '49PBvg9QELHDx3bMHRTA2s', 3);
INSERT INTO playlist_detail(playlist_id, track_id, order_no) VALUES (116, '3QLjDkgLh9AOEHlhQtDuhs', 1);
INSERT INTO playlist_detail(playlist_id, track_id, order_no) VALUES (116, '38eKmp6QjELXKgLh0pePfG', 2);
INSERT INTO playlist_detail(playlist_id, track_id, order_no) VALUES (116, '7aLwuGyYNWKnxOSWXQK88V', 3);
INSERT INTO playlist_detail(playlist_id, track_id, order_no) VALUES (117, '7dLtUiDlZBpd9C18BOqfJT', 1);
INSERT INTO playlist_detail(playlist_id, track_id, order_no) VALUES (117, '5Cp75TUMrHF6c8xbhdligS', 2);
INSERT INTO playlist_detail(playlist_id, track_id, order_no) VALUES (117, '5MKacSdARIq0fCf9BQNKNq', 3);
INSERT INTO playlist_detail(playlist_id, track_id, order_no) VALUES (118, '5kdt3O2kCcXE7mSGKaiW6V', 1);
INSERT INTO playlist_detail(playlist_id, track_id, order_no) VALUES (118, '4Msr8L0gHGDsLSBlk7pSPU', 2);
INSERT INTO playlist_detail(playlist_id, track_id, order_no) VALUES (118, '7LT5HRxYa3QGKibJfdhDh6', 3);
INSERT INTO playlist_detail(playlist_id, track_id, order_no) VALUES (119, '1dKXBUKx7oCB2UXlkihNn8', 1);
INSERT INTO playlist_detail(playlist_id, track_id, order_no) VALUES (119, '6hHKFReuQR9VQp39ev43wY', 2);
INSERT INTO playlist_detail(playlist_id, track_id, order_no) VALUES (119, '7lR5trNlnfQ60CW8he96yt', 3);
INSERT INTO playlist_detail(playlist_id, track_id, order_no) VALUES (120, '6VpW9I9gaAHC0k20934fEb', 1);
INSERT INTO playlist_detail(playlist_id, track_id, order_no) VALUES (120, '3WXyY2PxX88kpBtB0GH61w', 2);
INSERT INTO playlist_detail(playlist_id, track_id, order_no) VALUES (120, '02w1rM6spvEcbFxd63xCl2', 3);
INSERT INTO playlist_detail(playlist_id, track_id, order_no) VALUES (121, '05KOgYg8PGeJyyWBPi5ja8', 1);
INSERT INTO playlist_detail(playlist_id, track_id, order_no) VALUES (121, '4SAdGgCEZ5S8wtcDcGxjDN', 2);
INSERT INTO playlist_detail(playlist_id, track_id, order_no) VALUES (121, '4n1bdaKwynQndm47x5HqWX', 3);
INSERT INTO playlist_detail(playlist_id, track_id, order_no) VALUES (122, '4Mnnd0fBRucoxGhtG7MccI', 1);
INSERT INTO playlist_detail(playlist_id, track_id, order_no) VALUES (122, '4QYEtbfsqusrXN5A49LG53', 2);
INSERT INTO playlist_detail(playlist_id, track_id, order_no) VALUES (122, '76yLBykniz0SSNv0jj17M2', 3);
INSERT INTO playlist_detail(playlist_id, track_id, order_no) VALUES (123, '02SDFsqWGN9683KclprnFR', 1);
INSERT INTO playlist_detail(playlist_id, track_id, order_no) VALUES (123, '3O8NlPh2LByMU9lSRSHedm', 2);
INSERT INTO playlist_detail(playlist_id, track_id, order_no) VALUES (123, '5WD8WEfxb8xRyNhi8eJEZh', 3);
INSERT INTO playlist_detail(playlist_id, track_id, order_no) VALUES (124, '0KKkJNfGyhkQ5aFogxQAPU', 1);
INSERT INTO playlist_detail(playlist_id, track_id, order_no) VALUES (124, '04LWm93tY9nwdlI9EO54HP', 2);
INSERT INTO playlist_detail(playlist_id, track_id, order_no) VALUES (124, '1cdbkpZ3q1KYZDNSrOpdkb', 3);
INSERT INTO playlist_detail(playlist_id, track_id, order_no) VALUES (125, '0K3w6WNawZlv6Izmsrye8o', 1);
INSERT INTO playlist_detail(playlist_id, track_id, order_no) VALUES (125, '7HK0ZDEsW0lGKKIVYvni2z', 2);
INSERT INTO playlist_detail(playlist_id, track_id, order_no) VALUES (125, '3MJdKvdoEFwKyrD4rznLAI', 3);
INSERT INTO playlist_detail(playlist_id, track_id, order_no) VALUES (126, '1gGU3FKR2pXcYpaLb4fAVn', 1);
INSERT INTO playlist_detail(playlist_id, track_id, order_no) VALUES (126, '4Mnnd0fBRucoxGhtG7MccI', 2);
INSERT INTO playlist_detail(playlist_id, track_id, order_no) VALUES (126, '1Gsw3AyAvDulZI9lHIRr3E', 3);
INSERT INTO playlist_detail(playlist_id, track_id, order_no) VALUES (127, '3VN74YiIjtY5ouKahBjmRX', 1);
INSERT INTO playlist_detail(playlist_id, track_id, order_no) VALUES (127, '56v8WEnGzLByGsDAXDiv4d', 2);
INSERT INTO playlist_detail(playlist_id, track_id, order_no) VALUES (127, '1cSh61cAJBP25IsXo59V2S', 3);
INSERT INTO playlist_detail(playlist_id, track_id, order_no) VALUES (128, '5NzsuVrkbi7nRsmZR8WYDK', 1);
INSERT INTO playlist_detail(playlist_id, track_id, order_no) VALUES (128, '6DO4hUFQKjYzyQ8sD2ovfu', 2);
INSERT INTO playlist_detail(playlist_id, track_id, order_no) VALUES (128, '1kNdtonJXHorsVpWerK8C2', 3);
INSERT INTO playlist_detail(playlist_id, track_id, order_no) VALUES (129, '4NVNapccSX7E5JLiW0uQEy', 1);
INSERT INTO playlist_detail(playlist_id, track_id, order_no) VALUES (129, '3iPmwJh56xbDF7Xduimf0d', 2);
INSERT INTO playlist_detail(playlist_id, track_id, order_no) VALUES (129, '5Ee4IyhPaOVRMc15fUOeG9', 3);
INSERT INTO playlist_detail(playlist_id, track_id, order_no) VALUES (130, '7HK0ZDEsW0lGKKIVYvni2z', 1);
INSERT INTO playlist_detail(playlist_id, track_id, order_no) VALUES (130, '64TkpV7m7f09JY7K436pju', 2);
INSERT INTO playlist_detail(playlist_id, track_id, order_no) VALUES (130, '7J2orRXjH1Y2vkCA7zEIhW', 3);
INSERT INTO playlist_detail(playlist_id, track_id, order_no) VALUES (131, '4RI9eX7jNcdaQOJifn7t6z', 1);
INSERT INTO playlist_detail(playlist_id, track_id, order_no) VALUES (131, '5WlVx0a6VedSJ60JFYpRBp', 2);
INSERT INTO playlist_detail(playlist_id, track_id, order_no) VALUES (131, '1kHAbyXgMowPPZfpxDImL3', 3);
INSERT INTO playlist_detail(playlist_id, track_id, order_no) VALUES (132, '69dF0bCa5X3sMQatT3vW31', 1);
INSERT INTO playlist_detail(playlist_id, track_id, order_no) VALUES (132, '3Oi1pDSYLVkz3i8jOXaQdt', 2);
INSERT INTO playlist_detail(playlist_id, track_id, order_no) VALUES (132, '0MzhwexwISJcZjCl1XQDKR', 3);
INSERT INTO playlist_detail(playlist_id, track_id, order_no) VALUES (133, '19ClKDKtc1a4tjtoluSpRO', 1);
INSERT INTO playlist_detail(playlist_id, track_id, order_no) VALUES (133, '2vgUijXOTRMnWXDtvgMp2b', 2);
INSERT INTO playlist_detail(playlist_id, track_id, order_no) VALUES (133, '2CFhTND54uE5carTvSeILv', 3);
INSERT INTO playlist_detail(playlist_id, track_id, order_no) VALUES (134, '7yoHYSunDSmdYrORIOYVHX', 1);
INSERT INTO playlist_detail(playlist_id, track_id, order_no) VALUES (134, '4SaGaLbcshvQ4admgCkYdP', 2);
INSERT INTO playlist_detail(playlist_id, track_id, order_no) VALUES (134, '1PDP7mLiAMwhfmgIwzhOm2', 3);
INSERT INTO playlist_detail(playlist_id, track_id, order_no) VALUES (135, '03L2AoiRbWhvt7BDMx1jUB', 1);
INSERT INTO playlist_detail(playlist_id, track_id, order_no) VALUES (135, '3XuUzHVw3f2wZRE6RyoMtM', 2);
INSERT INTO playlist_detail(playlist_id, track_id, order_no) VALUES (135, '6gzR5GdZTevJT8OWW0NeGa', 3);
INSERT INTO playlist_detail(playlist_id, track_id, order_no) VALUES (136, '4jzrYUhlzXROpV5M944Yvu', 1);
INSERT INTO playlist_detail(playlist_id, track_id, order_no) VALUES (136, '1DmnEYXa4WfbdhAPwNzgD8', 2);
INSERT INTO playlist_detail(playlist_id, track_id, order_no) VALUES (136, '2xqYe0JXuRj68Cu9pw1Htq', 3);
INSERT INTO playlist_detail(playlist_id, track_id, order_no) VALUES (137, '4dyB6o3A5ymFCNhz0yBW8y', 1);
INSERT INTO playlist_detail(playlist_id, track_id, order_no) VALUES (137, '4FuSnjXKARcUOwiPnEnh1p', 2);
INSERT INTO playlist_detail(playlist_id, track_id, order_no) VALUES (137, '58yC1Q6XKjmHeWkEWh9O6B', 3);
INSERT INTO playlist_detail(playlist_id, track_id, order_no) VALUES (138, '1L0OmJV0LnPDWuHCIGmBV6', 1);
INSERT INTO playlist_detail(playlist_id, track_id, order_no) VALUES (138, '40MXr7BMh3ShPf2b9giSRt', 2);
INSERT INTO playlist_detail(playlist_id, track_id, order_no) VALUES (138, '5ngydCLbzCEdtu8SEOXhPU', 3);
INSERT INTO playlist_detail(playlist_id, track_id, order_no) VALUES (139, '7pjJBo6DULg6YK66PA8v7r', 1);
INSERT INTO playlist_detail(playlist_id, track_id, order_no) VALUES (139, '0sTBOp1hdayTjw6UOyPyi6', 2);
INSERT INTO playlist_detail(playlist_id, track_id, order_no) VALUES (139, '5ScbulRnixQ2XAdvrPMFjz', 3);
INSERT INTO playlist_detail(playlist_id, track_id, order_no) VALUES (140, '46kFAYvmV6lVbT5xN5qlCH', 1);
INSERT INTO playlist_detail(playlist_id, track_id, order_no) VALUES (140, '3NxAG2ni1lLa8RKL6a0INc', 2);
INSERT INTO playlist_detail(playlist_id, track_id, order_no) VALUES (140, '0K75S1dgcmYDewhPR8Y0j6', 3);
INSERT INTO playlist_detail(playlist_id, track_id, order_no) VALUES (141, '2evYKtXNAdn60ANNEdjH7V', 1);
INSERT INTO playlist_detail(playlist_id, track_id, order_no) VALUES (141, '5ECz2phQLQWNGbKUlN8AAS', 2);
INSERT INTO playlist_detail(playlist_id, track_id, order_no) VALUES (141, '1FwyGcGpRmbpESxc80WNix', 3);
INSERT INTO playlist_detail(playlist_id, track_id, order_no) VALUES (142, '0YRxvM2dnH5ikS3nIxGUnj', 1);
INSERT INTO playlist_detail(playlist_id, track_id, order_no) VALUES (142, '0mBKv9DkYfQHjdMcw2jdyI', 2);
INSERT INTO playlist_detail(playlist_id, track_id, order_no) VALUES (142, '3oCrC1928WBf3P3kgDQNx9', 3);
INSERT INTO playlist_detail(playlist_id, track_id, order_no) VALUES (143, '5dkjKoFSjCeGmR1P7wGlxF', 1);
INSERT INTO playlist_detail(playlist_id, track_id, order_no) VALUES (143, '11pEKMLmavDu8fxOB5QjbQ', 2);
INSERT INTO playlist_detail(playlist_id, track_id, order_no) VALUES (143, '0WtNwdHv8UiDSVKDr3yRXn', 3);
INSERT INTO playlist_detail(playlist_id, track_id, order_no) VALUES (144, '1WFj1P1TUJJXH1R41PP9Vg', 1);
INSERT INTO playlist_detail(playlist_id, track_id, order_no) VALUES (144, '1o844wI52S3TjXGBwvGcc7', 2);
INSERT INTO playlist_detail(playlist_id, track_id, order_no) VALUES (144, '4JjJ1KNRrzqstSY0uDuys3', 3);
INSERT INTO playlist_detail(playlist_id, track_id, order_no) VALUES (145, '39PgM7eFpkCYFENXgdFQnG', 1);
INSERT INTO playlist_detail(playlist_id, track_id, order_no) VALUES (145, '0awY0gg3Mla7fUbavFrVco', 2);
INSERT INTO playlist_detail(playlist_id, track_id, order_no) VALUES (145, '7rVmzyFA7f4rNGl9onF21E', 3);
INSERT INTO playlist_detail(playlist_id, track_id, order_no) VALUES (146, '1nSzCAvAvzJj5oIt7m90G0', 1);
INSERT INTO playlist_detail(playlist_id, track_id, order_no) VALUES (146, '4VMRsbfZzd3SfQtaJ1Wpwi', 2);
INSERT INTO playlist_detail(playlist_id, track_id, order_no) VALUES (146, '2nibvvDdAQkVraYP00z2RS', 3);
INSERT INTO playlist_detail(playlist_id, track_id, order_no) VALUES (147, '1L0OmJV0LnPDWuHCIGmBV6', 1);
INSERT INTO playlist_detail(playlist_id, track_id, order_no) VALUES (147, '1X1BT1SyKnzrvsjao6R5wN', 2);
INSERT INTO playlist_detail(playlist_id, track_id, order_no) VALUES (147, '0FPYpKHJ3SuxKLaToGajtY', 3);
INSERT INTO playlist_detail(playlist_id, track_id, order_no) VALUES (148, '2X0AvJYmIKm1XwpV4R5x0Y', 1);
INSERT INTO playlist_detail(playlist_id, track_id, order_no) VALUES (148, '1WFj1P1TUJJXH1R41PP9Vg', 2);
INSERT INTO playlist_detail(playlist_id, track_id, order_no) VALUES (148, '1Tnw0ItH1Macok8gblnPPd', 3);
INSERT INTO playlist_detail(playlist_id, track_id, order_no) VALUES (149, '7qmvLmX9tyaTiBAVNI6YEn', 1);
INSERT INTO playlist_detail(playlist_id, track_id, order_no) VALUES (149, '4DAA64qpKvOZHlGC4VGCF2', 2);
INSERT INTO playlist_detail(playlist_id, track_id, order_no) VALUES (149, '0C9WCzHmvl6GvIIn7Tq3pn', 3);
INSERT INTO playlist_detail(playlist_id, track_id, order_no) VALUES (150, '7DrZotCVwheRlevj6tJDxZ', 1);
INSERT INTO playlist_detail(playlist_id, track_id, order_no) VALUES (150, '7EdJ8z6IBotTjO50DfzzuV', 2);
INSERT INTO playlist_detail(playlist_id, track_id, order_no) VALUES (150, '1oYV1xSoGhxG0AY4SJVT76', 3);
INSERT INTO user_follow(follower_id, following_id) VALUES(26, 39);
INSERT INTO user_follow(follower_id, following_id) VALUES(40, 41);
INSERT INTO user_follow(follower_id, following_id) VALUES(6, 48);
INSERT INTO user_follow(follower_id, following_id) VALUES(41, 15);
INSERT INTO user_follow(follower_id, following_id) VALUES(34, 3);
INSERT INTO user_follow(follower_id, following_id) VALUES(10, 45);
INSERT INTO user_follow(follower_id, following_id) VALUES(22, 10);
INSERT INTO user_follow(follower_id, following_id) VALUES(37, 8);
INSERT INTO user_follow(follower_id, following_id) VALUES(3, 6);
INSERT INTO user_follow(follower_id, following_id) VALUES(37, 17);
INSERT INTO user_follow(follower_id, following_id) VALUES(3, 15);
INSERT INTO user_follow(follower_id, following_id) VALUES(14, 15);
INSERT INTO user_follow(follower_id, following_id) VALUES(34, 30);
INSERT INTO user_follow(follower_id, following_id) VALUES(37, 35);
INSERT INTO user_follow(follower_id, following_id) VALUES(18, 3);
INSERT INTO user_follow(follower_id, following_id) VALUES(15, 16);
INSERT INTO user_follow(follower_id, following_id) VALUES(7, 12);
INSERT INTO user_follow(follower_id, following_id) VALUES(48, 31);
INSERT INTO user_follow(follower_id, following_id) VALUES(19, 4);
INSERT INTO user_follow(follower_id, following_id) VALUES(40, 45);
INSERT INTO user_follow(follower_id, following_id) VALUES(6, 43);
INSERT INTO user_follow(follower_id, following_id) VALUES(41, 19);
INSERT INTO user_follow(follower_id, following_id) VALUES(41, 37);
INSERT INTO user_follow(follower_id, following_id) VALUES(25, 20);
INSERT INTO user_follow(follower_id, following_id) VALUES(25, 29);
INSERT INTO user_follow(follower_id, following_id) VALUES(10, 49);
INSERT INTO user_follow(follower_id, following_id) VALUES(22, 14);
INSERT INTO user_follow(follower_id, following_id) VALUES(36, 43);
INSERT INTO user_follow(follower_id, following_id) VALUES(5, 46);
INSERT INTO user_follow(follower_id, following_id) VALUES(9, 44);
INSERT INTO user_follow(follower_id, following_id) VALUES(6, 29);
INSERT INTO user_follow(follower_id, following_id) VALUES(29, 40);
INSERT INTO user_follow(follower_id, following_id) VALUES(33, 10);
INSERT INTO user_follow(follower_id, following_id) VALUES(33, 19);
INSERT INTO user_follow(follower_id, following_id) VALUES(25, 15);
INSERT INTO user_follow(follower_id, following_id) VALUES(44, 37);
INSERT INTO user_follow(follower_id, following_id) VALUES(34, 2);
INSERT INTO user_follow(follower_id, following_id) VALUES(35, 46);
INSERT INTO user_follow(follower_id, following_id) VALUES(14, 32);
INSERT INTO user_follow(follower_id, following_id) VALUES(48, 3);
INSERT INTO user_follow(follower_id, following_id) VALUES(36, 47);
INSERT INTO user_follow(follower_id, following_id) VALUES(48, 12);
INSERT INTO user_follow(follower_id, following_id) VALUES(17, 43);
INSERT INTO user_follow(follower_id, following_id) VALUES(9, 39);
INSERT INTO user_follow(follower_id, following_id) VALUES(21, 13);
INSERT INTO user_follow(follower_id, following_id) VALUES(40, 26);
INSERT INTO user_follow(follower_id, following_id) VALUES(29, 35);
INSERT INTO user_follow(follower_id, following_id) VALUES(41, 9);
INSERT INTO user_follow(follower_id, following_id) VALUES(44, 23);
INSERT INTO user_follow(follower_id, following_id) VALUES(10, 30);
INSERT INTO user_follow(follower_id, following_id) VALUES(25, 28);
INSERT INTO user_follow(follower_id, following_id) VALUES(10, 39);
INSERT INTO user_follow(follower_id, following_id) VALUES(45, 6);
INSERT INTO user_follow(follower_id, following_id) VALUES(2, 35);
INSERT INTO user_follow(follower_id, following_id) VALUES(43, 36);
INSERT INTO user_follow(follower_id, following_id) VALUES(16, 37);
INSERT INTO user_follow(follower_id, following_id) VALUES(47, 33);
INSERT INTO user_follow(follower_id, following_id) VALUES(5, 27);
INSERT INTO user_follow(follower_id, following_id) VALUES(17, 47);
INSERT INTO user_follow(follower_id, following_id) VALUES(21, 17);
INSERT INTO user_follow(follower_id, following_id) VALUES(6, 46);
INSERT INTO user_follow(follower_id, following_id) VALUES(2, 3);
INSERT INTO user_follow(follower_id, following_id) VALUES(10, 16);
INSERT INTO user_follow(follower_id, following_id) VALUES(10, 25);
INSERT INTO user_follow(follower_id, following_id) VALUES(13, 27);
INSERT INTO user_follow(follower_id, following_id) VALUES(47, 10);
INSERT INTO user_follow(follower_id, following_id) VALUES(28, 15);
INSERT INTO user_follow(follower_id, following_id) VALUES(47, 28);
INSERT INTO user_follow(follower_id, following_id) VALUES(6, 5);
INSERT INTO user_follow(follower_id, following_id) VALUES(6, 32);
INSERT INTO user_follow(follower_id, following_id) VALUES(21, 30);
INSERT INTO user_follow(follower_id, following_id) VALUES(20, 43);
INSERT INTO user_follow(follower_id, following_id) VALUES(43, 17);
INSERT INTO user_follow(follower_id, following_id) VALUES(12, 48);
INSERT INTO user_follow(follower_id, following_id) VALUES(43, 26);
INSERT INTO user_follow(follower_id, following_id) VALUES(4, 44);
INSERT INTO user_follow(follower_id, following_id) VALUES(43, 44);
INSERT INTO user_follow(follower_id, following_id) VALUES(35, 40);
INSERT INTO user_follow(follower_id, following_id) VALUES(24, 40);
INSERT INTO user_follow(follower_id, following_id) VALUES(36, 23);
INSERT INTO user_follow(follower_id, following_id) VALUES(5, 17);
INSERT INTO user_follow(follower_id, following_id) VALUES(17, 19);
INSERT INTO user_follow(follower_id, following_id) VALUES(28, 19);
INSERT INTO user_follow(follower_id, following_id) VALUES(9, 15);
INSERT INTO user_follow(follower_id, following_id) VALUES(5, 26);
INSERT INTO user_follow(follower_id, following_id) VALUES(9, 24);
INSERT INTO user_follow(follower_id, following_id) VALUES(28, 37);
INSERT INTO user_follow(follower_id, following_id) VALUES(17, 37);
INSERT INTO user_follow(follower_id, following_id) VALUES(40, 2);
INSERT INTO user_follow(follower_id, following_id) VALUES(9, 33);
INSERT INTO user_follow(follower_id, following_id) VALUES(5, 44);
INSERT INTO user_follow(follower_id, following_id) VALUES(21, 7);
INSERT INTO user_follow(follower_id, following_id) VALUES(6, 18);
INSERT INTO user_follow(follower_id, following_id) VALUES(21, 16);
INSERT INTO user_follow(follower_id, following_id) VALUES(39, 33);
INSERT INTO user_follow(follower_id, following_id) VALUES(31, 47);
INSERT INTO user_follow(follower_id, following_id) VALUES(32, 12);
INSERT INTO user_follow(follower_id, following_id) VALUES(43, 12);
INSERT INTO user_follow(follower_id, following_id) VALUES(23, 43);
INSERT INTO user_follow(follower_id, following_id) VALUES(13, 8);
INSERT INTO user_follow(follower_id, following_id) VALUES(24, 17);
INSERT INTO user_follow(follower_id, following_id) VALUES(16, 13);
INSERT INTO user_follow(follower_id, following_id) VALUES(32, 39);
INSERT INTO user_follow(follower_id, following_id) VALUES(24, 35);
INSERT INTO user_follow(follower_id, following_id) VALUES(13, 44);
INSERT INTO user_follow(follower_id, following_id) VALUES(16, 40);
INSERT INTO user_follow(follower_id, following_id) VALUES(28, 5);
INSERT INTO user_follow(follower_id, following_id) VALUES(47, 18);
INSERT INTO user_follow(follower_id, following_id) VALUES(36, 18);
INSERT INTO user_follow(follower_id, following_id) VALUES(5, 12);
INSERT INTO user_follow(follower_id, following_id) VALUES(49, 46);
INSERT INTO user_follow(follower_id, following_id) VALUES(9, 10);
INSERT INTO user_follow(follower_id, following_id) VALUES(17, 23);
INSERT INTO user_follow(follower_id, following_id) VALUES(30, 41);
INSERT INTO user_follow(follower_id, following_id) VALUES(19, 41);
INSERT INTO user_follow(follower_id, following_id) VALUES(11, 37);
INSERT INTO user_follow(follower_id, following_id) VALUES(8, 50);
INSERT INTO user_follow(follower_id, following_id) VALUES(20, 15);
INSERT INTO user_follow(follower_id, following_id) VALUES(20, 24);
INSERT INTO user_follow(follower_id, following_id) VALUES(23, 20);
INSERT INTO user_follow(follower_id, following_id) VALUES(39, 46);
INSERT INTO user_follow(follower_id, following_id) VALUES(23, 29);
INSERT INTO user_follow(follower_id, following_id) VALUES(31, 42);
INSERT INTO user_follow(follower_id, following_id) VALUES(12, 38);
INSERT INTO user_follow(follower_id, following_id) VALUES(35, 3);
INSERT INTO user_follow(follower_id, following_id) VALUES(13, 3);
INSERT INTO user_follow(follower_id, following_id) VALUES(43, 16);
INSERT INTO user_follow(follower_id, following_id) VALUES(43, 25);
INSERT INTO user_follow(follower_id, following_id) VALUES(43, 34);
INSERT INTO user_follow(follower_id, following_id) VALUES(24, 30);
INSERT INTO user_follow(follower_id, following_id) VALUES(46, 27);
INSERT INTO user_follow(follower_id, following_id) VALUES(47, 4);
INSERT INTO user_follow(follower_id, following_id) VALUES(46, 45);
INSERT INTO user_follow(follower_id, following_id) VALUES(49, 41);
INSERT INTO user_follow(follower_id, following_id) VALUES(28, 18);
INSERT INTO user_follow(follower_id, following_id) VALUES(26, 48);
INSERT INTO user_follow(follower_id, following_id) VALUES(50, 24);
INSERT INTO user_follow(follower_id, following_id) VALUES(42, 29);
INSERT INTO user_follow(follower_id, following_id) VALUES(27, 49);
INSERT INTO user_follow(follower_id, following_id) VALUES(30, 45);
INSERT INTO user_follow(follower_id, following_id) VALUES(19, 45);
INSERT INTO user_follow(follower_id, following_id) VALUES(11, 50);
INSERT INTO user_follow(follower_id, following_id) VALUES(20, 28);
INSERT INTO user_follow(follower_id, following_id) VALUES(35, 16);
INSERT INTO user_follow(follower_id, following_id) VALUES(46, 31);
INSERT INTO user_follow(follower_id, following_id) VALUES(28, 4);
INSERT INTO user_follow(follower_id, following_id) VALUES(15, 34);
INSERT INTO user_follow(follower_id, following_id) VALUES(46, 49);
INSERT INTO user_follow(follower_id, following_id) VALUES(30, 22);
INSERT INTO user_follow(follower_id, following_id) VALUES(27, 35);
INSERT INTO user_follow(follower_id, following_id) VALUES(39, 9);
INSERT INTO user_follow(follower_id, following_id) VALUES(11, 27);
INSERT INTO user_follow(follower_id, following_id) VALUES(8, 40);
INSERT INTO user_follow(follower_id, following_id) VALUES(11, 36);
INSERT INTO user_follow(follower_id, following_id) VALUES(12, 1);
INSERT INTO user_follow(follower_id, following_id) VALUES(4, 15);
INSERT INTO user_follow(follower_id, following_id) VALUES(12, 28);
INSERT INTO user_follow(follower_id, following_id) VALUES(12, 37);
INSERT INTO user_follow(follower_id, following_id) VALUES(23, 37);
INSERT INTO user_follow(follower_id, following_id) VALUES(35, 11);
INSERT INTO user_follow(follower_id, following_id) VALUES(34, 43);
INSERT INTO user_follow(follower_id, following_id) VALUES(22, 41);
INSERT INTO user_follow(follower_id, following_id) VALUES(49, 13);
INSERT INTO user_follow(follower_id, following_id) VALUES(46, 44);
INSERT INTO user_follow(follower_id, following_id) VALUES(50, 5);
INSERT INTO user_follow(follower_id, following_id) VALUES(26, 47);
INSERT INTO user_follow(follower_id, following_id) VALUES(7, 43);
INSERT INTO user_follow(follower_id, following_id) VALUES(42, 10);
INSERT INTO user_follow(follower_id, following_id) VALUES(19, 8);
INSERT INTO user_follow(follower_id, following_id) VALUES(42, 19);
INSERT INTO user_follow(follower_id, following_id) VALUES(11, 13);
INSERT INTO user_follow(follower_id, following_id) VALUES(42, 28);
INSERT INTO user_follow(follower_id, following_id) VALUES(8, 26);
INSERT INTO user_follow(follower_id, following_id) VALUES(11, 22);
INSERT INTO user_follow(follower_id, following_id) VALUES(39, 22);
INSERT INTO user_follow(follower_id, following_id) VALUES(11, 40);
INSERT INTO user_follow(follower_id, following_id) VALUES(20, 18);
INSERT INTO user_follow(follower_id, following_id) VALUES(4, 1);
INSERT INTO user_follow(follower_id, following_id) VALUES(41, 50);
INSERT INTO user_follow(follower_id, following_id) VALUES(44, 46);
INSERT INTO user_follow(follower_id, following_id) VALUES(43, 1);
INSERT INTO user_follow(follower_id, following_id) VALUES(1, 4);
INSERT INTO user_follow(follower_id, following_id) VALUES(24, 6);
INSERT INTO user_follow(follower_id, following_id) VALUES(22, 36);
INSERT INTO user_follow(follower_id, following_id) VALUES(22, 45);
INSERT INTO user_follow(follower_id, following_id) VALUES(15, 24);
INSERT INTO user_follow(follower_id, following_id) VALUES(46, 39);
INSERT INTO user_follow(follower_id, following_id) VALUES(15, 33);
INSERT INTO user_follow(follower_id, following_id) VALUES(27, 7);
INSERT INTO user_follow(follower_id, following_id) VALUES(42, 5);
INSERT INTO user_follow(follower_id, following_id) VALUES(30, 3);
INSERT INTO user_follow(follower_id, following_id) VALUES(42, 14);
INSERT INTO user_follow(follower_id, following_id) VALUES(27, 25);
INSERT INTO user_follow(follower_id, following_id) VALUES(8, 21);
INSERT INTO user_follow(follower_id, following_id) VALUES(30, 21);
INSERT INTO user_follow(follower_id, following_id) VALUES(11, 17);
INSERT INTO user_follow(follower_id, following_id) VALUES(12, 9);
INSERT INTO user_follow(follower_id, following_id) VALUES(44, 50);
INSERT INTO user_follow(follower_id, following_id) VALUES(34, 15);
INSERT INTO user_follow(follower_id, following_id) VALUES(10, 48);
INSERT INTO user_follow(follower_id, following_id) VALUES(2, 44);
INSERT INTO user_follow(follower_id, following_id) VALUES(25, 46);
INSERT INTO user_follow(follower_id, following_id) VALUES(37, 20);
INSERT INTO user_follow(follower_id, following_id) VALUES(37, 29);
INSERT INTO user_follow(follower_id, following_id) VALUES(34, 42);
INSERT INTO user_follow(follower_id, following_id) VALUES(45, 42);
INSERT INTO user_follow(follower_id, following_id) VALUES(49, 21);
INSERT INTO user_follow(follower_id, following_id) VALUES(18, 24);
INSERT INTO user_follow(follower_id, following_id) VALUES(18, 42);
INSERT INTO user_follow(follower_id, following_id) VALUES(48, 43);
INSERT INTO user_follow(follower_id, following_id) VALUES(11, 3);
INSERT INTO user_follow(follower_id, following_id) VALUES(33, 27);
INSERT INTO user_follow(follower_id, following_id) VALUES(25, 32);
INSERT INTO user_follow(follower_id, following_id) VALUES(2, 39);
INSERT INTO user_follow(follower_id, following_id) VALUES(25, 41);
INSERT INTO user_follow(follower_id, following_id) VALUES(45, 19);
INSERT INTO user_follow(follower_id, following_id) VALUES(22, 17);
INSERT INTO user_follow(follower_id, following_id) VALUES(46, 2);
INSERT INTO user_follow(follower_id, following_id) VALUES(3, 40);
INSERT INTO user_follow(follower_id, following_id) VALUES(49, 16);
INSERT INTO user_follow(follower_id, following_id) VALUES(26, 14);
INSERT INTO user_follow(follower_id, following_id) VALUES(7, 37);
INSERT INTO user_follow(follower_id, following_id) VALUES(19, 11);
INSERT INTO user_follow(follower_id, following_id) VALUES(30, 11);
INSERT INTO user_follow(follower_id, following_id) VALUES(41, 8);
INSERT INTO user_follow(follower_id, following_id) VALUES(21, 39);
INSERT INTO user_follow(follower_id, following_id) VALUES(11, 16);
INSERT INTO user_follow(follower_id, following_id) VALUES(41, 17);
INSERT INTO user_follow(follower_id, following_id) VALUES(41, 35);
INSERT INTO user_follow(follower_id, following_id) VALUES(44, 31);
INSERT INTO user_follow(follower_id, following_id) VALUES(45, 5);
INSERT INTO user_follow(follower_id, following_id) VALUES(25, 36);
INSERT INTO user_follow(follower_id, following_id) VALUES(37, 1);
INSERT INTO user_follow(follower_id, following_id) VALUES(33, 49);
INSERT INTO user_follow(follower_id, following_id) VALUES(22, 12);
INSERT INTO user_follow(follower_id, following_id) VALUES(45, 14);
INSERT INTO user_follow(follower_id, following_id) VALUES(44, 49);
INSERT INTO user_follow(follower_id, following_id) VALUES(37, 10);
INSERT INTO user_follow(follower_id, following_id) VALUES(45, 32);
INSERT INTO user_follow(follower_id, following_id) VALUES(14, 44);
INSERT INTO user_follow(follower_id, following_id) VALUES(17, 46);
INSERT INTO user_follow(follower_id, following_id) VALUES(21, 34);
INSERT INTO user_follow(follower_id, following_id) VALUES(10, 33);
INSERT INTO user_follow(follower_id, following_id) VALUES(25, 31);
INSERT INTO user_follow(follower_id, following_id) VALUES(2, 29);
INSERT INTO user_follow(follower_id, following_id) VALUES(45, 9);
INSERT INTO user_follow(follower_id, following_id) VALUES(2, 38);
INSERT INTO user_follow(follower_id, following_id) VALUES(45, 18);
INSERT INTO user_follow(follower_id, following_id) VALUES(3, 12);
INSERT INTO user_follow(follower_id, following_id) VALUES(37, 14);
INSERT INTO user_follow(follower_id, following_id) VALUES(43, 48);
INSERT INTO user_follow(follower_id, following_id) VALUES(47, 36);
INSERT INTO user_follow(follower_id, following_id) VALUES(28, 32);
INSERT INTO user_follow(follower_id, following_id) VALUES(47, 45);
INSERT INTO user_follow(follower_id, following_id) VALUES(6, 40);
INSERT INTO user_follow(follower_id, following_id) VALUES(44, 12);
INSERT INTO user_follow(follower_id, following_id) VALUES(2, 15);
INSERT INTO user_follow(follower_id, following_id) VALUES(33, 30);
INSERT INTO user_follow(follower_id, following_id) VALUES(2, 24);
INSERT INTO user_follow(follower_id, following_id) VALUES(14, 7);
INSERT INTO user_follow(follower_id, following_id) VALUES(13, 48);
INSERT INTO user_follow(follower_id, following_id) VALUES(36, 22);
INSERT INTO user_follow(follower_id, following_id) VALUES(47, 22);
INSERT INTO user_follow(follower_id, following_id) VALUES(5, 34);
INSERT INTO user_follow(follower_id, following_id) VALUES(28, 36);
INSERT INTO user_follow(follower_id, following_id) VALUES(17, 45);
INSERT INTO user_follow(follower_id, following_id) VALUES(40, 10);
INSERT INTO user_follow(follower_id, following_id) VALUES(9, 50);
INSERT INTO user_follow(follower_id, following_id) VALUES(6, 26);
INSERT INTO user_follow(follower_id, following_id) VALUES(10, 14);
INSERT INTO user_follow(follower_id, following_id) VALUES(20, 46);
INSERT INTO user_follow(follower_id, following_id) VALUES(10, 23);
INSERT INTO user_follow(follower_id, following_id) VALUES(43, 38);
INSERT INTO user_follow(follower_id, following_id) VALUES(24, 34);
INSERT INTO user_follow(follower_id, following_id) VALUES(14, 11);
INSERT INTO user_follow(follower_id, following_id) VALUES(48, 9);
INSERT INTO user_follow(follower_id, following_id) VALUES(48, 18);
INSERT INTO user_follow(follower_id, following_id) VALUES(28, 49);
INSERT INTO user_follow(follower_id, following_id) VALUES(40, 14);
INSERT INTO user_follow(follower_id, following_id) VALUES(6, 21);
INSERT INTO user_follow(follower_id, following_id) VALUES(40, 32);
INSERT INTO user_follow(follower_id, following_id) VALUES(39, 36);
INSERT INTO user_follow(follower_id, following_id) VALUES(10, 9);
INSERT INTO user_follow(follower_id, following_id) VALUES(2, 5);
INSERT INTO user_follow(follower_id, following_id) VALUES(25, 7);
INSERT INTO user_follow(follower_id, following_id) VALUES(20, 50);
INSERT INTO user_follow(follower_id, following_id) VALUES(22, 1);
INSERT INTO user_follow(follower_id, following_id) VALUES(35, 29);
INSERT INTO user_follow(follower_id, following_id) VALUES(13, 29);
INSERT INTO user_follow(follower_id, following_id) VALUES(13, 47);
INSERT INTO user_follow(follower_id, following_id) VALUES(1, 45);
INSERT INTO user_follow(follower_id, following_id) VALUES(16, 43);
INSERT INTO user_follow(follower_id, following_id) VALUES(36, 21);
INSERT INTO user_follow(follower_id, following_id) VALUES(47, 21);
INSERT INTO user_follow(follower_id, following_id) VALUES(47, 30);
INSERT INTO user_follow(follower_id, following_id) VALUES(17, 35);
INSERT INTO user_follow(follower_id, following_id) VALUES(5, 42);
INSERT INTO user_follow(follower_id, following_id) VALUES(29, 9);
INSERT INTO user_follow(follower_id, following_id) VALUES(9, 40);
INSERT INTO user_follow(follower_id, following_id) VALUES(6, 16);
INSERT INTO user_follow(follower_id, following_id) VALUES(21, 23);
INSERT INTO user_follow(follower_id, following_id) VALUES(20, 27);
INSERT INTO user_follow(follower_id, following_id) VALUES(39, 40);
INSERT INTO user_follow(follower_id, following_id) VALUES(23, 32);
INSERT INTO user_follow(follower_id, following_id) VALUES(2, 9);
INSERT INTO user_follow(follower_id, following_id) VALUES(31, 45);
INSERT INTO user_follow(follower_id, following_id) VALUES(32, 19);
INSERT INTO user_follow(follower_id, following_id) VALUES(35, 33);
INSERT INTO user_follow(follower_id, following_id) VALUES(1, 40);
INSERT INTO user_follow(follower_id, following_id) VALUES(17, 12);
INSERT INTO user_follow(follower_id, following_id) VALUES(36, 25);
INSERT INTO user_follow(follower_id, following_id) VALUES(28, 21);
INSERT INTO user_follow(follower_id, following_id) VALUES(17, 21);
INSERT INTO user_follow(follower_id, following_id) VALUES(28, 30);
INSERT INTO user_follow(follower_id, following_id) VALUES(9, 26);
INSERT INTO user_follow(follower_id, following_id) VALUES(42, 32);
INSERT INTO user_follow(follower_id, following_id) VALUES(19, 39);
INSERT INTO user_follow(follower_id, following_id) VALUES(32, 5);
INSERT INTO user_follow(follower_id, following_id) VALUES(12, 36);
INSERT INTO user_follow(follower_id, following_id) VALUES(35, 1);
INSERT INTO user_follow(follower_id, following_id) VALUES(20, 49);
INSERT INTO user_follow(follower_id, following_id) VALUES(32, 14);
INSERT INTO user_follow(follower_id, following_id) VALUES(24, 10);
INSERT INTO user_follow(follower_id, following_id) VALUES(43, 32);
INSERT INTO user_follow(follower_id, following_id) VALUES(35, 28);
INSERT INTO user_follow(follower_id, following_id) VALUES(16, 24);
INSERT INTO user_follow(follower_id, following_id) VALUES(46, 34);
INSERT INTO user_follow(follower_id, following_id) VALUES(38, 14);
INSERT INTO user_follow(follower_id, following_id) VALUES(50, 22);
INSERT INTO user_follow(follower_id, following_id) VALUES(50, 40);
INSERT INTO user_follow(follower_id, following_id) VALUES(30, 43);
INSERT INTO user_follow(follower_id, following_id) VALUES(12, 13);
INSERT INTO user_follow(follower_id, following_id) VALUES(32, 9);
INSERT INTO user_follow(follower_id, following_id) VALUES(1, 3);
INSERT INTO user_follow(follower_id, following_id) VALUES(32, 18);
INSERT INTO user_follow(follower_id, following_id) VALUES(12, 49);
INSERT INTO user_follow(follower_id, following_id) VALUES(35, 14);
INSERT INTO user_follow(follower_id, following_id) VALUES(4, 45);
INSERT INTO user_follow(follower_id, following_id) VALUES(35, 23);
INSERT INTO user_follow(follower_id, following_id) VALUES(1, 39);
INSERT INTO user_follow(follower_id, following_id) VALUES(36, 6);
INSERT INTO user_follow(follower_id, following_id) VALUES(46, 38);
INSERT INTO user_follow(follower_id, following_id) VALUES(49, 34);
INSERT INTO user_follow(follower_id, following_id) VALUES(15, 41);
INSERT INTO user_follow(follower_id, following_id) VALUES(50, 8);
INSERT INTO user_follow(follower_id, following_id) VALUES(27, 24);
INSERT INTO user_follow(follower_id, following_id) VALUES(30, 29);
INSERT INTO user_follow(follower_id, following_id) VALUES(30, 38);
INSERT INTO user_follow(follower_id, following_id) VALUES(31, 3);
INSERT INTO user_follow(follower_id, following_id) VALUES(42, 49);
INSERT INTO user_follow(follower_id, following_id) VALUES(39, 25);
INSERT INTO user_follow(follower_id, following_id) VALUES(11, 43);
INSERT INTO user_follow(follower_id, following_id) VALUES(20, 21);
INSERT INTO user_follow(follower_id, following_id) VALUES(12, 26);
INSERT INTO user_follow(follower_id, following_id) VALUES(31, 39);
INSERT INTO user_follow(follower_id, following_id) VALUES(43, 4);
INSERT INTO user_follow(follower_id, following_id) VALUES(4, 31);
INSERT INTO user_follow(follower_id, following_id) VALUES(34, 32);
INSERT INTO user_follow(follower_id, following_id) VALUES(46, 24);
INSERT INTO user_follow(follower_id, following_id) VALUES(49, 38);
INSERT INTO user_follow(follower_id, following_id) VALUES(27, 10);
INSERT INTO user_follow(follower_id, following_id) VALUES(7, 50);
INSERT INTO user_follow(follower_id, following_id) VALUES(8, 15);
INSERT INTO user_follow(follower_id, following_id) VALUES(8, 42);
INSERT INTO user_follow(follower_id, following_id) VALUES(20, 25);
INSERT INTO user_follow(follower_id, following_id) VALUES(34, 27);
INSERT INTO user_follow(follower_id, following_id) VALUES(1, 11);
INSERT INTO user_follow(follower_id, following_id) VALUES(37, 50);
INSERT INTO user_follow(follower_id, following_id) VALUES(46, 28);
INSERT INTO user_follow(follower_id, following_id) VALUES(26, 22);
INSERT INTO user_follow(follower_id, following_id) VALUES(46, 37);
INSERT INTO user_follow(follower_id, following_id) VALUES(15, 31);
INSERT INTO user_follow(follower_id, following_id) VALUES(7, 27);
INSERT INTO user_follow(follower_id, following_id) VALUES(38, 42);
INSERT INTO user_follow(follower_id, following_id) VALUES(7, 45);
INSERT INTO user_follow(follower_id, following_id) VALUES(42, 12);
INSERT INTO user_follow(follower_id, following_id) VALUES(8, 10);
INSERT INTO user_follow(follower_id, following_id) VALUES(19, 10);
INSERT INTO user_follow(follower_id, following_id) VALUES(39, 6);
INSERT INTO user_follow(follower_id, following_id) VALUES(31, 2);
INSERT INTO user_follow(follower_id, following_id) VALUES(44, 39);
INSERT INTO user_follow(follower_id, following_id) VALUES(44, 48);
INSERT INTO user_follow(follower_id, following_id) VALUES(22, 29);
INSERT INTO user_follow(follower_id, following_id) VALUES(34, 31);
INSERT INTO user_follow(follower_id, following_id) VALUES(45, 49);
INSERT INTO user_follow(follower_id, following_id) VALUES(7, 22);
INSERT INTO user_follow(follower_id, following_id) VALUES(27, 9);
INSERT INTO user_follow(follower_id, following_id) VALUES(27, 18);
INSERT INTO user_follow(follower_id, following_id) VALUES(30, 32);
INSERT INTO user_follow(follower_id, following_id) VALUES(11, 28);
INSERT INTO user_follow(follower_id, following_id) VALUES(23, 11);
INSERT INTO user_follow(follower_id, following_id) VALUES(33, 43);
INSERT INTO user_follow(follower_id, following_id) VALUES(34, 17);
INSERT INTO user_follow(follower_id, following_id) VALUES(37, 13);
INSERT INTO user_follow(follower_id, following_id) VALUES(14, 20);
INSERT INTO user_follow(follower_id, following_id) VALUES(14, 29);
INSERT INTO user_follow(follower_id, following_id) VALUES(45, 44);
INSERT INTO user_follow(follower_id, following_id) VALUES(34, 44);
INSERT INTO user_follow(follower_id, following_id) VALUES(37, 40);
INSERT INTO user_follow(follower_id, following_id) VALUES(26, 12);
INSERT INTO liked_track(user_id, track_id) VALUES(42, '0Hs5enNuaAXmJssAybWbOw');
INSERT INTO liked_track(user_id, track_id) VALUES(42, '5Ee4IyhPaOVRMc15fUOeG9');
INSERT INTO liked_track(user_id, track_id) VALUES(20, '2AIjSWNQRXGemKc6zl22DP');
INSERT INTO liked_track(user_id, track_id) VALUES(4, '13e6f8t7RKXuxZ0JdaaJRG');
INSERT INTO liked_track(user_id, track_id) VALUES(6, '0awWj9Wzj375IL5etqa1Dk');
INSERT INTO liked_track(user_id, track_id) VALUES(17, '40MXr7BMh3ShPf2b9giSRt');
INSERT INTO liked_track(user_id, track_id) VALUES(16, '2GyuqH5D6TZCF11d07suGM');
INSERT INTO liked_track(user_id, track_id) VALUES(23, '4kdfjhj9xNkYU0R8xlDy8k');
INSERT INTO liked_track(user_id, track_id) VALUES(6, '7Gvjyorf9YUq4RgJ3hAYuk');
INSERT INTO liked_track(user_id, track_id) VALUES(2, '1G73gINM14qd8cE3Lf8V1z');
INSERT INTO liked_track(user_id, track_id) VALUES(3, '6H0uHtgOFj6EGmnJfVwXpx');
INSERT INTO liked_track(user_id, track_id) VALUES(22, '3O8NlPh2LByMU9lSRSHedm');
INSERT INTO liked_track(user_id, track_id) VALUES(17, '1rKQjUhF9zFJmuUotr3VkV');
INSERT INTO liked_track(user_id, track_id) VALUES(25, '25C86uEjQ0fjj3bvsxIusO');
INSERT INTO liked_track(user_id, track_id) VALUES(25, '3s4nSw9yp1wdyHCmRFYvtI');
INSERT INTO liked_track(user_id, track_id) VALUES(26, '3TBFOYhRrY2lL4lcmtvIrU');
INSERT INTO liked_track(user_id, track_id) VALUES(32, '06Ai7l5EODiJQ6dMFfh2Vj');
INSERT INTO liked_track(user_id, track_id) VALUES(28, '1ywwObadN3168Hibf5yblZ');
INSERT INTO liked_track(user_id, track_id) VALUES(50, '3k7FTBQkstaBcYHamx9jqe');
INSERT INTO liked_track(user_id, track_id) VALUES(43, '1o844wI52S3TjXGBwvGcc7');
INSERT INTO liked_track(user_id, track_id) VALUES(34, '4FIgHqXd4KkOwxrGeLDYM2');
INSERT INTO liked_track(user_id, track_id) VALUES(48, '7bi5vk9KoY6Flkat31ViYD');
INSERT INTO liked_track(user_id, track_id) VALUES(41, '2vDmBkhsSCITBNt9u2nYSD');
INSERT INTO liked_track(user_id, track_id) VALUES(43, '2xqYe0JXuRj68Cu9pw1Htq');
INSERT INTO liked_track(user_id, track_id) VALUES(29, '3mynPhglTz2Ggh8SxA34kR');
INSERT INTO liked_track(user_id, track_id) VALUES(19, '2tUL6dZf1mywCj5WvCPZw6');
INSERT INTO liked_track(user_id, track_id) VALUES(27, '7LOV1wyhrT7XjFgbz5sJ88');
INSERT INTO liked_track(user_id, track_id) VALUES(32, '3vAdBZvbr3bFBiSLT4iVap');
INSERT INTO liked_track(user_id, track_id) VALUES(9, '364ciSfW74iruR0KZcycP4');
INSERT INTO liked_track(user_id, track_id) VALUES(10, '4zwSYiO3hXJhf3kbdOTDAU');
INSERT INTO liked_track(user_id, track_id) VALUES(21, '4cm7Ap6IWH6m8JyB9IXT3x');
INSERT INTO liked_track(user_id, track_id) VALUES(6, '3YcDJOpqGjXj6AYhneCXGX');
INSERT INTO liked_track(user_id, track_id) VALUES(21, '5HUQPQ9E1a4er4UhB8C7Rc');
INSERT INTO liked_track(user_id, track_id) VALUES(36, '58yC1Q6XKjmHeWkEWh9O6B');
INSERT INTO liked_track(user_id, track_id) VALUES(33, '0DULYwlJVbkTTqA8ji6uSR');
INSERT INTO liked_track(user_id, track_id) VALUES(27, '2GyuqH5D6TZCF11d07suGM');
INSERT INTO liked_track(user_id, track_id) VALUES(16, '5BRtwCczOItgTOfabyWgkJ');
INSERT INTO liked_track(user_id, track_id) VALUES(34, '4k2iYdpCZYH3eQX2bVKOku');
INSERT INTO liked_track(user_id, track_id) VALUES(3, '1AqyAbANWcx0B4f0WpYeM2');
INSERT INTO liked_track(user_id, track_id) VALUES(17, '0sTBOp1hdayTjw6UOyPyi6');
INSERT INTO liked_track(user_id, track_id) VALUES(34, '1WFj1P1TUJJXH1R41PP9Vg');
INSERT INTO liked_track(user_id, track_id) VALUES(22, '5mEE5p155rwEwxk83wcRIZ');
INSERT INTO liked_track(user_id, track_id) VALUES(24, '4z66pUh3MsTiZIofVjKLuE');
INSERT INTO liked_track(user_id, track_id) VALUES(50, '2pIUpMhHL6L9Z5lnKxJJr9');
INSERT INTO liked_track(user_id, track_id) VALUES(6, '7uHF03xE84sQ5PicRNH3yu');
INSERT INTO liked_track(user_id, track_id) VALUES(12, '5RlqhZfTao31aQUO2QjpkG');
INSERT INTO liked_track(user_id, track_id) VALUES(45, '04Hw5Dz4VHROkOtVxqMXGk');
INSERT INTO liked_track(user_id, track_id) VALUES(23, '7oSjDQf4kkFTxWWgdrgy3h');
INSERT INTO liked_track(user_id, track_id) VALUES(15, '7sBwAWyXfiIgrYQ8BaJESH');
INSERT INTO liked_track(user_id, track_id) VALUES(47, '1CPZ5BxNNd0n0nF4Orb9JS');
INSERT INTO liked_track(user_id, track_id) VALUES(12, '2pIUpMhHL6L9Z5lnKxJJr9');
INSERT INTO liked_track(user_id, track_id) VALUES(5, '2OWXH98HPXFR7uelLTVF8y');
INSERT INTO liked_track(user_id, track_id) VALUES(4, '1wFFFzJ5EsKbBWZriAcubN');
INSERT INTO liked_track(user_id, track_id) VALUES(44, '1gGU3FKR2pXcYpaLb4fAVn');
INSERT INTO liked_track(user_id, track_id) VALUES(3, '5cVALf3PKOmtXBYrsMUXlq');
INSERT INTO liked_track(user_id, track_id) VALUES(7, '5M2lX0ZAYSAzCs1xPPi9BX');
INSERT INTO liked_track(user_id, track_id) VALUES(34, '47SC5wI2ZEd2DwQuJNzCHL');
INSERT INTO liked_track(user_id, track_id) VALUES(9, '6MEgCPsZ85jsMRswd0yPi9');
INSERT INTO liked_track(user_id, track_id) VALUES(50, '3r9jWD2MMaRN3ptJGt4nec');
INSERT INTO liked_track(user_id, track_id) VALUES(14, '7nEHTOQJqKCx7Dvgng3l8t');
INSERT INTO liked_track(user_id, track_id) VALUES(19, '1us5wNgZc0YLT8RQQs2Q7L');
INSERT INTO liked_track(user_id, track_id) VALUES(14, '0SZZOg2yCKMN4VMAsrIDaK');
INSERT INTO liked_track(user_id, track_id) VALUES(42, '4ioOuBakOUKAdSpm9E46kP');
INSERT INTO liked_track(user_id, track_id) VALUES(17, '5syO3TqduLpA8GcQqPfLAE');
INSERT INTO liked_track(user_id, track_id) VALUES(10, '2YSzYUF3jWqb9YP9VXmpjE');
INSERT INTO liked_track(user_id, track_id) VALUES(48, '4cRBqWBjuccCowYVHFlXK6');
INSERT INTO liked_track(user_id, track_id) VALUES(4, '3XuUzHVw3f2wZRE6RyoMtM');
INSERT INTO liked_track(user_id, track_id) VALUES(30, '6YDzHGpFbJS8JlwxnBpbkX');
INSERT INTO liked_track(user_id, track_id) VALUES(28, '6a8vt3DULkInboV43feS5I');
INSERT INTO liked_track(user_id, track_id) VALUES(4, '172dNs9GzyTXN6Sgs3Mr1O');
INSERT INTO liked_track(user_id, track_id) VALUES(31, '6fIYR2aSdWgQRgYmQ1Wahh');
INSERT INTO liked_track(user_id, track_id) VALUES(49, '2X32KinciUCloLWMGpTCFU');
INSERT INTO liked_track(user_id, track_id) VALUES(1, '3kgqHVqfiabABjaFi9Tnhn');
INSERT INTO liked_track(user_id, track_id) VALUES(45, '62puT51UXXLEO7I60DMDwC');
INSERT INTO liked_track(user_id, track_id) VALUES(38, '2HSmyk2qMN8WQjuGhaQgCk');
INSERT INTO liked_track(user_id, track_id) VALUES(43, '5c5FujzDDLo3XYss4OO3hi');
INSERT INTO liked_track(user_id, track_id) VALUES(41, '2GunxLIF4vI2rV218VktP6');
INSERT INTO liked_track(user_id, track_id) VALUES(38, '37KFAFhcMGZg3CcAUBVu52');
INSERT INTO liked_track(user_id, track_id) VALUES(24, '78aURwMzynDMan7DfSWwsI');
INSERT INTO liked_track(user_id, track_id) VALUES(8, '7LT5HRxYa3QGKibJfdhDh6');
INSERT INTO liked_track(user_id, track_id) VALUES(9, '0xa4hvXeYHRRNhA7wBfUar');
INSERT INTO liked_track(user_id, track_id) VALUES(21, '57GsLpRtEtrzcPGPop20rS');
INSERT INTO liked_track(user_id, track_id) VALUES(6, '4e0uZkMYa8e8HJ5TEUN417');
INSERT INTO liked_track(user_id, track_id) VALUES(31, '0MjRPE2eH1ZQm9DC3BtZyq');
INSERT INTO liked_track(user_id, track_id) VALUES(46, '1WFj1P1TUJJXH1R41PP9Vg');
INSERT INTO liked_track(user_id, track_id) VALUES(42, '03L2AoiRbWhvt7BDMx1jUB');
INSERT INTO liked_track(user_id, track_id) VALUES(19, '6Ho58vQUjGnBU9m8Z6uNcv');
INSERT INTO liked_track(user_id, track_id) VALUES(24, '4BhGTc3Cgay2U1QcTS7vQe');
INSERT INTO liked_track(user_id, track_id) VALUES(29, '1vZlLxDDSn6JE0aSC1KHnx');
INSERT INTO liked_track(user_id, track_id) VALUES(37, '3i2w6O98pzUUmqRJavWF6f');
INSERT INTO liked_track(user_id, track_id) VALUES(18, '3dhjNA0jGA8vHBQ1VdD6vV');
INSERT INTO liked_track(user_id, track_id) VALUES(32, '3weHnt82LuCTMa2AnZFM78');
INSERT INTO liked_track(user_id, track_id) VALUES(35, '172dNs9GzyTXN6Sgs3Mr1O');
INSERT INTO liked_track(user_id, track_id) VALUES(34, '04xEHIAK4MsI7ZSN1hSDQN');
INSERT INTO liked_track(user_id, track_id) VALUES(9, '285Bh5EkbxGGE76ge8JDbH');
INSERT INTO liked_track(user_id, track_id) VALUES(4, '4UEcgapaOf3Y1azxXPDjz1');
INSERT INTO liked_track(user_id, track_id) VALUES(27, '4u22BVdDV2pXxpaqfKoBaU');
INSERT INTO liked_track(user_id, track_id) VALUES(23, '39PgM7eFpkCYFENXgdFQnG');
INSERT INTO liked_track(user_id, track_id) VALUES(46, '3szf2z1Cy1QMrtHrbn8rz9');
INSERT INTO liked_track(user_id, track_id) VALUES(32, '37Nqx7iavZpotJSDXZWbJ3');
INSERT INTO liked_track(user_id, track_id) VALUES(4, '7uVKvaDWDpss7Ldj9kypLX');
INSERT INTO liked_track(user_id, track_id) VALUES(21, '1h345CZmt3uU9bym4GETWd');
INSERT INTO liked_track(user_id, track_id) VALUES(21, '4EDijkJdHBZZ0GwJ12iTAj');
INSERT INTO liked_track(user_id, track_id) VALUES(19, '0Hs5enNuaAXmJssAybWbOw');
INSERT INTO liked_track(user_id, track_id) VALUES(6, '03mq0kiUpHJtq7px3ZSTYK');
INSERT INTO liked_track(user_id, track_id) VALUES(36, '6i5fDaCzwxRrZtuvvcqoIf');
INSERT INTO liked_track(user_id, track_id) VALUES(5, '12d5QFwzh60IIHlsSnAvps');
INSERT INTO liked_track(user_id, track_id) VALUES(48, '63RDKBQabA00X6EeU5dhke');
INSERT INTO liked_track(user_id, track_id) VALUES(44, '2tUL6dZf1mywCj5WvCPZw6');
INSERT INTO liked_track(user_id, track_id) VALUES(26, '7LrJvgTAuXnRgJvnsrHx57');
INSERT INTO liked_track(user_id, track_id) VALUES(18, '4m1ljdrm6B5j4mz61vw2rN');
INSERT INTO liked_track(user_id, track_id) VALUES(3, '4FDSPGncHRpr6yB8DD4CtI');
INSERT INTO liked_track(user_id, track_id) VALUES(44, '031EUIoek6o9JgkGqLOq1g');
INSERT INTO liked_track(user_id, track_id) VALUES(12, '7skxtd9x0d05fjz4D7w3t2');
INSERT INTO liked_track(user_id, track_id) VALUES(10, '6zKlGJXteHq8KRKaLnUfCs');
INSERT INTO liked_track(user_id, track_id) VALUES(44, '0f8PmjBDqhUYDipxqMieOY');
INSERT INTO liked_track(user_id, track_id) VALUES(49, '1GpWY5RiInhezB8wGWs6oN');
INSERT INTO liked_track(user_id, track_id) VALUES(17, '36K5mnqwfxGS0rvxz7FPyq');
INSERT INTO liked_track(user_id, track_id) VALUES(3, '5idmfDT06TjCQ1SPDsa5qh');
INSERT INTO liked_track(user_id, track_id) VALUES(23, '6jy9yJfgCsMHdu2Oz4BGKX');
INSERT INTO liked_track(user_id, track_id) VALUES(21, '0UGdO687azruy9tFlCxO6F');
INSERT INTO liked_track(user_id, track_id) VALUES(38, '02sy7FAs8dkDNYsHp4Ul3f');
INSERT INTO liked_track(user_id, track_id) VALUES(19, '0lUWGCpXozLqApCdup94Tu');
INSERT INTO liked_track(user_id, track_id) VALUES(28, '167wD7BlzcLxsX8PlSujCa');
INSERT INTO liked_track(user_id, track_id) VALUES(34, '3r9jWD2MMaRN3ptJGt4nec');
INSERT INTO liked_track(user_id, track_id) VALUES(15, '34QlcZ3BZxRrZh4x3jMm1A');
INSERT INTO liked_track(user_id, track_id) VALUES(7, '0a4MMyCrzT0En247IhqZbD');
INSERT INTO liked_track(user_id, track_id) VALUES(21, '57zypVDrqyXAJhnfvd3v8j');
INSERT INTO liked_track(user_id, track_id) VALUES(35, '7qmvLmX9tyaTiBAVNI6YEn');
INSERT INTO liked_track(user_id, track_id) VALUES(9, '0iURDeNo6p5nSZfSQa0CX0');
INSERT INTO liked_track(user_id, track_id) VALUES(26, '7H3cuCPaX9WHZXQ0Q9RlxH');
INSERT INTO liked_track(user_id, track_id) VALUES(28, '1cdbkpZ3q1KYZDNSrOpdkb');
INSERT INTO liked_track(user_id, track_id) VALUES(32, '4YS0JF9kSLe15ggwOQqQit');
INSERT INTO liked_track(user_id, track_id) VALUES(24, '0EEWTcPyVbce01VoNSWYgF');
INSERT INTO liked_track(user_id, track_id) VALUES(27, '58gGH6ezvusTaqWKJRqHPC');
INSERT INTO liked_track(user_id, track_id) VALUES(43, '0awWj9Wzj375IL5etqa1Dk');
INSERT INTO liked_track(user_id, track_id) VALUES(16, '3iPmwJh56xbDF7Xduimf0d');
INSERT INTO liked_track(user_id, track_id) VALUES(42, '7HK0ZDEsW0lGKKIVYvni2z');
INSERT INTO liked_track(user_id, track_id) VALUES(21, '0Hs5enNuaAXmJssAybWbOw');
INSERT INTO liked_track(user_id, track_id) VALUES(6, '3QXov5M0VLI3ROldfiSwj0');
INSERT INTO liked_track(user_id, track_id) VALUES(11, '65FftemJ1DbbZ45DUfHJXE');
INSERT INTO liked_track(user_id, track_id) VALUES(43, '6PQmdkH9fRdQkWaVInbwKS');
INSERT INTO liked_track(user_id, track_id) VALUES(30, '1x1oCGsFUDViOvcISuoKW0');
INSERT INTO liked_track(user_id, track_id) VALUES(42, '19ClKDKtc1a4tjtoluSpRO');
INSERT INTO liked_track(user_id, track_id) VALUES(29, '3SnXwQUrvSacFziUYXTNKY');
INSERT INTO liked_track(user_id, track_id) VALUES(25, '3RXUgPNIbUgFxsDWuBQEt6');
INSERT INTO liked_track(user_id, track_id) VALUES(34, '1nH2PkJL1XoUq8oE6tBZoU');
INSERT INTO liked_track(user_id, track_id) VALUES(22, '0Hs5enNuaAXmJssAybWbOw');
INSERT INTO liked_track(user_id, track_id) VALUES(31, '6GRwto16rPuypVyb2Z5rLh');
INSERT INTO liked_track(user_id, track_id) VALUES(17, '0qBeDyhZu5oER3MEu3lQ3P');
INSERT INTO liked_track(user_id, track_id) VALUES(11, '3RUVLIRUNA3KHLt8pd8PL6');
INSERT INTO liked_track(user_id, track_id) VALUES(23, '2kZrNgPMKiFH64LXWeWciR');
INSERT INTO liked_track(user_id, track_id) VALUES(8, '7e7aslhXJZj4d0trBrensY');
INSERT INTO liked_track(user_id, track_id) VALUES(4, '2d8xiUGjUalhOp4t6M2i0w');
INSERT INTO liked_track(user_id, track_id) VALUES(39, '3RUVLIRUNA3KHLt8pd8PL6');
INSERT INTO liked_track(user_id, track_id) VALUES(33, '24U2Psvkehn58QdLvZ50s8');
INSERT INTO liked_track(user_id, track_id) VALUES(13, '2uTG00P1DkhB97pdITkl2O');
INSERT INTO liked_track(user_id, track_id) VALUES(40, '6V9TlCdwLeQes4FX5zxz3f');
INSERT INTO liked_track(user_id, track_id) VALUES(25, '2X32KinciUCloLWMGpTCFU');
INSERT INTO liked_track(user_id, track_id) VALUES(39, '0Fsl0mlmjIrAwjIwjFQ8NC');
INSERT INTO liked_track(user_id, track_id) VALUES(10, '5673WA8EEUSPx1ir26lhGW');
INSERT INTO liked_track(user_id, track_id) VALUES(1, '0MHStU0muAIEMbwdnebYu2');
INSERT INTO liked_track(user_id, track_id) VALUES(47, '1kNdtonJXHorsVpWerK8C2');
INSERT INTO liked_track(user_id, track_id) VALUES(43, '5nvRWKWqHFMAxAxPTzDr0R');
INSERT INTO liked_track(user_id, track_id) VALUES(29, '2wmYDj7JwiZOc8EwtRU72N');
INSERT INTO liked_track(user_id, track_id) VALUES(25, '13NAmCCRYxRcr2NEtiWGa8');
INSERT INTO liked_track(user_id, track_id) VALUES(50, '7y6c07pgjZvtHI9kuMVqk1');
INSERT INTO liked_track(user_id, track_id) VALUES(41, '4z66pUh3MsTiZIofVjKLuE');
INSERT INTO liked_track(user_id, track_id) VALUES(8, '2GunxLIF4vI2rV218VktP6');
INSERT INTO liked_track(user_id, track_id) VALUES(15, '3IDZYcnTpLKKaB0KoW3BoE');
INSERT INTO liked_track(user_id, track_id) VALUES(3, '27BgDmciSjoxTG0almHTpZ');
INSERT INTO liked_track(user_id, track_id) VALUES(33, '71VKjJjn76sn5Tt8X8Ay8c');
INSERT INTO liked_track(user_id, track_id) VALUES(16, '5YjTawmFVPxnKcO3RktXGs');
INSERT INTO liked_track(user_id, track_id) VALUES(10, '6cViXqp01e3FrAaseuiSAV');
INSERT INTO liked_track(user_id, track_id) VALUES(13, '0xa4hvXeYHRRNhA7wBfUar');
INSERT INTO liked_track(user_id, track_id) VALUES(9, '0ArVfVP8B5svkfj8clHNzB');
INSERT INTO liked_track(user_id, track_id) VALUES(35, '4k2iYdpCZYH3eQX2bVKOku');
INSERT INTO liked_track(user_id, track_id) VALUES(19, '5Ermk04tSk2Z7mfVDcP6EG');
INSERT INTO liked_track(user_id, track_id) VALUES(20, '0K3w6WNawZlv6Izmsrye8o');
INSERT INTO liked_track(user_id, track_id) VALUES(37, '2mmUoyPxzbxehpfm1TpTRK');
INSERT INTO liked_track(user_id, track_id) VALUES(40, '6zzdyvVWjGrQBraSvuqJPY');
INSERT INTO liked_track(user_id, track_id) VALUES(47, '6rZ1ZoOM1FaX3RU5FXUDlk');
INSERT INTO liked_track(user_id, track_id) VALUES(6, '3oCrC1928WBf3P3kgDQNx9');
INSERT INTO liked_track(user_id, track_id) VALUES(29, '6C6fHTuFUxVtJpBOOaMvJr');
INSERT INTO liked_track(user_id, track_id) VALUES(34, '7Gvjyorf9YUq4RgJ3hAYuk');
INSERT INTO liked_track(user_id, track_id) VALUES(6, '40iJIUlhi6renaREYGeIDS');
INSERT INTO liked_track(user_id, track_id) VALUES(19, '41a7dZcq30Ss5kPMayWRV0');
INSERT INTO liked_track(user_id, track_id) VALUES(15, '1G2X1zx9IIuAB2N9qsB25a');
INSERT INTO liked_track(user_id, track_id) VALUES(23, '4q75XguyPrsduy70hcBVFu');
INSERT INTO liked_track(user_id, track_id) VALUES(4, '6j2bB0QY86xeeESfdA8Tn3');
INSERT INTO liked_track(user_id, track_id) VALUES(31, '3lkkkYc1wBj5l3FVlpqvP6');
INSERT INTO liked_track(user_id, track_id) VALUES(8, '4gQBXN2GBRpemMuxg5y3h9');
INSERT INTO liked_track(user_id, track_id) VALUES(36, '2pt2kyz1awkjq3CJxt1SnE');
INSERT INTO liked_track(user_id, track_id) VALUES(24, '0z7S7ArhLtHl2vzXyYPfIH');
INSERT INTO liked_track(user_id, track_id) VALUES(3, '7DKS0rX27cCEPsK0R6tFWS');
INSERT INTO liked_track(user_id, track_id) VALUES(2, '2uUnODsWs7UZhXjmcKM9J6');
INSERT INTO liked_track(user_id, track_id) VALUES(26, '6a4GH1gljLL7VvmO9u5O92');
INSERT INTO liked_track(user_id, track_id) VALUES(31, '1yeB8MUNeLo9Ek1UEpsyz6');
INSERT INTO liked_track(user_id, track_id) VALUES(16, '4J7aZtcc2TrCJkXY1WWebG');
INSERT INTO liked_track(user_id, track_id) VALUES(47, '3sDIlJZzYNHtnSuuOxvTal');
INSERT INTO liked_track(user_id, track_id) VALUES(26, '69dF0bCa5X3sMQatT3vW31');
INSERT INTO liked_track(user_id, track_id) VALUES(43, '7fcZk7OXeFWD7DWybltVVf');
INSERT INTO liked_track(user_id, track_id) VALUES(23, '50LbU49cudbIw8SBdE9DDQ');
INSERT INTO liked_track(user_id, track_id) VALUES(3, '6tB01QHgH9YuVA8TomAzni');
INSERT INTO liked_track(user_id, track_id) VALUES(5, '4kdfjhj9xNkYU0R8xlDy8k');
INSERT INTO liked_track(user_id, track_id) VALUES(20, '7ycJMzTmqClQdZsWdWxC3v');
INSERT INTO liked_track(user_id, track_id) VALUES(48, '1NhjYYcYTRywc0di98xHxf');
INSERT INTO liked_track(user_id, track_id) VALUES(7, '5R08wmXUd31d6InEtWZEKi');
INSERT INTO liked_track(user_id, track_id) VALUES(1, '1eCFz60zd7mAXgWLapPd9B');
INSERT INTO liked_track(user_id, track_id) VALUES(40, '4yrdTx61xR97aEi6qsyFbT');
INSERT INTO liked_track(user_id, track_id) VALUES(7, '1I6pKIyaBp4OebTGLJpCCC');
INSERT INTO liked_track(user_id, track_id) VALUES(39, '4zwSYiO3hXJhf3kbdOTDAU');
INSERT INTO liked_track(user_id, track_id) VALUES(27, '1vZlLxDDSn6JE0aSC1KHnx');
INSERT INTO liked_track(user_id, track_id) VALUES(7, '3YcDJOpqGjXj6AYhneCXGX');
INSERT INTO liked_track(user_id, track_id) VALUES(48, '6UjfByV1lDLW0SOVQA4NAi');
INSERT INTO liked_track(user_id, track_id) VALUES(40, '40MXr7BMh3ShPf2b9giSRt');
INSERT INTO liked_track(user_id, track_id) VALUES(10, '2mgzUVvDpb1zMSB4glLQ6T');
INSERT INTO liked_track(user_id, track_id) VALUES(16, '7G0by64JaYIEnkFqDb1cZ6');
INSERT INTO liked_track(user_id, track_id) VALUES(33, '29lXN1aoaL6HE72BOvknyr');
INSERT INTO liked_track(user_id, track_id) VALUES(8, '0BsZkMfQV2hoVbAjbSanr9');
INSERT INTO liked_track(user_id, track_id) VALUES(31, '1eCFz60zd7mAXgWLapPd9B');
INSERT INTO liked_track(user_id, track_id) VALUES(43, '7vZr8pndLknGVHsiRggr7w');
INSERT INTO liked_track(user_id, track_id) VALUES(26, '7aqfrAY2p9BUSiupwk3svU');
INSERT INTO liked_track(user_id, track_id) VALUES(17, '2E4D4IuFauEfAjpAamK8HU');
INSERT INTO liked_track(user_id, track_id) VALUES(25, '4q75XguyPrsduy70hcBVFu');
INSERT INTO liked_track(user_id, track_id) VALUES(31, '5Ermk04tSk2Z7mfVDcP6EG');
INSERT INTO liked_track(user_id, track_id) VALUES(44, '3WXyY2PxX88kpBtB0GH61w');
INSERT INTO liked_track(user_id, track_id) VALUES(34, '3fUfgvE2JbbvVNlfiDJzNM');
INSERT INTO liked_track(user_id, track_id) VALUES(47, '57zypVDrqyXAJhnfvd3v8j');
INSERT INTO liked_track(user_id, track_id) VALUES(47, '58Q3FZFs1YXPpliWQB5kXB');
INSERT INTO liked_track(user_id, track_id) VALUES(1, '4s7QLoImIwmPi9L6dq1nVW');
INSERT INTO liked_track(user_id, track_id) VALUES(18, '4bhdXu37gtEm2q68PBIHtY');
INSERT INTO liked_track(user_id, track_id) VALUES(38, '5WlVx0a6VedSJ60JFYpRBp');
INSERT INTO liked_track(user_id, track_id) VALUES(37, '3BE3IYsAhqkTiRIR7T7x7M');
INSERT INTO liked_track(user_id, track_id) VALUES(46, '0wwPcA6wtMf6HUMpIRdeP7');
INSERT INTO liked_track(user_id, track_id) VALUES(48, '0NWqNXBJTpXbkI5rPWNy3p');
INSERT INTO liked_track(user_id, track_id) VALUES(18, '6M3PsepEj5gyJoIi7Xvr7u');
INSERT INTO liked_track(user_id, track_id) VALUES(1, '2YaDRtIlQiZ5WDDB2YuEOC');
INSERT INTO liked_track(user_id, track_id) VALUES(28, '5r6dnnBEstYJ08H1Hl9TBL');
INSERT INTO liked_track(user_id, track_id) VALUES(8, '7jslhIiELQkgW9IHeYNOWE');
INSERT INTO liked_track(user_id, track_id) VALUES(36, '0Hs5enNuaAXmJssAybWbOw');
INSERT INTO liked_track(user_id, track_id) VALUES(20, '4coENUbKuiuFb0C38uqFTi');
INSERT INTO liked_track(user_id, track_id) VALUES(18, '6U3nX1tFDJ9tttibIoslFg');
INSERT INTO liked_track(user_id, track_id) VALUES(14, '2nibvvDdAQkVraYP00z2RS');
INSERT INTO liked_track(user_id, track_id) VALUES(2, '1b8L7w2aOmmaZ1BbWJurZZ');
INSERT INTO liked_track(user_id, track_id) VALUES(9, '63p3Slj0shAFP0Q7dQetj5');
INSERT INTO liked_track(user_id, track_id) VALUES(5, '64TkpV7m7f09JY7K436pju');
INSERT INTO liked_track(user_id, track_id) VALUES(5, '4pHQ9RYFhn3W0ha5KEuMnj');
INSERT INTO liked_track(user_id, track_id) VALUES(36, '7gNB9Xa5NBY2Y8tFmpOlwk');
INSERT INTO liked_track(user_id, track_id) VALUES(24, '2pIUpMhHL6L9Z5lnKxJJr9');
INSERT INTO liked_track(user_id, track_id) VALUES(26, '0MHStU0muAIEMbwdnebYu2');
INSERT INTO liked_track(user_id, track_id) VALUES(49, '5ThJAPtuOCTV8owZUop495');
INSERT INTO liked_track(user_id, track_id) VALUES(42, '5P3o95Jf0YBQRQ4j2XPpfC');
INSERT INTO liked_track(user_id, track_id) VALUES(38, '4dQKl7ixo4Aw395DDW1Rmy');
INSERT INTO liked_track(user_id, track_id) VALUES(26, '7cJm6ENCOTONwAMBPN1U9r');
INSERT INTO liked_track(user_id, track_id) VALUES(48, '5pJgTFVTia5c8B65Cfw85d');
INSERT INTO liked_track(user_id, track_id) VALUES(17, '2eWQpIEAfotVXiIZPtvMqr');
INSERT INTO liked_track(user_id, track_id) VALUES(18, '3gj1hwjku4JaoamjJVqIIl');
INSERT INTO liked_track(user_id, track_id) VALUES(30, '0FolPJnYMo71Z7qasTuoJT');
INSERT INTO liked_track(user_id, track_id) VALUES(48, '21J5UuwP43cOhx4S5DMPRp');
INSERT INTO liked_track(user_id, track_id) VALUES(5, '6DCZcSspjsKoFjzjrWoCdn');
INSERT INTO liked_track(user_id, track_id) VALUES(12, '0JGoOLSl8A80mSPBL7ya9U');
INSERT INTO liked_track(user_id, track_id) VALUES(8, '2T9O6E83LKAWNAs4FD4TqD');
INSERT INTO liked_track(user_id, track_id) VALUES(4, '5WD8WEfxb8xRyNhi8eJEZh');
INSERT INTO liked_track(user_id, track_id) VALUES(33, '3hDLtzsTx5uRVzIfc2hXvW');
INSERT INTO liked_track(user_id, track_id) VALUES(2, '4bHdoeTBtVCSgu87hTP17c');
INSERT INTO liked_track(user_id, track_id) VALUES(41, '33TCfb4mgWlCTzxb1q21r9');
INSERT INTO liked_track(user_id, track_id) VALUES(27, '3SYaLJHfxIDeJAirXoTquF');
INSERT INTO liked_track(user_id, track_id) VALUES(29, '6QdnKD1zwEgyOWtkrdzlOF');
INSERT INTO liked_track(user_id, track_id) VALUES(40, '6QdnKD1zwEgyOWtkrdzlOF');
INSERT INTO liked_track(user_id, track_id) VALUES(38, '58Q3FZFs1YXPpliWQB5kXB');
INSERT INTO liked_track(user_id, track_id) VALUES(3, '4UUxU54xVGD8Dri8hrvEJp');
INSERT INTO liked_track(user_id, track_id) VALUES(29, '2UPYasw4V9TeDcibLYDxRF');
INSERT INTO liked_track(user_id, track_id) VALUES(9, '5kdt3O2kCcXE7mSGKaiW6V');
INSERT INTO liked_track(user_id, track_id) VALUES(3, '0HHKGXT6NQ83tUbVI31O1H');
INSERT INTO liked_track(user_id, track_id) VALUES(42, '1cKHdTo9u0ZymJdPGSh6nq');
INSERT INTO liked_track(user_id, track_id) VALUES(44, '75FDap9b84WfutMC0nJBa6');
INSERT INTO liked_track(user_id, track_id) VALUES(19, '26YNVqHuwAPeBVfDscTPds');
INSERT INTO liked_track(user_id, track_id) VALUES(2, '0yvvXndlocJeq0ODgfKSaq');
INSERT INTO liked_track(user_id, track_id) VALUES(35, '7bi5vk9KoY6Flkat31ViYD');
INSERT INTO liked_track(user_id, track_id) VALUES(20, '0B5OTb36fzLayn6XQHg5A1');
INSERT INTO liked_track(user_id, track_id) VALUES(19, '3V8wDzLWWl1O1Hdldf3TsF');
INSERT INTO liked_track(user_id, track_id) VALUES(10, '1ID1QFSNNxi0hiZCNcwjUC');
INSERT INTO liked_track(user_id, track_id) VALUES(6, '2lru9kAhhVCuz7lkm3VRAH');
INSERT INTO liked_track(user_id, track_id) VALUES(42, '0mL82sxCRjrs3br407IdJh');
INSERT INTO liked_track(user_id, track_id) VALUES(46, '3YB8sWCxfQyjevEwCrWdiU');
INSERT INTO liked_track(user_id, track_id) VALUES(50, '3oCrC1928WBf3P3kgDQNx9');
INSERT INTO liked_track(user_id, track_id) VALUES(48, '2FauI2onZLXgsr9dz6HWKn');
INSERT INTO liked_track(user_id, track_id) VALUES(42, '2Ch7LmS7r2Gy2kc64wv3Bz');
INSERT INTO liked_track(user_id, track_id) VALUES(47, '46kFAYvmV6lVbT5xN5qlCH');
INSERT INTO liked_track(user_id, track_id) VALUES(39, '6tohHT5sQRMjdWHMNn190u');
INSERT INTO liked_track(user_id, track_id) VALUES(26, '6l1dTAhX7P6EKvA11NLNuW');
INSERT INTO liked_track(user_id, track_id) VALUES(3, '6krYS8KtmNAYyb5uTZiYW4');
INSERT INTO liked_track(user_id, track_id) VALUES(10, '5Psnhdkyanjpgc2P8A5TSM');
INSERT INTO liked_track(user_id, track_id) VALUES(31, '2dfqS3MRtbLZSZA1IL8xY5');
INSERT INTO liked_track(user_id, track_id) VALUES(21, '11pEKMLmavDu8fxOB5QjbQ');
INSERT INTO liked_track(user_id, track_id) VALUES(42, '0xl1w2q4VLojeXp4JfazPL');
INSERT INTO liked_track(user_id, track_id) VALUES(46, '1wFFFzJ5EsKbBWZriAcubN');
INSERT INTO liked_track(user_id, track_id) VALUES(24, '6fIYR2aSdWgQRgYmQ1Wahh');
INSERT INTO liked_track(user_id, track_id) VALUES(39, '07fqC2Puj13frv9iYtlcri');
INSERT INTO liked_track(user_id, track_id) VALUES(50, '7JeEzyBLiEDw9PDNczZ85h');
INSERT INTO liked_track(user_id, track_id) VALUES(5, '0sTBOp1hdayTjw6UOyPyi6');
INSERT INTO liked_track(user_id, track_id) VALUES(13, '2CFhTND54uE5carTvSeILv');
INSERT INTO liked_track(user_id, track_id) VALUES(10, '1lwYe6UZTE4anFP1MCBbf8');
INSERT INTO liked_track(user_id, track_id) VALUES(19, '431r2Qg4I2qFIKdSFCJN4s');
INSERT INTO liked_track(user_id, track_id) VALUES(39, '4u22BVdDV2pXxpaqfKoBaU');
INSERT INTO liked_track(user_id, track_id) VALUES(36, '7hRlTK3mgFTBEjX7DjqBsI');
INSERT INTO liked_track(user_id, track_id) VALUES(37, '6DP1QaE3viq6wdUfyMdEvo');
INSERT INTO liked_track(user_id, track_id) VALUES(24, '2vgUijXOTRMnWXDtvgMp2b');
INSERT INTO liked_track(user_id, track_id) VALUES(17, '4jDyIdXDXe9zM6QbeoXRWp');
INSERT INTO liked_track(user_id, track_id) VALUES(14, '5qYL0psWtYZK5iYowCTUOt');
INSERT INTO liked_track(user_id, track_id) VALUES(27, '38eKmp6QjELXKgLh0pePfG');
INSERT INTO liked_track(user_id, track_id) VALUES(12, '7LT5HRxYa3QGKibJfdhDh6');
INSERT INTO liked_track(user_id, track_id) VALUES(33, '5InOp6q2vvx0fShv3bzFLZ');
INSERT INTO liked_track(user_id, track_id) VALUES(23, '1IA9021Q5gkRwTM99Xtsqh');
INSERT INTO liked_track(user_id, track_id) VALUES(3, '1Tr5FhvxC4IlRXYJHCXJdZ');
INSERT INTO liked_track(user_id, track_id) VALUES(10, '4e0uZkMYa8e8HJ5TEUN417');
INSERT INTO liked_track(user_id, track_id) VALUES(13, '2h3ZotklPN6aD7OuHz7bFZ');
INSERT INTO liked_track(user_id, track_id) VALUES(26, '22VdIZQfgXJea34mQxlt81');
INSERT INTO liked_track(user_id, track_id) VALUES(35, '1b8L7w2aOmmaZ1BbWJurZZ');
INSERT INTO liked_track(user_id, track_id) VALUES(30, '5BTu8L170anjdgSohdBkkv');
INSERT INTO liked_track(user_id, track_id) VALUES(19, '6oLHyWvmk6bKrA91EIYZBp');
INSERT INTO liked_track(user_id, track_id) VALUES(1, '1GIEA7uraLfdQbLiPsgPoH');
INSERT INTO liked_track(user_id, track_id) VALUES(17, '0WrIAsGJOei2FGeakvpTDU');
INSERT INTO liked_track(user_id, track_id) VALUES(8, '4Msr8L0gHGDsLSBlk7pSPU');
INSERT INTO liked_track(user_id, track_id) VALUES(49, '5BTu8L170anjdgSohdBkkv');
INSERT INTO liked_track(user_id, track_id) VALUES(37, '7sT7kZEYd1MrmzLLIRVZas');
INSERT INTO liked_track(user_id, track_id) VALUES(3, '1Tnw0ItH1Macok8gblnPPd');
INSERT INTO liked_track(user_id, track_id) VALUES(14, '0C9WCzHmvl6GvIIn7Tq3pn');
INSERT INTO liked_track(user_id, track_id) VALUES(22, '2D5fYMRm0Fm1kDt4IvccGM');
INSERT INTO liked_track(user_id, track_id) VALUES(11, '7MwYXhh2dTqc7fiwkwPZo1');
INSERT INTO liked_track(user_id, track_id) VALUES(9, '1x1oCGsFUDViOvcISuoKW0');
INSERT INTO liked_track(user_id, track_id) VALUES(28, '3jtGERvgDc2saUnWCY8f1d');
INSERT INTO liked_track(user_id, track_id) VALUES(28, '3XLSlQLJf3Ut0zvMUxnF1h');
INSERT INTO liked_track(user_id, track_id) VALUES(7, '4V239n5yBIZAyvxisyvfAx');
INSERT INTO liked_track(user_id, track_id) VALUES(46, '0GR7iJLhj80KD5LkA14ZRn');
INSERT INTO liked_track(user_id, track_id) VALUES(7, '0mL82sxCRjrs3br407IdJh');
INSERT INTO liked_track(user_id, track_id) VALUES(13, '03H6iCycyxfB2mZzIOEeKJ');
INSERT INTO liked_track(user_id, track_id) VALUES(25, '0kN8xEmgMW9mh7UmDYHlJP');
INSERT INTO liked_track(user_id, track_id) VALUES(17, '7KU3A1fotuV0GXY1doHFT8');
INSERT INTO liked_track(user_id, track_id) VALUES(8, '28QyjEeOgirjfCjKSntPF4');
INSERT INTO liked_track(user_id, track_id) VALUES(3, '5JaqApg5415jtjdyjY3wa9');
INSERT INTO liked_track(user_id, track_id) VALUES(13, '3dojEtzUKwDAzLyRDdi8WD');
INSERT INTO liked_track(user_id, track_id) VALUES(49, '7ELPgV93FRXeOJKVljpDnL');
INSERT INTO liked_track(user_id, track_id) VALUES(46, '40MXr7BMh3ShPf2b9giSRt');
INSERT INTO liked_track(user_id, track_id) VALUES(45, '1C7KSXR2GVxknex6I4ANco');
INSERT INTO liked_track(user_id, track_id) VALUES(4, '3Oi1pDSYLVkz3i8jOXaQdt');
INSERT INTO liked_track(user_id, track_id) VALUES(48, '4W4fNrZYkobj539TOWsLO2');
INSERT INTO liked_track(user_id, track_id) VALUES(46, '5ejT19NfiINj4cFmjRHwAC');
INSERT INTO liked_track(user_id, track_id) VALUES(4, '3KyKxJ4P3pVCgaZwaq2rUC');
INSERT INTO liked_track(user_id, track_id) VALUES(1, '1I37Zz2g3hk9eWxaNkj031');
INSERT INTO liked_track(user_id, track_id) VALUES(35, '7uHF03xE84sQ5PicRNH3yu');
INSERT INTO liked_track(user_id, track_id) VALUES(36, '0GaBIpyHvytM1UBYmqXu08');
INSERT INTO liked_track(user_id, track_id) VALUES(39, '5c5FujzDDLo3XYss4OO3hi');
INSERT INTO liked_track(user_id, track_id) VALUES(47, '7DrZotCVwheRlevj6tJDxZ');
INSERT INTO liked_track(user_id, track_id) VALUES(41, '1iyUHRKh3Z4nnfeNBMdHqy');
INSERT INTO liked_track(user_id, track_id) VALUES(42, '4u22BVdDV2pXxpaqfKoBaU');
INSERT INTO liked_track(user_id, track_id) VALUES(49, '5LUI2ZPwvJezp4bQ9DtIGK');
INSERT INTO liked_track(user_id, track_id) VALUES(36, '4iEeJKOE5zjsRbWBGkj9lS');
INSERT INTO liked_track(user_id, track_id) VALUES(31, '7e7aslhXJZj4d0trBrensY');
INSERT INTO liked_track(user_id, track_id) VALUES(42, '49PBvg9QELHDx3bMHRTA2s');
INSERT INTO liked_track(user_id, track_id) VALUES(1, '2nibvvDdAQkVraYP00z2RS');
INSERT INTO liked_track(user_id, track_id) VALUES(46, '2SAqBLGA283SUiwJ3xOUVI');
INSERT INTO liked_track(user_id, track_id) VALUES(33, '3b7trEcKoglybN5MxGuSaw');
INSERT INTO liked_track(user_id, track_id) VALUES(35, '28vy7I63Gtqw90rvgxw8sU');
INSERT INTO liked_track(user_id, track_id) VALUES(2, '759ndr57jb0URg4j9YSWml');
INSERT INTO liked_track(user_id, track_id) VALUES(39, '41a7dZcq30Ss5kPMayWRV0');
INSERT INTO liked_track(user_id, track_id) VALUES(10, '5Ermk04tSk2Z7mfVDcP6EG');
INSERT INTO liked_track(user_id, track_id) VALUES(20, '0nAZGkBGKQCXyaoSJfRhC1');
INSERT INTO liked_track(user_id, track_id) VALUES(44, '7JXZq0JgG2zTrSOAgY8VMC');
INSERT INTO liked_track(user_id, track_id) VALUES(30, '4n1bdaKwynQndm47x5HqWX');
INSERT INTO liked_track(user_id, track_id) VALUES(40, '4K3BhUMfBHZuUfeC3kbhrQ');
INSERT INTO liked_track(user_id, track_id) VALUES(33, '2vy9Ry1TNjCD85TiCbTz0r');
INSERT INTO liked_track(user_id, track_id) VALUES(35, '6NwhtCYkfwWlcR62Ac4E7y');
INSERT INTO liked_track(user_id, track_id) VALUES(42, '6tB01QHgH9YuVA8TomAzni');
INSERT INTO liked_track(user_id, track_id) VALUES(48, '0luScPN4CGX9SjAhvM6PcH');
INSERT INTO liked_track(user_id, track_id) VALUES(31, '5c5FujzDDLo3XYss4OO3hi');
INSERT INTO liked_track(user_id, track_id) VALUES(5, '5ngydCLbzCEdtu8SEOXhPU');
INSERT INTO liked_track(user_id, track_id) VALUES(32, '78mE33YpoWqMQTwgUQRhyo');
INSERT INTO liked_track(user_id, track_id) VALUES(8, '4MM8LAr36FoyGg5Gvb5jHr');
INSERT INTO liked_track(user_id, track_id) VALUES(13, '6U3nX1tFDJ9tttibIoslFg');
INSERT INTO liked_track(user_id, track_id) VALUES(27, '7nexXM8SDFu9TJ8CzVANKE');
INSERT INTO liked_track(user_id, track_id) VALUES(5, '6xIsHPRHdbzU6UMVFn4wh8');
INSERT INTO liked_track(user_id, track_id) VALUES(11, '2pZcdLQkRmH9T3oajmlxuO');
INSERT INTO liked_track(user_id, track_id) VALUES(26, '7G0by64JaYIEnkFqDb1cZ6');
INSERT INTO liked_track(user_id, track_id) VALUES(4, '2OWXH98HPXFR7uelLTVF8y');
INSERT INTO liked_track(user_id, track_id) VALUES(10, '7cvmSgYgySWSuW6nJ2qAKt');
INSERT INTO liked_track(user_id, track_id) VALUES(1, '0DLL0X9fQKdI4VMUepA092');
INSERT INTO liked_track(user_id, track_id) VALUES(18, '4rmVZajAF7PkrCagGPHbqa');
INSERT INTO liked_track(user_id, track_id) VALUES(24, '0jcXavoOHe9f99PE2sLg6T');
INSERT INTO liked_track(user_id, track_id) VALUES(30, '23TP6Un2LWuBH13dCymqAt');
INSERT INTO liked_track(user_id, track_id) VALUES(32, '1cSh61cAJBP25IsXo59V2S');
INSERT INTO liked_track(user_id, track_id) VALUES(50, '5c5FujzDDLo3XYss4OO3hi');
INSERT INTO liked_track(user_id, track_id) VALUES(18, '6bqtKURdSWkInAJHDkuaL0');
INSERT INTO liked_track(user_id, track_id) VALUES(26, '7gNB9Xa5NBY2Y8tFmpOlwk');
INSERT INTO liked_track(user_id, track_id) VALUES(17, '0kwrPQkiGVE8KTHalH1uMo');
INSERT INTO liked_track(user_id, track_id) VALUES(40, '1t2qYCAjUAoGfeFeoBlK51');
INSERT INTO liked_track(user_id, track_id) VALUES(24, '3O8NlPh2LByMU9lSRSHedm');
INSERT INTO liked_track(user_id, track_id) VALUES(23, '2YFMY6G9ir042Wz1J5Cora');
INSERT INTO liked_track(user_id, track_id) VALUES(17, '6n3HGiq4v35D6eFOSwqYuo');
INSERT INTO liked_track(user_id, track_id) VALUES(44, '46CYSG1HW7aAEj2okqQDGz');
INSERT INTO liked_track(user_id, track_id) VALUES(33, '4m1ljdrm6B5j4mz61vw2rN');
INSERT INTO liked_track(user_id, track_id) VALUES(8, '3mpGXkkjhY8K5C9OsaCMBo');
INSERT INTO liked_track(user_id, track_id) VALUES(35, '0YDUEgoZd0ES5ru0UOCWQW');
INSERT INTO liked_track(user_id, track_id) VALUES(19, '3mpGXkkjhY8K5C9OsaCMBo');
INSERT INTO liked_track(user_id, track_id) VALUES(24, '64JIAZ0bS7WoARYfWQGCoz');
INSERT INTO liked_track(user_id, track_id) VALUES(15, '67c5z7yzP6Hlsz2DZtxMxG');
INSERT INTO liked_track(user_id, track_id) VALUES(12, '5Ermk04tSk2Z7mfVDcP6EG');
INSERT INTO liked_track(user_id, track_id) VALUES(46, '3VN74YiIjtY5ouKahBjmRX');
INSERT INTO liked_track(user_id, track_id) VALUES(28, '4MTzEtZG2iinE0ulL3pyup');
INSERT INTO liked_track(user_id, track_id) VALUES(26, '78Af1SkRTxLg3fgb3Js3nV');
INSERT INTO liked_track(user_id, track_id) VALUES(20, '0yi180gAOIJhcRo7wY4Htl');
INSERT INTO liked_track(user_id, track_id) VALUES(15, '3RUVLIRUNA3KHLt8pd8PL6');
INSERT INTO liked_track(user_id, track_id) VALUES(45, '5dFh0Y8Idp0vlSdGkzx8O2');
INSERT INTO liked_track(user_id, track_id) VALUES(5, '7h2fuB9cDFhdq9q3DsjiwY');
INSERT INTO liked_track(user_id, track_id) VALUES(3, '01sdh37jvLGU1t2O6uxJbn');
INSERT INTO liked_track(user_id, track_id) VALUES(21, '3YZmW6AUHsbN7KhOTd944i');
INSERT INTO liked_track(user_id, track_id) VALUES(26, '2QRvliBEcGIEgTrjVfxmXo');
INSERT INTO liked_track(user_id, track_id) VALUES(17, '4vz3UReBbxyPuVqgIjTCeA');
INSERT INTO liked_track(user_id, track_id) VALUES(32, '4GjPsuW89QcC2RDFX3upTV');
INSERT INTO liked_track(user_id, track_id) VALUES(49, '6QdnKD1zwEgyOWtkrdzlOF');
INSERT INTO liked_track(user_id, track_id) VALUES(41, '7p2wRa4m9KVXEXUlkJLhUi');
INSERT INTO liked_track(user_id, track_id) VALUES(33, '28QyjEeOgirjfCjKSntPF4');
INSERT INTO liked_track(user_id, track_id) VALUES(12, '2KkwatFSB6jXTAOt653W0e');
INSERT INTO liked_track(user_id, track_id) VALUES(28, '1SLsDrKugNzhjksXYMDkm5');
INSERT INTO liked_track(user_id, track_id) VALUES(42, '6fSvz9yrQY407xmr7cdjuA');
INSERT INTO liked_track(user_id, track_id) VALUES(39, '0awY0gg3Mla7fUbavFrVco');
INSERT INTO liked_track(user_id, track_id) VALUES(30, '6pG3yiKNsX03ZFTFWdOasv');
INSERT INTO liked_track(user_id, track_id) VALUES(36, '3y8jFVB4SVPiOXWRnOWiWj');
INSERT INTO liked_track(user_id, track_id) VALUES(49, '2SEJ2NT4dzggwtmsmVUUYb');
INSERT INTO liked_track(user_id, track_id) VALUES(5, '1dUHF4RyMmMTveJ0Rby6Xm');
INSERT INTO liked_track(user_id, track_id) VALUES(50, '4h90qkbnW1Qq6pBhoPvwko');
INSERT INTO liked_track(user_id, track_id) VALUES(15, '1BEMASUZQDqN5UGxMb1m6A');
INSERT INTO liked_track(user_id, track_id) VALUES(39, '5hFWGFM4sAebbkwR74loGH');
INSERT INTO liked_track(user_id, track_id) VALUES(32, '7HX1VOiPj1oMlgZ3OQ92B6');
INSERT INTO liked_track(user_id, track_id) VALUES(32, '6LRLy3SmtsPJaopCiavbme');
INSERT INTO liked_track(user_id, track_id) VALUES(26, '0Ul7obXHe7Ri1xRuQUZNwX');
INSERT INTO liked_track(user_id, track_id) VALUES(18, '76yLBykniz0SSNv0jj17M2');
INSERT INTO liked_track(user_id, track_id) VALUES(44, '433ykR1mhzAJgyt5qVKShn');
INSERT INTO liked_track(user_id, track_id) VALUES(34, '1x1oCGsFUDViOvcISuoKW0');
INSERT INTO liked_track(user_id, track_id) VALUES(32, '1kNdtonJXHorsVpWerK8C2');
INSERT INTO liked_track(user_id, track_id) VALUES(43, '3iPmwJh56xbDF7Xduimf0d');
INSERT INTO liked_track(user_id, track_id) VALUES(47, '5fpyAakgFOm4YTXkgfPzvV');
INSERT INTO liked_track(user_id, track_id) VALUES(41, '0MjRPE2eH1ZQm9DC3BtZyq');
INSERT INTO liked_track(user_id, track_id) VALUES(32, '6MlGqWzDiLkZ0vmAEsisEk');
INSERT INTO liked_track(user_id, track_id) VALUES(47, '5BTu8L170anjdgSohdBkkv');
INSERT INTO liked_track(user_id, track_id) VALUES(14, '6UjfByV1lDLW0SOVQA4NAi');
INSERT INTO liked_track(user_id, track_id) VALUES(23, '1h345CZmt3uU9bym4GETWd');
INSERT INTO liked_track(user_id, track_id) VALUES(5, '5RoqWTV72C8GZhHmQqBh7O');
INSERT INTO liked_track(user_id, track_id) VALUES(16, '4Mnnd0fBRucoxGhtG7MccI');
INSERT INTO liked_track(user_id, track_id) VALUES(3, '7MjSipTto9QljYzZnloXOn');
INSERT INTO liked_track(user_id, track_id) VALUES(36, '3d4KH7YQwsb7Af3da6Dx8l');
INSERT INTO liked_track(user_id, track_id) VALUES(5, '0JGoOLSl8A80mSPBL7ya9U');
INSERT INTO liked_track(user_id, track_id) VALUES(41, '0HyYb90jIOngSSLH5XfiAC');
INSERT INTO liked_track(user_id, track_id) VALUES(25, '0KqCs7XM8rsaRg9Kv8PbUa');
INSERT INTO liked_track(user_id, track_id) VALUES(2, '71VKjJjn76sn5Tt8X8Ay8c');
INSERT INTO liked_track(user_id, track_id) VALUES(49, '2rtvBPl6YXick3vbPBnDF4');
INSERT INTO liked_track(user_id, track_id) VALUES(5, '4PA16FAl8LPmFmOhARawdV');
INSERT INTO liked_track(user_id, track_id) VALUES(38, '7aqfrAY2p9BUSiupwk3svU');
INSERT INTO liked_track(user_id, track_id) VALUES(6, '3vJcz8exedHCjQ9ed95NqU');
INSERT INTO liked_track(user_id, track_id) VALUES(40, '7G0by64JaYIEnkFqDb1cZ6');
INSERT INTO liked_track(user_id, track_id) VALUES(23, '59LCK6UpQY1qhGPEp66AZp');
INSERT INTO liked_track(user_id, track_id) VALUES(30, '4zHa39io9pjsiAE6LwM2NH');
INSERT INTO liked_track(user_id, track_id) VALUES(27, '1yeB8MUNeLo9Ek1UEpsyz6');
INSERT INTO liked_track(user_id, track_id) VALUES(28, '5RlqhZfTao31aQUO2QjpkG');
INSERT INTO liked_track(user_id, track_id) VALUES(5, '1C7KSXR2GVxknex6I4ANco');
INSERT INTO liked_track(user_id, track_id) VALUES(24, '67yDGKXKIkyBhwbey8AmEU');
INSERT INTO liked_track(user_id, track_id) VALUES(29, '1o844wI52S3TjXGBwvGcc7');
INSERT INTO liked_track(user_id, track_id) VALUES(42, '3QLjDkgLh9AOEHlhQtDuhs');
INSERT INTO liked_track(user_id, track_id) VALUES(30, '64JIAZ0bS7WoARYfWQGCoz');
INSERT INTO liked_track(user_id, track_id) VALUES(21, '6bqtKURdSWkInAJHDkuaL0');
INSERT INTO liked_track(user_id, track_id) VALUES(40, '3RaCGXCiiMufRPoexXxGkV');
INSERT INTO liked_track(user_id, track_id) VALUES(22, '1tcWDBYQbJZVixZzsBWB0P');
INSERT INTO liked_track(user_id, track_id) VALUES(41, '3YcDJOpqGjXj6AYhneCXGX');
INSERT INTO liked_track(user_id, track_id) VALUES(8, '3iONHeDoMOEB5ctRtrufAk');
INSERT INTO liked_track(user_id, track_id) VALUES(15, '5YeBR4m1LavfioB9rcoQMW');
INSERT INTO liked_track(user_id, track_id) VALUES(1, '7pxDPXacBRqfV0ZGh9WtFD');
INSERT INTO liked_track(user_id, track_id) VALUES(50, '2T9O6E83LKAWNAs4FD4TqD');
INSERT INTO liked_track(user_id, track_id) VALUES(46, '2AGottAzfC8bHzF7kEJ3Wa');
INSERT INTO liked_track(user_id, track_id) VALUES(44, '6jy9yJfgCsMHdu2Oz4BGKX');
INSERT INTO liked_track(user_id, track_id) VALUES(37, '5702raF31K9rvD6KZ6sCTo');
INSERT INTO liked_track(user_id, track_id) VALUES(41, '7uHF03xE84sQ5PicRNH3yu');
INSERT INTO liked_track(user_id, track_id) VALUES(17, '4fen6YZEyvpi9X75JXarFL');
INSERT INTO liked_track(user_id, track_id) VALUES(24, '4DAA64qpKvOZHlGC4VGCF2');
INSERT INTO liked_track(user_id, track_id) VALUES(43, '2iBF7hOOvvbHJZBQs7LmIh');
INSERT INTO liked_track(user_id, track_id) VALUES(27, '31kNjKUQC8pMaEyY4BSdba');
INSERT INTO liked_track(user_id, track_id) VALUES(11, '78mE33YpoWqMQTwgUQRhyo');
INSERT INTO liked_track(user_id, track_id) VALUES(30, '2bjwRfXMk4uRgOD9IBYl9h');
INSERT INTO liked_track(user_id, track_id) VALUES(40, '2OWXH98HPXFR7uelLTVF8y');
INSERT INTO liked_track(user_id, track_id) VALUES(11, '0r9tyybf8eV2cvSpBnQH0e');
INSERT INTO liked_track(user_id, track_id) VALUES(35, '6pDVjCUA3B1vg9waKutAsv');
INSERT INTO liked_track(user_id, track_id) VALUES(5, '4frLb7nWtsz2ymBE6k2GRP');
INSERT INTO liked_track(user_id, track_id) VALUES(49, '1NlK2NtpuUazpziLhnJwEV');
INSERT INTO liked_track(user_id, track_id) VALUES(42, '5M2lX0ZAYSAzCs1xPPi9BX');
INSERT INTO liked_track(user_id, track_id) VALUES(41, '28vy7I63Gtqw90rvgxw8sU');
INSERT INTO liked_track(user_id, track_id) VALUES(47, '4F7A0DXBrmUAkp32uenhZt');
INSERT INTO liked_track(user_id, track_id) VALUES(20, '0Wc5M4FK9Md0ZfMm6suCRN');
INSERT INTO liked_track(user_id, track_id) VALUES(4, '58Q3FZFs1YXPpliWQB5kXB');
INSERT INTO liked_track(user_id, track_id) VALUES(4, '1FvR2eCb9CUwpEpc9soD0V');
INSERT INTO liked_track(user_id, track_id) VALUES(37, '3AgMOlgdrG9RJXDWifcjVd');
INSERT INTO liked_album(user_id, album_id) VALUES(21, '3bXzKLtI7059uh33uiL9GD');
INSERT INTO liked_album(user_id, album_id) VALUES(18, '2wA8OXIv1JXX9kTY2ddfR4');
INSERT INTO liked_album(user_id, album_id) VALUES(3, '7yBnuW3SpMKy3EB9iU0C7p');
INSERT INTO liked_album(user_id, album_id) VALUES(18, '4Wo9ttaSJZeISISGeUCQHD');
INSERT INTO liked_album(user_id, album_id) VALUES(5, '7mpWlMAMdCErqVquIUHsiN');
INSERT INTO liked_album(user_id, album_id) VALUES(47, '2o35lokKrBVG73xWFDEVsX');
INSERT INTO liked_album(user_id, album_id) VALUES(14, '7oibrqlZZtzsxjYDcHQjEU');
INSERT INTO liked_album(user_id, album_id) VALUES(11, '4czdORdCWP9umpbhFXK2fW');
INSERT INTO liked_album(user_id, album_id) VALUES(27, '014jYCQMhNKWtaXPCqXoHR');
INSERT INTO liked_album(user_id, album_id) VALUES(29, '6OQ9gBfg5EXeNAEwGSs6jK');
INSERT INTO liked_album(user_id, album_id) VALUES(47, '2XGEyGU76kj55OdHWynX0S');
INSERT INTO liked_album(user_id, album_id) VALUES(28, '12INlMsFtBjyehNnawBv36');
INSERT INTO liked_album(user_id, album_id) VALUES(26, '7eSSfgp09p31q3tH5ziNWx');
INSERT INTO liked_album(user_id, album_id) VALUES(33, '78NIQe42qKXahAeZAb3w0h');
INSERT INTO liked_album(user_id, album_id) VALUES(22, '2vf1K6KumbRZnRHa1JeKyD');
INSERT INTO liked_album(user_id, album_id) VALUES(28, '5FAPIZrpcxQLLte8PlUvxS');
INSERT INTO liked_album(user_id, album_id) VALUES(31, '5t3AooZ5peKSKltkjr12Qm');
INSERT INTO liked_album(user_id, album_id) VALUES(31, '6VfBBrRc9CiWisIAoBeTqs');
INSERT INTO liked_album(user_id, album_id) VALUES(40, '6E3IPXh38G7UHLqVdfIY5h');
INSERT INTO liked_album(user_id, album_id) VALUES(47, '61XhXTtorAgw4lRnh8GN0c');
INSERT INTO liked_album(user_id, album_id) VALUES(6, '1XslIirSxfAhhxRdn4Li9t');
INSERT INTO liked_album(user_id, album_id) VALUES(27, '2nLOHgzXzwFEpl62zAgCEC');
INSERT INTO liked_album(user_id, album_id) VALUES(1, '63W6Zfm99reI0hTeMpRtUO');
INSERT INTO liked_album(user_id, album_id) VALUES(23, '6X1x82kppWZmDzlXXK3y3q');
INSERT INTO liked_album(user_id, album_id) VALUES(2, '4Epq84TTM5hHH5jI78R271');
INSERT INTO liked_album(user_id, album_id) VALUES(29, '73B0Ru9CdUgVoi5AGmLe99');
INSERT INTO liked_album(user_id, album_id) VALUES(26, '5wybcI0Q4wJh6IJtqXqeJ6');
INSERT INTO liked_album(user_id, album_id) VALUES(16, '031mrCnL4e0qsf5GQdH6ER');
INSERT INTO liked_album(user_id, album_id) VALUES(44, '3OxfaVgvTxUTy7276t7SPU');
INSERT INTO liked_album(user_id, album_id) VALUES(26, '5UnM35MmXsDGzNvFx5u9uO');
INSERT INTO liked_album(user_id, album_id) VALUES(8, '1y2OfMwyaRDmtbQNl0DnQa');
INSERT INTO liked_album(user_id, album_id) VALUES(14, '3cjssumQEsRatYlYG5K86T');
INSERT INTO liked_album(user_id, album_id) VALUES(21, '6fgSKdHloRioPrZ9oJC7FH');
INSERT INTO liked_album(user_id, album_id) VALUES(11, '73O0qUbaKCFbJ2EfZID1uo');
INSERT INTO liked_album(user_id, album_id) VALUES(22, '1onK6XeDccA2NW6SlzQMNK');
INSERT INTO liked_album(user_id, album_id) VALUES(12, '4MNtFZXiyx5ltdldHFKQSg');
INSERT INTO liked_album(user_id, album_id) VALUES(49, '0Ct52rooGyvjv6qXrBPNzm');

INSERT INTO liked_album(user_id, album_id) VALUES(18, '4hcghI7Io7BFdHHsiaAylg');
INSERT INTO liked_album(user_id, album_id) VALUES(38, '4N1fROq2oeyLGAlQ1C1j18');
INSERT INTO liked_album(user_id, album_id) VALUES(47, '4iL0sqHuipLrqy4y8HRYsZ');
INSERT INTO liked_album(user_id, album_id) VALUES(50, '2vA3dDRHJtEeThXAlf1L8z');
INSERT INTO liked_album(user_id, album_id) VALUES(50, '7ybV3NCogLGAhBx75pB3ih');
INSERT INTO liked_album(user_id, album_id) VALUES(35, '1onK6XeDccA2NW6SlzQMNK');
INSERT INTO liked_album(user_id, album_id) VALUES(42, '6X1x82kppWZmDzlXXK3y3q');
INSERT INTO liked_album(user_id, album_id) VALUES(32, '4WL52EyorI85Tip01sXmmT');
INSERT INTO liked_album(user_id, album_id) VALUES(25, '5V729UqvhwNOcMejx0m55I');
INSERT INTO liked_album(user_id, album_id) VALUES(35, '6vJRxj9GnmwXT7mKJqE61n');
INSERT INTO liked_album(user_id, album_id) VALUES(8, '7j7jQK2aD7e167FY7WpIvP');
INSERT INTO liked_album(user_id, album_id) VALUES(47, '6ZvAEVWfmlycs7w7ICS95k');
INSERT INTO liked_album(user_id, album_id) VALUES(7, '2ODvWsOgouMbaA5xf0RkJe');
INSERT INTO liked_album(user_id, album_id) VALUES(47, '54DNHFsfCa7nlQFWXMg7y3');
INSERT INTO liked_album(user_id, album_id) VALUES(31, '5bx7i3cuSfXBPF7Li8kUR7');
INSERT INTO liked_album(user_id, album_id) VALUES(36, '5Dz30uiKFlqDemyDhW63ZL');
INSERT INTO liked_album(user_id, album_id) VALUES(11, '7BzP09BlvvE4ioNgvdLrdm');
INSERT INTO liked_album(user_id, album_id) VALUES(31, '2qIw3nzBegLwRZYj0sGnkS');
INSERT INTO liked_album(user_id, album_id) VALUES(20, '7mpWlMAMdCErqVquIUHsiN');
INSERT INTO liked_album(user_id, album_id) VALUES(5, '1HMLpmZAnNyl9pxvOnTovV');
INSERT INTO liked_album(user_id, album_id) VALUES(47, '2q4uMcogIfSvbjZevQTIDL');
INSERT INTO liked_album(user_id, album_id) VALUES(45, '2jK7H4A5Y2xJaoOyzBedaS');
INSERT INTO liked_album(user_id, album_id) VALUES(37, '5O0zUvdnJr0RbWzLFneN2i');
INSERT INTO liked_album(user_id, album_id) VALUES(42, '5MS3MvWHJ3lOZPLiMxzOU6');
INSERT INTO liked_album(user_id, album_id) VALUES(43, '6gCLXpitNrlglz2pg7WrAN');
INSERT INTO liked_album(user_id, album_id) VALUES(24, '4bWGRs1SqNwFXaRDXRAANN');
INSERT INTO liked_album(user_id, album_id) VALUES(2, '7bnqo1fdJU9nSfXQd3bSMe');
INSERT INTO liked_album(user_id, album_id) VALUES(43, '0bNfrGST1xSPZ3V3g5jjHT');
INSERT INTO liked_album(user_id, album_id) VALUES(41, '2P8trIADhHx8fJAdC7ud40');
INSERT INTO liked_album(user_id, album_id) VALUES(40, '7eNsf4qcc9uV6IklAlPp4b');
INSERT INTO liked_album(user_id, album_id) VALUES(4, '0cLXqY56lwJjG7QNG2mzu7');
INSERT INTO liked_album(user_id, album_id) VALUES(17, '7J6hCmiXbY36PVOTFAeGAc');
INSERT INTO liked_album(user_id, album_id) VALUES(18, '5eLr5u0UcnXjtNZgbnsoYS');
INSERT INTO liked_album(user_id, album_id) VALUES(18, '35dut3ICqF3NEDkjxfzJJ1');
INSERT INTO liked_album(user_id, album_id) VALUES(50, '3O6ywzP5LE5msmuBBTpaIN');
INSERT INTO liked_album(user_id, album_id) VALUES(29, '61ZCeqzP8onzBEP7dR0P5t');
INSERT INTO liked_album(user_id, album_id) VALUES(49, '69xF8jTd0c4Zoo7DT3Rwrn');
INSERT INTO liked_album(user_id, album_id) VALUES(12, '4Wo9ttaSJZeISISGeUCQHD');
INSERT INTO liked_album(user_id, album_id) VALUES(39, '3frr94sbeGqX7kCBgxOa7L');
INSERT INTO liked_album(user_id, album_id) VALUES(12, '17cYF29ZBcDYoRkWUzFWfQ');
INSERT INTO liked_album(user_id, album_id) VALUES(6, '67WUCOjyl44d8fAFzHONjW');
INSERT INTO liked_album(user_id, album_id) VALUES(13, '2XHxh8kzvY06Nf79fhyeQ3');
INSERT INTO liked_album(user_id, album_id) VALUES(4, '4T8wBxIvoSRVfoFZzuwOXR');
INSERT INTO liked_album(user_id, album_id) VALUES(5, '7mkyc2BUahNfo0orKzqNGB');
INSERT INTO liked_album(user_id, album_id) VALUES(45, '4iL0sqHuipLrqy4y8HRYsZ');
INSERT INTO liked_album(user_id, album_id) VALUES(13, '1NCgEqPlo1t2jCvmjpyiqD');
INSERT INTO liked_album(user_id, album_id) VALUES(13, '35dut3ICqF3NEDkjxfzJJ1');
INSERT INTO liked_album(user_id, album_id) VALUES(4, '6OVeP3PqCTxyGrTxKWJB7H');
INSERT INTO liked_album(user_id, album_id) VALUES(46, '6j5wyAhR4ijdLQfJrYDkNN');
INSERT INTO liked_album(user_id, album_id) VALUES(49, '78NIQe42qKXahAeZAb3w0h');
INSERT INTO liked_album(user_id, album_id) VALUES(18, '0bNfrGST1xSPZ3V3g5jjHT');
INSERT INTO liked_album(user_id, album_id) VALUES(22, '4Q7cRXio6mF2ImVUCcezPO');
INSERT INTO liked_album(user_id, album_id) VALUES(27, '2KnWel482zu05nLvSqNEzI');
INSERT INTO liked_album(user_id, album_id) VALUES(41, '3KJrNl6UCBBXF7f4Fu14fG');
INSERT INTO liked_album(user_id, album_id) VALUES(40, '2hBmWglh3PlaUzTrzP1meY');
INSERT INTO liked_album(user_id, album_id) VALUES(43, '10SppFk45za4CHPEiiuQaD');
INSERT INTO liked_album(user_id, album_id) VALUES(6, '2lzV5TIBiLED8eCjwsGBIv');
INSERT INTO liked_album(user_id, album_id) VALUES(29, '6J84szYCnMfzEcvIcfWMFL');
INSERT INTO liked_album(user_id, album_id) VALUES(18, '6OQ9gBfg5EXeNAEwGSs6jK');
INSERT INTO liked_album(user_id, album_id) VALUES(7, '2gNPnKP1PDkB5SZz3IMKuX');
INSERT INTO liked_album(user_id, album_id) VALUES(11, '0Ct52rooGyvjv6qXrBPNzm');
INSERT INTO liked_album(user_id, album_id) VALUES(19, '031mrCnL4e0qsf5GQdH6ER');
INSERT INTO liked_album(user_id, album_id) VALUES(13, '20NFMkVsRGm7WpID420oTQ');
INSERT INTO liked_album(user_id, album_id) VALUES(1, '7tzVd1fwkxsorytCBjEJkU');
INSERT INTO liked_album(user_id, album_id) VALUES(16, '0ssxpVNMYMHeKXV00VUCkJ');
INSERT INTO liked_album(user_id, album_id) VALUES(49, '39ezXXrm2nHqhuErFyPAsO');
INSERT INTO liked_album(user_id, album_id) VALUES(13, '3xIwVbGJuAcovYIhzbLO3J');
INSERT INTO liked_album(user_id, album_id) VALUES(48, '2m4QXzB2MdqvFNnpPx4YnQ');
INSERT INTO liked_album(user_id, album_id) VALUES(41, '1dTqdCHDqUk9hbSsQOIxl0');
INSERT INTO liked_album(user_id, album_id) VALUES(37, '3xIwVbGJuAcovYIhzbLO3J');
INSERT INTO liked_album(user_id, album_id) VALUES(12, '5FAPIZrpcxQLLte8PlUvxS');
INSERT INTO liked_album(user_id, album_id) VALUES(8, '6agmeioaDOBupymziJihgB');
INSERT INTO liked_album(user_id, album_id) VALUES(29, '2jchmY4qmN4Zsp1L3cSFIA');
INSERT INTO liked_album(user_id, album_id) VALUES(23, '4gH7f7Wlmj4CP6K2VrSwIt');
INSERT INTO liked_album(user_id, album_id) VALUES(38, '7zCODUHkfuRxsUjtuzNqbd');
INSERT INTO liked_album(user_id, album_id) VALUES(50, '0nhyyhprFn6lcIAzTpmFDo');
INSERT INTO liked_album(user_id, album_id) VALUES(28, '2rTc5TdRP7hr7gE4h4lUR1');
INSERT INTO liked_album(user_id, album_id) VALUES(30, '4OIA4iFFUPeDVODUJ98tmm');
INSERT INTO liked_album(user_id, album_id) VALUES(41, '2CzbrboOLzeRoaaH1N5K0N');
INSERT INTO liked_album(user_id, album_id) VALUES(28, '0e9GAAJT7lX5C6RTZsCCDR');
INSERT INTO liked_album(user_id, album_id) VALUES(32, '4Nav3JE8TIOFiuY5x95MIh');
INSERT INTO liked_album(user_id, album_id) VALUES(16, '3P2UkOkqWp8ucd1EOnVAH7');
INSERT INTO liked_album(user_id, album_id) VALUES(15, '2vA3dDRHJtEeThXAlf1L8z');
INSERT INTO liked_album(user_id, album_id) VALUES(26, '2vA3dDRHJtEeThXAlf1L8z');
INSERT INTO liked_album(user_id, album_id) VALUES(49, '2tj99zihwANHtqmEC2QpCn');
INSERT INTO liked_album(user_id, album_id) VALUES(34, '4MNtFZXiyx5ltdldHFKQSg');
INSERT INTO liked_album(user_id, album_id) VALUES(17, '56eyAyu9JO0vSKijY3cKPh');
INSERT INTO liked_album(user_id, album_id) VALUES(9, '10eNMeTimUzAKLhCOpIUlb');
INSERT INTO liked_album(user_id, album_id) VALUES(10, '6Exo0MYoL3XammoTDeihFy');
INSERT INTO liked_album(user_id, album_id) VALUES(49, '3cjssumQEsRatYlYG5K86T');
INSERT INTO liked_album(user_id, album_id) VALUES(1, '6Rl6YoCarF2GHPSQmmFjuR');
INSERT INTO liked_album(user_id, album_id) VALUES(39, '0MwPArEeQJx5GMc5Sz7kRV');
INSERT INTO liked_album(user_id, album_id) VALUES(13, '2zYcjcNUzcgMntymoukwZR');
INSERT INTO liked_album(user_id, album_id) VALUES(36, '4qZBW3f2Q8y0k1A84d4iAO');
INSERT INTO liked_album(user_id, album_id) VALUES(6, '5AVEtKtguEa8sqYhSj3zFW');
INSERT INTO liked_album(user_id, album_id) VALUES(31, '7mkyc2BUahNfo0orKzqNGB');
INSERT INTO liked_album(user_id, album_id) VALUES(10, '2XHxh8kzvY06Nf79fhyeQ3');
INSERT INTO liked_album(user_id, album_id) VALUES(40, '6LD3J50OxLEQbAB8ahoj1S');
INSERT INTO liked_album(user_id, album_id) VALUES(36, '0XgLshUzeE1QsmAKUyqZSc');
INSERT INTO liked_album(user_id, album_id) VALUES(11, '6DmXKM13nNgIIby2FdK0f8');
INSERT INTO liked_album(user_id, album_id) VALUES(18, '5I5Bz7STXgcn5X2NYrDl2I');
INSERT INTO liked_album(user_id, album_id) VALUES(4, '0JQtZGkMyVK5SAAJlw4Qgt');
INSERT INTO liked_album(user_id, album_id) VALUES(11, '42sfDq59SJCXfzBduOJlzA');
INSERT INTO liked_album(user_id, album_id) VALUES(48, '0bNfrGST1xSPZ3V3g5jjHT');
INSERT INTO liked_album(user_id, album_id) VALUES(18, '39ezXXrm2nHqhuErFyPAsO');
INSERT INTO liked_album(user_id, album_id) VALUES(25, '1ozpmkWcCHwsQ4QTnxOOdT');
INSERT INTO liked_album(user_id, album_id) VALUES(43, '0JQtZGkMyVK5SAAJlw4Qgt');
INSERT INTO liked_album(user_id, album_id) VALUES(42, '3bXzKLtI7059uh33uiL9GD');
INSERT INTO liked_album(user_id, album_id) VALUES(17, '7luH8lI8B6c4r3TxLJ2aU1');
INSERT INTO liked_album(user_id, album_id) VALUES(20, '7DoTPRCQRYuLO5rxA11G0m');
INSERT INTO liked_album(user_id, album_id) VALUES(44, '6LD3J50OxLEQbAB8ahoj1S');
INSERT INTO liked_album(user_id, album_id) VALUES(48, '4iL0sqHuipLrqy4y8HRYsZ');
INSERT INTO liked_album(user_id, album_id) VALUES(17, '4yP0hdKOZPNshxUOjY0cZj');
INSERT INTO liked_album(user_id, album_id) VALUES(18, '2vA3dDRHJtEeThXAlf1L8z');
INSERT INTO liked_album(user_id, album_id) VALUES(18, '6OVeP3PqCTxyGrTxKWJB7H');
INSERT INTO liked_album(user_id, album_id) VALUES(25, '2jchmY4qmN4Zsp1L3cSFIA');
INSERT INTO liked_album(user_id, album_id) VALUES(28, '5bx7i3cuSfXBPF7Li8kUR7');
INSERT INTO liked_album(user_id, album_id) VALUES(32, '17cYF29ZBcDYoRkWUzFWfQ');
INSERT INTO liked_album(user_id, album_id) VALUES(47, '5O0zUvdnJr0RbWzLFneN2i');
INSERT INTO liked_album(user_id, album_id) VALUES(19, '5nNtpPsSUgb9Hlb3dF1gXa');
INSERT INTO liked_album(user_id, album_id) VALUES(18, '61ZCeqzP8onzBEP7dR0P5t');
INSERT INTO liked_album(user_id, album_id) VALUES(48, '49avguRc9qHbWv5Gjmj4nQ');
INSERT INTO liked_album(user_id, album_id) VALUES(34, '0ifQBUhPyd0KvlBmhGVVL0');
INSERT INTO liked_album(user_id, album_id) VALUES(19, '0uWttVLwkFxcW1PkBAsmZd');
INSERT INTO liked_album(user_id, album_id) VALUES(6, '4uoEruXjt0APvHaSqrwqPH');
INSERT INTO liked_album(user_id, album_id) VALUES(49, '2lzV5TIBiLED8eCjwsGBIv');
INSERT INTO liked_album(user_id, album_id) VALUES(4, '7ikmjsvRzDRzxHN0KXSQdv');
INSERT INTO liked_album(user_id, album_id) VALUES(29, '6nHECY2OnWXVmd4QjGhJEm');
INSERT INTO liked_playlist(user_id, playlist_id) VALUES(27, 123);
INSERT INTO liked_playlist(user_id, playlist_id) VALUES(35, 106);
INSERT INTO liked_playlist(user_id, playlist_id) VALUES(50, 70);
INSERT INTO liked_playlist(user_id, playlist_id) VALUES(36, 16);
INSERT INTO liked_playlist(user_id, playlist_id) VALUES(1, 113);
INSERT INTO liked_playlist(user_id, playlist_id) VALUES(42, 130);
INSERT INTO liked_playlist(user_id, playlist_id) VALUES(10, 6);
INSERT INTO liked_playlist(user_id, playlist_id) VALUES(25, 123);
INSERT INTO liked_playlist(user_id, playlist_id) VALUES(46, 11);
INSERT INTO liked_playlist(user_id, playlist_id) VALUES(39, 60);
INSERT INTO liked_playlist(user_id, playlist_id) VALUES(11, 142);
INSERT INTO liked_playlist(user_id, playlist_id) VALUES(4, 39);
INSERT INTO liked_playlist(user_id, playlist_id) VALUES(14, 104);
INSERT INTO liked_playlist(user_id, playlist_id) VALUES(35, 145);
INSERT INTO liked_playlist(user_id, playlist_id) VALUES(7, 19);
INSERT INTO liked_playlist(user_id, playlist_id) VALUES(35, 44);
INSERT INTO liked_playlist(user_id, playlist_id) VALUES(27, 125);
INSERT INTO liked_playlist(user_id, playlist_id) VALUES(36, 18);
INSERT INTO liked_playlist(user_id, playlist_id) VALUES(9, 1);
INSERT INTO liked_playlist(user_id, playlist_id) VALUES(8, 66);
INSERT INTO liked_playlist(user_id, playlist_id) VALUES(39, 44);
INSERT INTO liked_playlist(user_id, playlist_id) VALUES(15, 53);
INSERT INTO liked_playlist(user_id, playlist_id) VALUES(30, 148);
INSERT INTO liked_playlist(user_id, playlist_id) VALUES(6, 13);
INSERT INTO liked_playlist(user_id, playlist_id) VALUES(24, 83);
INSERT INTO liked_playlist(user_id, playlist_id) VALUES(29, 134);
INSERT INTO liked_playlist(user_id, playlist_id) VALUES(35, 101);
INSERT INTO liked_playlist(user_id, playlist_id) VALUES(45, 14);
INSERT INTO liked_playlist(user_id, playlist_id) VALUES(25, 100);
INSERT INTO liked_playlist(user_id, playlist_id) VALUES(44, 113);
INSERT INTO liked_playlist(user_id, playlist_id) VALUES(30, 59);
INSERT INTO liked_playlist(user_id, playlist_id) VALUES(47, 75);
INSERT INTO liked_playlist(user_id, playlist_id) VALUES(48, 40);
INSERT INTO liked_playlist(user_id, playlist_id) VALUES(20, 88);
INSERT INTO liked_playlist(user_id, playlist_id) VALUES(18, 51);
INSERT INTO liked_playlist(user_id, playlist_id) VALUES(3, 108);
INSERT INTO liked_playlist(user_id, playlist_id) VALUES(24, 85);
INSERT INTO liked_playlist(user_id, playlist_id) VALUES(47, 114);
INSERT INTO liked_playlist(user_id, playlist_id) VALUES(36, 123);
INSERT INTO liked_playlist(user_id, playlist_id) VALUES(8, 116);
INSERT INTO liked_playlist(user_id, playlist_id) VALUES(28, 64);
INSERT INTO liked_playlist(user_id, playlist_id) VALUES(46, 109);
INSERT INTO liked_playlist(user_id, playlist_id) VALUES(8, 134);
INSERT INTO liked_playlist(user_id, playlist_id) VALUES(5, 144);
INSERT INTO liked_playlist(user_id, playlist_id) VALUES(43, 128);
INSERT INTO liked_playlist(user_id, playlist_id) VALUES(40, 111);
INSERT INTO liked_playlist(user_id, playlist_id) VALUES(49, 114);
INSERT INTO liked_playlist(user_id, playlist_id) VALUES(49, 132);
INSERT INTO liked_playlist(user_id, playlist_id) VALUES(41, 103);
INSERT INTO liked_playlist(user_id, playlist_id) VALUES(34, 119);
INSERT INTO liked_playlist(user_id, playlist_id) VALUES(39, 14);
INSERT INTO liked_playlist(user_id, playlist_id) VALUES(33, 44);
INSERT INTO liked_playlist(user_id, playlist_id) VALUES(36, 61);
INSERT INTO liked_playlist(user_id, playlist_id) VALUES(45, 73);
INSERT INTO liked_playlist(user_id, playlist_id) VALUES(49, 61);
INSERT INTO liked_playlist(user_id, playlist_id) VALUES(34, 39);
INSERT INTO liked_playlist(user_id, playlist_id) VALUES(13, 71);
INSERT INTO liked_playlist(user_id, playlist_id) VALUES(33, 83);
INSERT INTO liked_playlist(user_id, playlist_id) VALUES(28, 96);
INSERT INTO liked_playlist(user_id, playlist_id) VALUES(2, 77);
INSERT INTO liked_playlist(user_id, playlist_id) VALUES(8, 38);
INSERT INTO liked_playlist(user_id, playlist_id) VALUES(25, 88);
INSERT INTO liked_playlist(user_id, playlist_id) VALUES(46, 95);
INSERT INTO liked_playlist(user_id, playlist_id) VALUES(2, 40);
INSERT INTO liked_playlist(user_id, playlist_id) VALUES(40, 88);
INSERT INTO liked_playlist(user_id, playlist_id) VALUES(6, 95);
INSERT INTO liked_playlist(user_id, playlist_id) VALUES(43, 59);
INSERT INTO liked_playlist(user_id, playlist_id) VALUES(18, 48);
INSERT INTO liked_playlist(user_id, playlist_id) VALUES(42, 15);
INSERT INTO liked_playlist(user_id, playlist_id) VALUES(36, 29);
INSERT INTO liked_playlist(user_id, playlist_id) VALUES(16, 124);
INSERT INTO liked_playlist(user_id, playlist_id) VALUES(25, 72);
INSERT INTO liked_playlist(user_id, playlist_id) VALUES(46, 15);
INSERT INTO liked_playlist(user_id, playlist_id) VALUES(49, 29);
INSERT INTO liked_playlist(user_id, playlist_id) VALUES(28, 61);
INSERT INTO liked_playlist(user_id, playlist_id) VALUES(18, 32);
INSERT INTO liked_playlist(user_id, playlist_id) VALUES(35, 57);
INSERT INTO liked_playlist(user_id, playlist_id) VALUES(41, 137);
INSERT INTO liked_playlist(user_id, playlist_id) VALUES(18, 123);
INSERT INTO liked_playlist(user_id, playlist_id) VALUES(10, 149);
INSERT INTO liked_playlist(user_id, playlist_id) VALUES(34, 61);
INSERT INTO liked_playlist(user_id, playlist_id) VALUES(38, 40);
INSERT INTO liked_playlist(user_id, playlist_id) VALUES(45, 36);
INSERT INTO liked_playlist(user_id, playlist_id) VALUES(16, 64);
INSERT INTO liked_playlist(user_id, playlist_id) VALUES(17, 29);
INSERT INTO liked_playlist(user_id, playlist_id) VALUES(10, 23);
INSERT INTO liked_playlist(user_id, playlist_id) VALUES(20, 110);
INSERT INTO liked_playlist(user_id, playlist_id) VALUES(44, 89);
INSERT INTO liked_playlist(user_id, playlist_id) VALUES(18, 134);
INSERT INTO liked_playlist(user_id, playlist_id) VALUES(32, 93);
INSERT INTO liked_playlist(user_id, playlist_id) VALUES(21, 26);
INSERT INTO liked_playlist(user_id, playlist_id) VALUES(36, 81);
INSERT INTO liked_playlist(user_id, playlist_id) VALUES(37, 89);
INSERT INTO liked_playlist(user_id, playlist_id) VALUES(8, 92);
INSERT INTO liked_playlist(user_id, playlist_id) VALUES(49, 81);
INSERT INTO liked_playlist(user_id, playlist_id) VALUES(32, 40);
INSERT INTO liked_playlist(user_id, playlist_id) VALUES(3, 123);
INSERT INTO liked_playlist(user_id, playlist_id) VALUES(40, 87);
INSERT INTO liked_playlist(user_id, playlist_id) VALUES(42, 51);
INSERT INTO liked_playlist(user_id, playlist_id) VALUES(30, 12);
INSERT INTO liked_playlist(user_id, playlist_id) VALUES(30, 76);
INSERT INTO liked_playlist(user_id, playlist_id) VALUES(16, 68);
INSERT INTO liked_playlist(user_id, playlist_id) VALUES(31, 50);
INSERT INTO liked_playlist(user_id, playlist_id) VALUES(2, 133);
INSERT INTO liked_playlist(user_id, playlist_id) VALUES(37, 109);
INSERT INTO liked_playlist(user_id, playlist_id) VALUES(31, 4);
INSERT INTO liked_playlist(user_id, playlist_id) VALUES(50, 39);
INSERT INTO liked_playlist(user_id, playlist_id) VALUES(41, 91);
INSERT INTO liked_playlist(user_id, playlist_id) VALUES(50, 103);
INSERT INTO liked_playlist(user_id, playlist_id) VALUES(37, 118);
INSERT INTO liked_playlist(user_id, playlist_id) VALUES(50, 48);
INSERT INTO liked_playlist(user_id, playlist_id) VALUES(3, 125);
INSERT INTO liked_playlist(user_id, playlist_id) VALUES(27, 64);
INSERT INTO liked_playlist(user_id, playlist_id) VALUES(48, 41);
INSERT INTO liked_playlist(user_id, playlist_id) VALUES(33, 68);
INSERT INTO liked_playlist(user_id, playlist_id) VALUES(7, 113);
INSERT INTO liked_playlist(user_id, playlist_id) VALUES(11, 10);
INSERT INTO liked_playlist(user_id, playlist_id) VALUES(8, 78);
INSERT INTO liked_playlist(user_id, playlist_id) VALUES(15, 1);
INSERT INTO liked_playlist(user_id, playlist_id) VALUES(20, 6);
INSERT INTO liked_playlist(user_id, playlist_id) VALUES(13, 31);
INSERT INTO liked_playlist(user_id, playlist_id) VALUES(7, 33);
INSERT INTO liked_playlist(user_id, playlist_id) VALUES(25, 121);
INSERT INTO liked_playlist(user_id, playlist_id) VALUES(20, 100);
INSERT INTO liked_playlist(user_id, playlist_id) VALUES(12, 41);
INSERT INTO album_review(user_id, album_id, rating, content, blinded, critic) VALUES(22, '3hhDpPtCFuQbppwYgsVhMO', 5, '코멘트 2197', 0, 0);
INSERT INTO album_review(user_id, album_id, rating, content, blinded, critic) VALUES(35, '7zCODUHkfuRxsUjtuzNqbd', 2, '코멘트 8291', 0, 0);
INSERT INTO album_review(user_id, album_id, rating, content, blinded, critic) VALUES(43, '5a4sJJ3qjn6hqRsvm0Veso', 4, '코멘트 4618', 0, 0);
INSERT INTO album_review(user_id, album_id, rating, content, blinded, critic) VALUES(7, '4yP0hdKOZPNshxUOjY0cZj', 2, '코멘트 7634', 0, 1);
INSERT INTO album_review(user_id, album_id, rating, content, blinded, critic) VALUES(19, '10SppFk45za4CHPEiiuQaD', 3, '코멘트 2163', 0, 0);
INSERT INTO album_review(user_id, album_id, rating, content, blinded, critic) VALUES(5, '1SHLOv0DDdRecK60z86Lth', 5, '코멘트 9893', 0, 0);
INSERT INTO album_review(user_id, album_id, rating, content, blinded, critic) VALUES(40, '6J84szYCnMfzEcvIcfWMFL', 5, '코멘트 8899', 0, 0);
INSERT INTO album_review(user_id, album_id, rating, content, blinded, critic) VALUES(10, '7GHiMUbLhh67dWSN1xGUcP', 4, '코멘트 2457', 0, 1);
INSERT INTO album_review(user_id, album_id, rating, content, blinded, critic) VALUES(15, '1K3oVG8AwSSs66wACKd95b', 2, '코멘트 4107', 0, 1);
INSERT INTO album_review(user_id, album_id, rating, content, blinded, critic) VALUES(23, '1ozpmkWcCHwsQ4QTnxOOdT', 2, '코멘트 1427', 0, 0);
INSERT INTO album_review(user_id, album_id, rating, content, blinded, critic) VALUES(14, '3syEYrKIsgxaZMB5t1dVG7', 4, '코멘트 7102', 0, 1);
INSERT INTO album_review(user_id, album_id, rating, content, blinded, critic) VALUES(44, '0S4pP8MBY9p7ngFWIZQAJv', 5, '코멘트 6094', 0, 1);
INSERT INTO album_review(user_id, album_id, rating, content, blinded, critic) VALUES(35, '7BzP09BlvvE4ioNgvdLrdm', 1, '코멘트 6166', 0, 1);
INSERT INTO album_review(user_id, album_id, rating, content, blinded, critic) VALUES(38, '6uWbkjA7Osh3VNnnGeyfl6', 3, '코멘트 5630', 0, 0);
INSERT INTO album_review(user_id, album_id, rating, content, blinded, critic) VALUES(8, '5qHH0SHWf5yQxG4yqHnIzY', 5, '코멘트 7091', 0, 0);
INSERT INTO album_review(user_id, album_id, rating, content, blinded, critic) VALUES(46, '0ifQBUhPyd0KvlBmhGVVL0', 1, '코멘트 218', 0, 1);
INSERT INTO album_review(user_id, album_id, rating, content, blinded, critic) VALUES(50, '6ceHoTiPm8m5gera0XdBOW', 2, '코멘트 31', 0, 1);
INSERT INTO album_review(user_id, album_id, rating, content, blinded, critic) VALUES(7, '4qZBW3f2Q8y0k1A84d4iAO', 1, '코멘트 6387', 0, 0);
INSERT INTO album_review(user_id, album_id, rating, content, blinded, critic) VALUES(45, '7AeJIhR7oTd7l6A1hZNbmS', 3, '코멘트 4508', 0, 0);

INSERT INTO album_review(user_id, album_id, rating, content, blinded, critic) VALUES(32, '4sfwHIxFU5kcDqSdMENQsy', 5, '코멘트 5622', 0, 0);
INSERT INTO album_review(user_id, album_id, rating, content, blinded, critic) VALUES(26, '06me0leRR3AuF4IFiEytml', 4, '코멘트 8521', 0, 0);
INSERT INTO album_review(user_id, album_id, rating, content, blinded, critic) VALUES(46, '6HmUGM55FYKtA0jm3lgyFW', 3, '코멘트 2315', 0, 1);
INSERT INTO album_review(user_id, album_id, rating, content, blinded, critic) VALUES(13, '7J6hCmiXbY36PVOTFAeGAc', 5, '코멘트 1388', 0, 0);
INSERT INTO album_review(user_id, album_id, rating, content, blinded, critic) VALUES(42, '5I5Bz7STXgcn5X2NYrDl2I', 4, '코멘트 8902', 0, 0);
INSERT INTO album_review(user_id, album_id, rating, content, blinded, critic) VALUES(6, '3qwCuSISrIUpyt6sB5edmQ', 4, '코멘트 4380', 0, 1);
INSERT INTO album_review(user_id, album_id, rating, content, blinded, critic) VALUES(47, '1e5ELECrQq5yoquPwoXzkd', 2, '코멘트 2588', 0, 0);
INSERT INTO album_review(user_id, album_id, rating, content, blinded, critic) VALUES(7, '7AeJIhR7oTd7l6A1hZNbmS', 1, '코멘트 2584', 0, 1);
INSERT INTO album_review(user_id, album_id, rating, content, blinded, critic) VALUES(2, '2o35lokKrBVG73xWFDEVsX', 5, '코멘트 8729', 0, 0);
INSERT INTO album_review(user_id, album_id, rating, content, blinded, critic) VALUES(10, '6LuY3APmuxui8BM2oibkrZ', 5, '코멘트 5545', 0, 0);
INSERT INTO album_review(user_id, album_id, rating, content, blinded, critic) VALUES(14, '05K5RSyTasOI8cQTFHhTLS', 2, '코멘트 4405', 0, 0);
INSERT INTO album_review(user_id, album_id, rating, content, blinded, critic) VALUES(4, '06me0leRR3AuF4IFiEytml', 5, '코멘트 3822', 0, 0);
INSERT INTO album_review(user_id, album_id, rating, content, blinded, critic) VALUES(6, '7GHiMUbLhh67dWSN1xGUcP', 2, '코멘트 650', 0, 1);
INSERT INTO album_review(user_id, album_id, rating, content, blinded, critic) VALUES(1, '6LuY3APmuxui8BM2oibkrZ', 4, '코멘트 99', 0, 0);
INSERT INTO album_review(user_id, album_id, rating, content, blinded, critic) VALUES(1, '7J4ASJD3IvdANlrPkmeVP0', 1, '코멘트 7718', 0, 0);
INSERT INTO album_review(user_id, album_id, rating, content, blinded, critic) VALUES(13, '5wybcI0Q4wJh6IJtqXqeJ6', 3, '코멘트 8945', 0, 1);
INSERT INTO album_review(user_id, album_id, rating, content, blinded, critic) VALUES(20, '7eNsf4qcc9uV6IklAlPp4b', 2, '코멘트 368', 0, 1);
INSERT INTO album_review(user_id, album_id, rating, content, blinded, critic) VALUES(37, '4bWGRs1SqNwFXaRDXRAANN', 5, '코멘트 6664', 0, 0);
INSERT INTO album_review(user_id, album_id, rating, content, blinded, critic) VALUES(25, '5qHH0SHWf5yQxG4yqHnIzY', 1, '코멘트 487', 0, 1);
INSERT INTO album_review(user_id, album_id, rating, content, blinded, critic) VALUES(14, '0SbnkLLiTqVmoPmhY80s7S', 2, '코멘트 7320', 0, 0);
INSERT INTO album_review(user_id, album_id, rating, content, blinded, critic) VALUES(42, '1JirxaiYwz8hAxAk38rkeH', 3, '코멘트 3937', 0, 1);
INSERT INTO album_review(user_id, album_id, rating, content, blinded, critic) VALUES(17, '2rTc5TdRP7hr7gE4h4lUR1', 4, '코멘트 3451', 0, 0);
INSERT INTO album_review(user_id, album_id, rating, content, blinded, critic) VALUES(43, '3vyyDkvYWC36DwgZCYd3Wu', 2, '코멘트 8434', 0, 0);
INSERT INTO album_review(user_id, album_id, rating, content, blinded, critic) VALUES(37, '59vClLXHQp6vY4IfO0SDmm', 3, '코멘트 4581', 0, 1);
INSERT INTO album_review(user_id, album_id, rating, content, blinded, critic) VALUES(48, '1bV9UJSiCQOg5S786s2T9g', 1, '코멘트 6066', 0, 1);
INSERT INTO album_review(user_id, album_id, rating, content, blinded, critic) VALUES(30, '2o35lokKrBVG73xWFDEVsX', 1, '코멘트 886', 0, 1);
INSERT INTO album_review(user_id, album_id, rating, content, blinded, critic) VALUES(9, '3PJbTq65fNFTzXt26YEp0p', 4, '코멘트 7981', 0, 0);
INSERT INTO album_review(user_id, album_id, rating, content, blinded, critic) VALUES(22, '10eNMeTimUzAKLhCOpIUlb', 1, '코멘트 2329', 0, 0);
INSERT INTO album_review(user_id, album_id, rating, content, blinded, critic) VALUES(9, '1NCgEqPlo1t2jCvmjpyiqD', 3, '코멘트 3997', 0, 0);
INSERT INTO album_review(user_id, album_id, rating, content, blinded, critic) VALUES(33, '4VZ7jhV0wHpoNPCB7Vmiml', 3, '코멘트 6460', 0, 0);
INSERT INTO track_review(user_id, track_id, rating, content, blinded, critic) VALUES(26, '4ioOuBakOUKAdSpm9E46kP', 2, '리뷰 9757', 0, 1);
INSERT INTO track_review(user_id, track_id, rating, content, blinded, critic) VALUES(3, '4RI9eX7jNcdaQOJifn7t6z', 4, '리뷰 2491', 0, 0);
INSERT INTO track_review(user_id, track_id, rating, content, blinded, critic) VALUES(38, '5Ggfa9cpkpfp5D6Rg0Yyw1', 2, '리뷰 4601', 0, 0);
INSERT INTO track_review(user_id, track_id, rating, content, blinded, critic) VALUES(7, '3XLSlQLJf3Ut0zvMUxnF1h', 3, '리뷰 3055', 0, 0);
INSERT INTO track_review(user_id, track_id, rating, content, blinded, critic) VALUES(37, '716nouwS8Bg17xgo5Sj4Th', 3, '리뷰 9973', 0, 1);
INSERT INTO track_review(user_id, track_id, rating, content, blinded, critic) VALUES(4, '02SDFsqWGN9683KclprnFR', 4, '리뷰 5154', 0, 0);
INSERT INTO track_review(user_id, track_id, rating, content, blinded, critic) VALUES(28, '0MHStU0muAIEMbwdnebYu2', 3, '리뷰 5964', 0, 0);
INSERT INTO track_review(user_id, track_id, rating, content, blinded, critic) VALUES(22, '1o844wI52S3TjXGBwvGcc7', 5, '리뷰 9528', 0, 1);
INSERT INTO track_review(user_id, track_id, rating, content, blinded, critic) VALUES(26, '0HyYb90jIOngSSLH5XfiAC', 5, '리뷰 5578', 0, 0);
INSERT INTO track_review(user_id, track_id, rating, content, blinded, critic) VALUES(3, '7JXZq0JgG2zTrSOAgY8VMC', 4, '리뷰 9278', 0, 1);
INSERT INTO track_review(user_id, track_id, rating, content, blinded, critic) VALUES(39, '0wzPHTgOtFIDhk2rD3Au4x', 5, '리뷰 927', 0, 1);
INSERT INTO track_review(user_id, track_id, rating, content, blinded, critic) VALUES(21, '4V239n5yBIZAyvxisyvfAx', 4, '리뷰 7831', 0, 0);
INSERT INTO track_review(user_id, track_id, rating, content, blinded, critic) VALUES(42, '2BcMwX1MPV6ZHP4tUT9uq6', 5, '리뷰 7358', 0, 1);
INSERT INTO track_review(user_id, track_id, rating, content, blinded, critic) VALUES(28, '21J5UuwP43cOhx4S5DMPRp', 4, '리뷰 3648', 0, 0);
INSERT INTO track_review(user_id, track_id, rating, content, blinded, critic) VALUES(7, '1dKXBUKx7oCB2UXlkihNn8', 3, '리뷰 4306', 0, 0);
INSERT INTO track_review(user_id, track_id, rating, content, blinded, critic) VALUES(46, '1yeB8MUNeLo9Ek1UEpsyz6', 3, '리뷰 9232', 0, 1);
INSERT INTO track_review(user_id, track_id, rating, content, blinded, critic) VALUES(46, '6BCDS43QqQkK6TWg9F2YhO', 1, '리뷰 5883', 0, 1);
INSERT INTO track_review(user_id, track_id, rating, content, blinded, critic) VALUES(20, '759ndr57jb0URg4j9YSWml', 3, '리뷰 5661', 0, 1);
INSERT INTO track_review(user_id, track_id, rating, content, blinded, critic) VALUES(30, '5UJshy5HDHdNEVqlJwzsQB', 3, '리뷰 2717', 0, 1);
INSERT INTO track_review(user_id, track_id, rating, content, blinded, critic) VALUES(30, '2fkeWbM6iqTw7oGHTYm2lw', 4, '리뷰 9819', 0, 1);
INSERT INTO track_review(user_id, track_id, rating, content, blinded, critic) VALUES(10, '23FnV9ThaK01oNWc3E87yh', 1, '리뷰 8315', 0, 1);
INSERT INTO track_review(user_id, track_id, rating, content, blinded, critic) VALUES(50, '3oJ2x2zkGfmzk7ZT3lpAUG', 4, '리뷰 2099', 0, 0);
INSERT INTO track_review(user_id, track_id, rating, content, blinded, critic) VALUES(22, '76gUmNLXGQVOsGhfcshkFP', 3, '리뷰 8100', 0, 0);
INSERT INTO track_review(user_id, track_id, rating, content, blinded, critic) VALUES(4, '5sBDrrtLGbV64QJnEqfjer', 3, '리뷰 9768', 0, 1);
INSERT INTO track_review(user_id, track_id, rating, content, blinded, critic) VALUES(44, '5fpyAakgFOm4YTXkgfPzvV', 4, '리뷰 9987', 0, 1);
INSERT INTO track_review(user_id, track_id, rating, content, blinded, critic) VALUES(40, '21qPw0CUs61qIHogIlXWSV', 5, '리뷰 6666', 0, 1);
INSERT INTO track_review(user_id, track_id, rating, content, blinded, critic) VALUES(32, '7nEHTOQJqKCx7Dvgng3l8t', 5, '리뷰 3233', 0, 0);
INSERT INTO track_review(user_id, track_id, rating, content, blinded, critic) VALUES(30, '5JUu0unA8VwhTZ9LkMWUVI', 5, '리뷰 7499', 0, 0);
INSERT INTO track_review(user_id, track_id, rating, content, blinded, critic) VALUES(18, '3r5lHFACTti0w2REN5tcrn', 3, '리뷰 6136', 0, 1);
INSERT INTO track_review(user_id, track_id, rating, content, blinded, critic) VALUES(34, '57GsLpRtEtrzcPGPop20rS', 5, '리뷰 9941', 0, 1);
INSERT INTO track_review(user_id, track_id, rating, content, blinded, critic) VALUES(17, '6Q3lFQgpvhA9VApFKLFZtZ', 5, '리뷰 3234', 0, 1);
INSERT INTO track_review(user_id, track_id, rating, content, blinded, critic) VALUES(49, '2zrhoHlFKxFTRF5aMyxMoQ', 3, '리뷰 1127', 0, 1);
INSERT INTO track_review(user_id, track_id, rating, content, blinded, critic) VALUES(9, '6VpW9I9gaAHC0k20934fEb', 5, '리뷰 4768', 0, 0);
INSERT INTO track_review(user_id, track_id, rating, content, blinded, critic) VALUES(2, '3CktmDvZGj21m3pNFj5Lr3', 4, '리뷰 8720', 0, 1);
INSERT INTO track_review(user_id, track_id, rating, content, blinded, critic) VALUES(15, '0WtNwdHv8UiDSVKDr3yRXn', 3, '리뷰 7519', 0, 1);
INSERT INTO track_review(user_id, track_id, rating, content, blinded, critic) VALUES(11, '5InOp6q2vvx0fShv3bzFLZ', 5, '리뷰 4690', 0, 1);
INSERT INTO track_review(user_id, track_id, rating, content, blinded, critic) VALUES(23, '69dF0bCa5X3sMQatT3vW31', 4, '리뷰 9823', 0, 1);
INSERT INTO track_review(user_id, track_id, rating, content, blinded, critic) VALUES(49, '1E5Xu8dur0fAjSP1VpVhAZ', 2, '리뷰 196', 0, 1);
INSERT INTO track_review(user_id, track_id, rating, content, blinded, critic) VALUES(48, '3DV2xXDpxZKF0taEowHh5D', 1, '리뷰 2939', 0, 0);
INSERT INTO track_review(user_id, track_id, rating, content, blinded, critic) VALUES(21, '3CRYykOC8kHuSUWKPOmpgN', 1, '리뷰 2393', 0, 1);
INSERT INTO track_review(user_id, track_id, rating, content, blinded, critic) VALUES(28, '5KNNUrjAuBzPhNZ5JHjSJI', 4, '리뷰 6985', 0, 0);
INSERT INTO track_review(user_id, track_id, rating, content, blinded, critic) VALUES(12, '3cjF2OFRmip8spwZYQRKxP', 3, '리뷰 6014', 0, 0);
INSERT INTO track_review(user_id, track_id, rating, content, blinded, critic) VALUES(33, '52R4BAN4L4nN0uuD91B9yz', 4, '리뷰 4437', 0, 0);
INSERT INTO track_review(user_id, track_id, rating, content, blinded, critic) VALUES(31, '1vZlLxDDSn6JE0aSC1KHnx', 3, '리뷰 1408', 0, 0);
INSERT INTO track_review(user_id, track_id, rating, content, blinded, critic) VALUES(40, '5LAKjqbB5uurPpxFEicd9S', 1, '리뷰 5339', 0, 1);
INSERT INTO track_review(user_id, track_id, rating, content, blinded, critic) VALUES(34, '5ngydCLbzCEdtu8SEOXhPU', 1, '리뷰 5065', 0, 0);
INSERT INTO track_review(user_id, track_id, rating, content, blinded, critic) VALUES(11, '4iEeJKOE5zjsRbWBGkj9lS', 3, '리뷰 1240', 0, 1);
INSERT INTO track_review(user_id, track_id, rating, content, blinded, critic) VALUES(30, '3i2w6O98pzUUmqRJavWF6f', 2, '리뷰 8699', 0, 0);
INSERT INTO track_review(user_id, track_id, rating, content, blinded, critic) VALUES(46, '2OWXH98HPXFR7uelLTVF8y', 4, '리뷰 1861', 0, 1);
INSERT INTO track_review(user_id, track_id, rating, content, blinded, critic) VALUES(31, '1SLsDrKugNzhjksXYMDkm5', 4, '리뷰 6840', 0, 1);
INSERT INTO tag(name) VALUES ('Pop');
INSERT INTO tag(name) VALUES ('Rock');
INSERT INTO tag(name) VALUES ('HipHop');
INSERT INTO tag(name) VALUES ('Jazz');
INSERT INTO tag(name) VALUES ('Classical');
INSERT INTO tag(name) VALUES ('Electronic');
INSERT INTO tag(name) VALUES ('Dance');
INSERT INTO tag(name) VALUES ('EDM');
INSERT INTO tag(name) VALUES ('R&B');
INSERT INTO tag(name) VALUES ('Soul');
INSERT INTO tag(name) VALUES ('Blues');
INSERT INTO tag(name) VALUES ('Country');
INSERT INTO tag(name) VALUES ('Reggae');
INSERT INTO tag(name) VALUES ('Metal');
INSERT INTO tag(name) VALUES ('Folk');
INSERT INTO tag(name) VALUES ('Indie');
INSERT INTO tag(name) VALUES ('Alternative');
INSERT INTO tag(name) VALUES ('Latin');
INSERT INTO tag(name) VALUES ('Kpop');
INSERT INTO tag(name) VALUES ('Ballad');
INSERT INTO tag(name) VALUES ('Trap');
INSERT INTO tag(name) VALUES ('House');
INSERT INTO tag(name) VALUES ('Techno');
INSERT INTO tag(name) VALUES ('Dubstep');
INSERT INTO tag(name) VALUES ('Trance');
INSERT INTO tag(name) VALUES ('Synthpop');
INSERT INTO tag(name) VALUES ('Jazz Fusion');
INSERT INTO tag(name) VALUES ('Disco');
INSERT INTO tag(name) VALUES ('Gospel');
INSERT INTO tag(name) VALUES ('Ambient');
INSERT INTO tag(name) VALUES ('Funk');
INSERT INTO tag(name) VALUES ('Ska');
INSERT INTO tag(name) VALUES ('Opera');
INSERT INTO tag(name) VALUES ('Lo-fi');
INSERT INTO tag(name) VALUES ('Swing');
INSERT INTO tag(name) VALUES ('Acoustic');
INSERT INTO tag(name) VALUES ('Bluegrass');
INSERT INTO tag(name) VALUES ('Chillout');
INSERT INTO tag(name) VALUES ('Grunge');
INSERT INTO tag(name) VALUES ('New Age');
INSERT INTO tag(name) VALUES ('Pop Rock');
INSERT INTO tag(name) VALUES ('Post Punk');
INSERT INTO tag(name) VALUES ('Electropop');
INSERT INTO tag(name) VALUES ('Synthwave');
INSERT INTO tag(name) VALUES ('Garage Rock');
INSERT INTO tag(name) VALUES ('Hard Rock');
INSERT INTO tag(name) VALUES ('Experimental');
INSERT INTO tag(name) VALUES ('Punk Rock');
INSERT INTO tag(name) VALUES ('Dream Pop');
INSERT INTO tag(name) VALUES ('Vocal Jazz');
INSERT INTO community(id, name, description, created_at, creator_id) VALUES(1, '커뮤니티1', '커뮤니티 설명 1', NOW(), 8);
INSERT INTO community(id, name, description, created_at, creator_id) VALUES(2, '커뮤니티2', '커뮤니티 설명 2', NOW(), 42);
INSERT INTO community(id, name, description, created_at, creator_id) VALUES(3, '커뮤니티3', '커뮤니티 설명 3', NOW(), 7);
INSERT INTO community(id, name, description, created_at, creator_id) VALUES(4, '커뮤니티4', '커뮤니티 설명 4', NOW(), 17);
INSERT INTO community(id, name, description, created_at, creator_id) VALUES(5, '커뮤니티5', '커뮤니티 설명 5', NOW(), 42);
INSERT INTO community(id, name, description, created_at, creator_id) VALUES(6, '커뮤니티6', '커뮤니티 설명 6', NOW(), 21);
INSERT INTO community(id, name, description, created_at, creator_id) VALUES(7, '커뮤니티7', '커뮤니티 설명 7', NOW(), 26);
INSERT INTO community(id, name, description, created_at, creator_id) VALUES(8, '커뮤니티8', '커뮤니티 설명 8', NOW(), 41);
INSERT INTO community(id, name, description, created_at, creator_id) VALUES(9, '커뮤니티9', '커뮤니티 설명 9', NOW(), 21);
INSERT INTO community(id, name, description, created_at, creator_id) VALUES(10, '커뮤니티10', '커뮤니티 설명 10', NOW(), 45);
INSERT INTO community(id, name, description, created_at, creator_id) VALUES(11, '커뮤니티11', '커뮤니티 설명 11', NOW(), 46);
INSERT INTO community(id, name, description, created_at, creator_id) VALUES(12, '커뮤니티12', '커뮤니티 설명 12', NOW(), 1);
INSERT INTO community(id, name, description, created_at, creator_id) VALUES(13, '커뮤니티13', '커뮤니티 설명 13', NOW(), 2);
INSERT INTO community(id, name, description, created_at, creator_id) VALUES(14, '커뮤니티14', '커뮤니티 설명 14', NOW(), 34);
INSERT INTO community(id, name, description, created_at, creator_id) VALUES(15, '커뮤니티15', '커뮤니티 설명 15', NOW(), 1);
INSERT INTO community(id, name, description, created_at, creator_id) VALUES(16, '커뮤니티16', '커뮤니티 설명 16', NOW(), 38);
INSERT INTO community(id, name, description, created_at, creator_id) VALUES(17, '커뮤니티17', '커뮤니티 설명 17', NOW(), 32);
INSERT INTO community(id, name, description, created_at, creator_id) VALUES(18, '커뮤니티18', '커뮤니티 설명 18', NOW(), 11);
INSERT INTO community(id, name, description, created_at, creator_id) VALUES(19, '커뮤니티19', '커뮤니티 설명 19', NOW(), 23);
INSERT INTO community(id, name, description, created_at, creator_id) VALUES(20, '커뮤니티20', '커뮤니티 설명 20', NOW(), 43);
INSERT INTO community(id, name, description, created_at, creator_id) VALUES(21, '커뮤니티21', '커뮤니티 설명 21', NOW(), 39);
INSERT INTO community(id, name, description, created_at, creator_id) VALUES(22, '커뮤니티22', '커뮤니티 설명 22', NOW(), 50);
INSERT INTO community(id, name, description, created_at, creator_id) VALUES(23, '커뮤니티23', '커뮤니티 설명 23', NOW(), 43);
INSERT INTO community(id, name, description, created_at, creator_id) VALUES(24, '커뮤니티24', '커뮤니티 설명 24', NOW(), 21);
INSERT INTO community(id, name, description, created_at, creator_id) VALUES(25, '커뮤니티25', '커뮤니티 설명 25', NOW(), 21);
INSERT INTO community(id, name, description, created_at, creator_id) VALUES(26, '커뮤니티26', '커뮤니티 설명 26', NOW(), 48);
INSERT INTO community(id, name, description, created_at, creator_id) VALUES(27, '커뮤니티27', '커뮤니티 설명 27', NOW(), 6);
INSERT INTO community(id, name, description, created_at, creator_id) VALUES(28, '커뮤니티28', '커뮤니티 설명 28', NOW(), 3);
INSERT INTO community(id, name, description, created_at, creator_id) VALUES(29, '커뮤니티29', '커뮤니티 설명 29', NOW(), 18);
INSERT INTO community(id, name, description, created_at, creator_id) VALUES(30, '커뮤니티30', '커뮤니티 설명 30', NOW(), 22);
INSERT INTO community(id, name, description, created_at, creator_id) VALUES(31, '커뮤니티31', '커뮤니티 설명 31', NOW(), 38);
INSERT INTO community(id, name, description, created_at, creator_id) VALUES(32, '커뮤니티32', '커뮤니티 설명 32', NOW(), 48);
INSERT INTO community(id, name, description, created_at, creator_id) VALUES(33, '커뮤니티33', '커뮤니티 설명 33', NOW(), 44);
INSERT INTO community(id, name, description, created_at, creator_id) VALUES(34, '커뮤니티34', '커뮤니티 설명 34', NOW(), 13);
INSERT INTO community(id, name, description, created_at, creator_id) VALUES(35, '커뮤니티35', '커뮤니티 설명 35', NOW(), 46);
INSERT INTO community(id, name, description, created_at, creator_id) VALUES(36, '커뮤니티36', '커뮤니티 설명 36', NOW(), 49);
INSERT INTO community(id, name, description, created_at, creator_id) VALUES(37, '커뮤니티37', '커뮤니티 설명 37', NOW(), 18);
INSERT INTO community(id, name, description, created_at, creator_id) VALUES(38, '커뮤니티38', '커뮤니티 설명 38', NOW(), 25);
INSERT INTO community(id, name, description, created_at, creator_id) VALUES(39, '커뮤니티39', '커뮤니티 설명 39', NOW(), 37);
INSERT INTO community(id, name, description, created_at, creator_id) VALUES(40, '커뮤니티40', '커뮤니티 설명 40', NOW(), 31);
INSERT INTO community(id, name, description, created_at, creator_id) VALUES(41, '커뮤니티41', '커뮤니티 설명 41', NOW(), 39);
INSERT INTO community(id, name, description, created_at, creator_id) VALUES(42, '커뮤니티42', '커뮤니티 설명 42', NOW(), 24);
INSERT INTO community(id, name, description, created_at, creator_id) VALUES(43, '커뮤니티43', '커뮤니티 설명 43', NOW(), 7);
INSERT INTO community(id, name, description, created_at, creator_id) VALUES(44, '커뮤니티44', '커뮤니티 설명 44', NOW(), 39);
INSERT INTO community(id, name, description, created_at, creator_id) VALUES(45, '커뮤니티45', '커뮤니티 설명 45', NOW(), 15);
INSERT INTO community(id, name, description, created_at, creator_id) VALUES(46, '커뮤니티46', '커뮤니티 설명 46', NOW(), 42);
INSERT INTO community(id, name, description, created_at, creator_id) VALUES(47, '커뮤니티47', '커뮤니티 설명 47', NOW(), 20);
INSERT INTO community(id, name, description, created_at, creator_id) VALUES(48, '커뮤니티48', '커뮤니티 설명 48', NOW(), 23);
INSERT INTO community(id, name, description, created_at, creator_id) VALUES(49, '커뮤니티49', '커뮤니티 설명 49', NOW(), 47);
INSERT INTO community(id, name, description, created_at, creator_id) VALUES(50, '커뮤니티50', '커뮤니티 설명 50', NOW(), 18);
INSERT INTO track_mood_vote(user_id, track_id, mood) VALUES(1, '5702raF31K9rvD6KZ6sCTo', 2);
INSERT INTO track_mood_vote(user_id, track_id, mood) VALUES(2, '6zKlGJXteHq8KRKaLnUfCs', 1);
INSERT INTO track_mood_vote(user_id, track_id, mood) VALUES(3, '4oeaIftdpT3JuZLcCkKmVE', 9);
INSERT INTO track_mood_vote(user_id, track_id, mood) VALUES(4, '37vULhf6YM1HbrqcZmbxOV', 8);
INSERT INTO track_mood_vote(user_id, track_id, mood) VALUES(5, '28irpKCCK9nn9DZSik2zEx', 2);
INSERT INTO track_mood_vote(user_id, track_id, mood) VALUES(6, '5Cp75TUMrHF6c8xbhdligS', 4);
INSERT INTO track_mood_vote(user_id, track_id, mood) VALUES(7, '4FIgHqXd4KkOwxrGeLDYM2', 2);
INSERT INTO track_mood_vote(user_id, track_id, mood) VALUES(8, '0sTBOp1hdayTjw6UOyPyi6', 6);
INSERT INTO track_mood_vote(user_id, track_id, mood) VALUES(9, '6fSvz9yrQY407xmr7cdjuA', 7);
INSERT INTO track_mood_vote(user_id, track_id, mood) VALUES(10, '2aSC2xhRxOLiiZZVjhbylH', 10);
INSERT INTO track_mood_vote(user_id, track_id, mood) VALUES(11, '1S9DHKpS73KFVN7nnIql3f', 9);
INSERT INTO track_mood_vote(user_id, track_id, mood) VALUES(12, '7pxDPXacBRqfV0ZGh9WtFD', 5);
INSERT INTO track_mood_vote(user_id, track_id, mood) VALUES(13, '3RUVLIRUNA3KHLt8pd8PL6', 7);
INSERT INTO track_mood_vote(user_id, track_id, mood) VALUES(14, '3RXUgPNIbUgFxsDWuBQEt6', 7);
INSERT INTO track_mood_vote(user_id, track_id, mood) VALUES(15, '6tCd8bPvYnceDG7W9M1RMk', 6);
INSERT INTO track_mood_vote(user_id, track_id, mood) VALUES(16, '167wD7BlzcLxsX8PlSujCa', 4);
INSERT INTO track_mood_vote(user_id, track_id, mood) VALUES(17, '7EdJ8z6IBotTjO50DfzzuV', 7);
INSERT INTO track_mood_vote(user_id, track_id, mood) VALUES(18, '3QXov5M0VLI3ROldfiSwj0', 10);
INSERT INTO track_mood_vote(user_id, track_id, mood) VALUES(19, '72Oliqc3JRn4MddvndTh7P', 4);
INSERT INTO track_mood_vote(user_id, track_id, mood) VALUES(20, '2aEaejrhOecAdVvifXidcm', 9);
INSERT INTO track_mood_vote(user_id, track_id, mood) VALUES(21, '2gyHr9WqZeMtzJOpWGuGo6', 7);
INSERT INTO track_mood_vote(user_id, track_id, mood) VALUES(22, '31kNjKUQC8pMaEyY4BSdba', 6);
INSERT INTO track_mood_vote(user_id, track_id, mood) VALUES(23, '3weHnt82LuCTMa2AnZFM78', 7);
INSERT INTO track_mood_vote(user_id, track_id, mood) VALUES(24, '7woEDtme8YkFiWeyiinIjy', 5);
INSERT INTO track_mood_vote(user_id, track_id, mood) VALUES(25, '6XZ8C5etRn0kiS1wwuW0SO', 6);
INSERT INTO track_mood_vote(user_id, track_id, mood) VALUES(26, '7oSjDQf4kkFTxWWgdrgy3h', 9);
INSERT INTO track_mood_vote(user_id, track_id, mood) VALUES(27, '7v1X2PGU3uZXu7tzFTTsSh', 6);
INSERT INTO track_mood_vote(user_id, track_id, mood) VALUES(28, '0fmtziRRsJocN4Sv5I0vkr', 9);
INSERT INTO track_mood_vote(user_id, track_id, mood) VALUES(29, '5M2lX0ZAYSAzCs1xPPi9BX', 4);
INSERT INTO track_mood_vote(user_id, track_id, mood) VALUES(30, '63RDKBQabA00X6EeU5dhke', 2);
INSERT INTO track_mood_vote(user_id, track_id, mood) VALUES(31, '3xrYWQcYn1mcix1xc3m4BR', 1);
INSERT INTO track_mood_vote(user_id, track_id, mood) VALUES(32, '6UjfByV1lDLW0SOVQA4NAi', 2);
INSERT INTO track_mood_vote(user_id, track_id, mood) VALUES(33, '0HHKGXT6NQ83tUbVI31O1H', 5);
INSERT INTO track_mood_vote(user_id, track_id, mood) VALUES(34, '3vJcz8exedHCjQ9ed95NqU', 8);
INSERT INTO track_mood_vote(user_id, track_id, mood) VALUES(35, '4fen6YZEyvpi9X75JXarFL', 10);
INSERT INTO track_mood_vote(user_id, track_id, mood) VALUES(36, '3RUVLIRUNA3KHLt8pd8PL6', 8);
INSERT INTO track_mood_vote(user_id, track_id, mood) VALUES(37, '4u9cOL7R5OjAmlWkeEFXzf', 2);
INSERT INTO track_mood_vote(user_id, track_id, mood) VALUES(38, '6sJ6EoG4vyUC1tW718ww7f', 1);
INSERT INTO track_mood_vote(user_id, track_id, mood) VALUES(39, '1HnhCD1u0c4dHSMazmWGyM', 4);
INSERT INTO track_mood_vote(user_id, track_id, mood) VALUES(40, '6C6fHTuFUxVtJpBOOaMvJr', 3);
INSERT INTO track_mood_vote(user_id, track_id, mood) VALUES(41, '5c5FujzDDLo3XYss4OO3hi', 7);
INSERT INTO track_mood_vote(user_id, track_id, mood) VALUES(42, '5Ee4IyhPaOVRMc15fUOeG9', 5);
INSERT INTO track_mood_vote(user_id, track_id, mood) VALUES(43, '03rwnftfgpYVO6QDWOZcG6', 5);
INSERT INTO track_mood_vote(user_id, track_id, mood) VALUES(44, '1jT1njjQ3JU6DYonYRG8MU', 2);
INSERT INTO track_mood_vote(user_id, track_id, mood) VALUES(45, '3IQgeOgdHIag6mu0mgKRgQ', 6);
INSERT INTO track_mood_vote(user_id, track_id, mood) VALUES(46, '5eJvtHFpdYgzHbcidqijCy', 9);
INSERT INTO track_mood_vote(user_id, track_id, mood) VALUES(47, '3s4nSw9yp1wdyHCmRFYvtI', 7);
INSERT INTO track_mood_vote(user_id, track_id, mood) VALUES(48, '7MwYXhh2dTqc7fiwkwPZo1', 6);
INSERT INTO track_mood_vote(user_id, track_id, mood) VALUES(49, '4J7aZtcc2TrCJkXY1WWebG', 8);
INSERT INTO track_mood_vote(user_id, track_id, mood) VALUES(50, '4rmVZajAF7PkrCagGPHbqa', 9);
INSERT INTO artist_mood_vote(user_id, artist_id, mood) VALUES(1, '57htMBtzpppc1yoXgjbslj', 5);
INSERT INTO artist_mood_vote(user_id, artist_id, mood) VALUES(2, '6YVMFz59CuY7ngCxTxjpxE', 9);
INSERT INTO artist_mood_vote(user_id, artist_id, mood) VALUES(3, '6YVMFz59CuY7ngCxTxjpxE', 8);
INSERT INTO artist_mood_vote(user_id, artist_id, mood) VALUES(4, '3TVXtAsR1Inumwj472S9r4', 6);
INSERT INTO artist_mood_vote(user_id, artist_id, mood) VALUES(5, '2yNNYQBChuox9A5Ka93BIn', 6);

INSERT INTO artist_mood_vote(user_id, artist_id, mood) VALUES(7, '41MozSoPIsD1dJM0CLPjZF', 9);

INSERT INTO artist_mood_vote(user_id, artist_id, mood) VALUES(9, '3TVXtAsR1Inumwj472S9r4', 8);
INSERT INTO artist_mood_vote(user_id, artist_id, mood) VALUES(10, '0du5cEVh5yTK9QJze8zA0C', 9);
INSERT INTO artist_mood_vote(user_id, artist_id, mood) VALUES(11, '0du5cEVh5yTK9QJze8zA0C', 4);
INSERT INTO artist_mood_vote(user_id, artist_id, mood) VALUES(12, '2KC9Qb60EaY0kW4eH68vr3', 5);
INSERT INTO artist_mood_vote(user_id, artist_id, mood) VALUES(13, '2KC9Qb60EaY0kW4eH68vr3', 8);

INSERT INTO artist_mood_vote(user_id, artist_id, mood) VALUES(15, '41MozSoPIsD1dJM0CLPjZF', 1);
INSERT INTO artist_mood_vote(user_id, artist_id, mood) VALUES(16, '2yNNYQBChuox9A5Ka93BIn', 8);
INSERT INTO artist_mood_vote(user_id, artist_id, mood) VALUES(17, '3TVXtAsR1Inumwj472S9r4', 8);

INSERT INTO artist_mood_vote(user_id, artist_id, mood) VALUES(19, '41MozSoPIsD1dJM0CLPjZF', 5);
INSERT INTO artist_mood_vote(user_id, artist_id, mood) VALUES(20, '57htMBtzpppc1yoXgjbslj', 4);
INSERT INTO artist_mood_vote(user_id, artist_id, mood) VALUES(21, '1Xyo4u8uXC1ZmMpatF05PJ', 10);
INSERT INTO artist_mood_vote(user_id, artist_id, mood) VALUES(22, '2yNNYQBChuox9A5Ka93BIn', 3);
INSERT INTO artist_mood_vote(user_id, artist_id, mood) VALUES(23, '1Xyo4u8uXC1ZmMpatF05PJ', 8);
INSERT INTO artist_mood_vote(user_id, artist_id, mood) VALUES(24, '57htMBtzpppc1yoXgjbslj', 1);
INSERT INTO artist_mood_vote(user_id, artist_id, mood) VALUES(25, '1Xyo4u8uXC1ZmMpatF05PJ', 2);
INSERT INTO artist_mood_vote(user_id, artist_id, mood) VALUES(26, '57htMBtzpppc1yoXgjbslj', 3);
INSERT INTO artist_mood_vote(user_id, artist_id, mood) VALUES(27, '1Xyo4u8uXC1ZmMpatF05PJ', 6);
INSERT INTO artist_mood_vote(user_id, artist_id, mood) VALUES(28, '0du5cEVh5yTK9QJze8zA0C', 9);
INSERT INTO artist_mood_vote(user_id, artist_id, mood) VALUES(29, '0du5cEVh5yTK9QJze8zA0C', 2);
INSERT INTO artist_mood_vote(user_id, artist_id, mood) VALUES(30, '0du5cEVh5yTK9QJze8zA0C', 6);
INSERT INTO artist_mood_vote(user_id, artist_id, mood) VALUES(31, '2yNNYQBChuox9A5Ka93BIn', 2);
INSERT INTO artist_mood_vote(user_id, artist_id, mood) VALUES(32, '6YVMFz59CuY7ngCxTxjpxE', 5);
INSERT INTO artist_mood_vote(user_id, artist_id, mood) VALUES(33, '3TVXtAsR1Inumwj472S9r4', 9);
INSERT INTO artist_mood_vote(user_id, artist_id, mood) VALUES(34, '0du5cEVh5yTK9QJze8zA0C', 10);
INSERT INTO artist_mood_vote(user_id, artist_id, mood) VALUES(35, '1rpgxJZxZMLnFNc1Jmyov5', 8);
INSERT INTO artist_mood_vote(user_id, artist_id, mood) VALUES(36, '1rpgxJZxZMLnFNc1Jmyov5', 2);

INSERT INTO artist_mood_vote(user_id, artist_id, mood) VALUES(39, '6HvZYsbFfjnjFrWF950C9d', 4);
INSERT INTO artist_mood_vote(user_id, artist_id, mood) VALUES(40, '1rpgxJZxZMLnFNc1Jmyov5', 5);
INSERT INTO artist_mood_vote(user_id, artist_id, mood) VALUES(41, '1Xyo4u8uXC1ZmMpatF05PJ', 5);
INSERT INTO artist_mood_vote(user_id, artist_id, mood) VALUES(42, '1rpgxJZxZMLnFNc1Jmyov5', 1);
INSERT INTO artist_mood_vote(user_id, artist_id, mood) VALUES(43, '41MozSoPIsD1dJM0CLPjZF', 9);
INSERT INTO artist_mood_vote(user_id, artist_id, mood) VALUES(44, '1rpgxJZxZMLnFNc1Jmyov5', 8);
INSERT INTO artist_mood_vote(user_id, artist_id, mood) VALUES(45, '1Xyo4u8uXC1ZmMpatF05PJ', 3);
INSERT INTO artist_mood_vote(user_id, artist_id, mood) VALUES(46, '41MozSoPIsD1dJM0CLPjZF', 8);
INSERT INTO artist_mood_vote(user_id, artist_id, mood) VALUES(47, '1Xyo4u8uXC1ZmMpatF05PJ', 1);
INSERT INTO artist_mood_vote(user_id, artist_id, mood) VALUES(48, '2KC9Qb60EaY0kW4eH68vr3', 2);
INSERT INTO artist_mood_vote(user_id, artist_id, mood) VALUES(49, '41MozSoPIsD1dJM0CLPjZF', 6);
INSERT INTO artist_mood_vote(user_id, artist_id, mood) VALUES(50, '6YVMFz59CuY7ngCxTxjpxE', 6);
INSERT INTO board_post(title, content, type, community_id, user_id) VALUES ('게시글 제목 1', '게시글 내용 1', 'REVIEW', 3, 1);
INSERT INTO board_post(title, content, type, community_id, user_id) VALUES ('게시글 제목 2', '게시글 내용 2', 'REVIEW', 3, 2);
INSERT INTO board_post(title, content, type, community_id, user_id) VALUES ('게시글 제목 3', '게시글 내용 3', 'REVIEW', 2, 3);
INSERT INTO board_post(title, content, type, community_id, user_id) VALUES ('게시글 제목 4', '게시글 내용 4', 'REVIEW', 2, 4);
INSERT INTO board_post(title, content, type, community_id, user_id) VALUES ('게시글 제목 5', '게시글 내용 5', 'NOTICE', 3, 5);
INSERT INTO board_post(title, content, type, community_id, user_id) VALUES ('게시글 제목 6', '게시글 내용 6', 'REVIEW', 1, 6);
INSERT INTO board_post(title, content, type, community_id, user_id) VALUES ('게시글 제목 7', '게시글 내용 7', 'QNA', 2, 7);
INSERT INTO board_post(title, content, type, community_id, user_id) VALUES ('게시글 제목 8', '게시글 내용 8', 'QNA', 1, 8);
INSERT INTO board_post(title, content, type, community_id, user_id) VALUES ('게시글 제목 9', '게시글 내용 9', 'REVIEW', 3, 9);
INSERT INTO board_post(title, content, type, community_id, user_id) VALUES ('게시글 제목 10', '게시글 내용 10', 'QNA', 2, 10);
INSERT INTO board_post(title, content, type, community_id, user_id) VALUES ('게시글 제목 11', '게시글 내용 11', 'REVIEW', 2, 11);
INSERT INTO board_post(title, content, type, community_id, user_id) VALUES ('게시글 제목 12', '게시글 내용 12', 'REVIEW', 3, 12);
INSERT INTO board_post(title, content, type, community_id, user_id) VALUES ('게시글 제목 13', '게시글 내용 13', 'REVIEW', 1, 13);
INSERT INTO board_post(title, content, type, community_id, user_id) VALUES ('게시글 제목 14', '게시글 내용 14', 'REVIEW', 2, 14);
INSERT INTO board_post(title, content, type, community_id, user_id) VALUES ('게시글 제목 15', '게시글 내용 15', 'REVIEW', 3, 15);
INSERT INTO board_post(title, content, type, community_id, user_id) VALUES ('게시글 제목 16', '게시글 내용 16', 'REVIEW', 3, 16);
INSERT INTO board_post(title, content, type, community_id, user_id) VALUES ('게시글 제목 17', '게시글 내용 17', 'REVIEW', 1, 17);
INSERT INTO board_post(title, content, type, community_id, user_id) VALUES ('게시글 제목 18', '게시글 내용 18', 'REVIEW', 2, 18);
INSERT INTO board_post(title, content, type, community_id, user_id) VALUES ('게시글 제목 19', '게시글 내용 19', 'NOTICE', 2, 19);
INSERT INTO board_post(title, content, type, community_id, user_id) VALUES ('게시글 제목 20', '게시글 내용 20', 'REVIEW', 3, 20);
INSERT INTO board_post(title, content, type, community_id, user_id) VALUES ('게시글 제목 21', '게시글 내용 21', 'REVIEW', 2, 21);
INSERT INTO board_post(title, content, type, community_id, user_id) VALUES ('게시글 제목 22', '게시글 내용 22', 'REVIEW', 1, 22);
INSERT INTO board_post(title, content, type, community_id, user_id) VALUES ('게시글 제목 23', '게시글 내용 23', 'QNA', 3, 23);
INSERT INTO board_post(title, content, type, community_id, user_id) VALUES ('게시글 제목 24', '게시글 내용 24', 'QNA', 3, 24);
INSERT INTO board_post(title, content, type, community_id, user_id) VALUES ('게시글 제목 25', '게시글 내용 25', 'QNA', 2, 25);
INSERT INTO board_post(title, content, type, community_id, user_id) VALUES ('게시글 제목 26', '게시글 내용 26', 'NOTICE', 3, 26);
INSERT INTO board_post(title, content, type, community_id, user_id) VALUES ('게시글 제목 27', '게시글 내용 27', 'QNA', 3, 27);
INSERT INTO board_post(title, content, type, community_id, user_id) VALUES ('게시글 제목 28', '게시글 내용 28', 'NOTICE', 1, 28);
INSERT INTO board_post(title, content, type, community_id, user_id) VALUES ('게시글 제목 29', '게시글 내용 29', 'NOTICE', 3, 29);
INSERT INTO board_post(title, content, type, community_id, user_id) VALUES ('게시글 제목 30', '게시글 내용 30', 'REVIEW', 3, 30);
INSERT INTO board_post(title, content, type, community_id, user_id) VALUES ('게시글 제목 31', '게시글 내용 31', 'REVIEW', 3, 31);
INSERT INTO board_post(title, content, type, community_id, user_id) VALUES ('게시글 제목 32', '게시글 내용 32', 'REVIEW', 3, 32);
INSERT INTO board_post(title, content, type, community_id, user_id) VALUES ('게시글 제목 33', '게시글 내용 33', 'QNA', 3, 33);
INSERT INTO board_post(title, content, type, community_id, user_id) VALUES ('게시글 제목 34', '게시글 내용 34', 'REVIEW', 2, 34);
INSERT INTO board_post(title, content, type, community_id, user_id) VALUES ('게시글 제목 35', '게시글 내용 35', 'QNA', 1, 35);
INSERT INTO board_post(title, content, type, community_id, user_id) VALUES ('게시글 제목 36', '게시글 내용 36', 'QNA', 2, 36);
INSERT INTO board_post(title, content, type, community_id, user_id) VALUES ('게시글 제목 37', '게시글 내용 37', 'REVIEW', 3, 37);
INSERT INTO board_post(title, content, type, community_id, user_id) VALUES ('게시글 제목 38', '게시글 내용 38', 'NOTICE', 2, 38);
INSERT INTO board_post(title, content, type, community_id, user_id) VALUES ('게시글 제목 39', '게시글 내용 39', 'QNA', 1, 39);
INSERT INTO board_post(title, content, type, community_id, user_id) VALUES ('게시글 제목 40', '게시글 내용 40', 'NOTICE', 2, 40);
INSERT INTO board_post(title, content, type, community_id, user_id) VALUES ('게시글 제목 41', '게시글 내용 41', 'REVIEW', 2, 41);
INSERT INTO board_post(title, content, type, community_id, user_id) VALUES ('게시글 제목 42', '게시글 내용 42', 'REVIEW', 1, 42);
INSERT INTO board_post(title, content, type, community_id, user_id) VALUES ('게시글 제목 43', '게시글 내용 43', 'QNA', 3, 43);
INSERT INTO board_post(title, content, type, community_id, user_id) VALUES ('게시글 제목 44', '게시글 내용 44', 'NOTICE', 1, 44);
INSERT INTO board_post(title, content, type, community_id, user_id) VALUES ('게시글 제목 45', '게시글 내용 45', 'REVIEW', 1, 45);
INSERT INTO board_post(title, content, type, community_id, user_id) VALUES ('게시글 제목 46', '게시글 내용 46', 'QNA', 3, 46);
INSERT INTO board_post(title, content, type, community_id, user_id) VALUES ('게시글 제목 47', '게시글 내용 47', 'NOTICE', 3, 47);
INSERT INTO board_post(title, content, type, community_id, user_id) VALUES ('게시글 제목 48', '게시글 내용 48', 'QNA', 3, 48);
INSERT INTO board_post(title, content, type, community_id, user_id) VALUES ('게시글 제목 49', '게시글 내용 49', 'REVIEW', 2, 49);
INSERT INTO board_post(title, content, type, community_id, user_id) VALUES ('게시글 제목 50', '게시글 내용 50', 'NOTICE', 2, 50);
INSERT INTO report(target_type, target_id, reason, status, reporter_id, processed_by, processed_at, process_memo) VALUES('review', 339, '신고 이유 1', 'REJECTED', 49, 28, '2025-07-22 17:31:00', NULL);
INSERT INTO report(target_type, target_id, reason, status, reporter_id, processed_by, processed_at, process_memo) VALUES('review', 227, '신고 이유 2', 'DONE', 29, 24, '2025-07-22 17:31:00', NULL);
INSERT INTO report(target_type, target_id, reason, status, reporter_id, processed_by, processed_at, process_memo) VALUES('track', 57, '신고 이유 3', 'PENDING', 24, NULL, NULL, NULL);
INSERT INTO report(target_type, target_id, reason, status, reporter_id, processed_by, processed_at, process_memo) VALUES('album', 699, '신고 이유 4', 'PENDING', 27, NULL, NULL, NULL);
INSERT INTO report(target_type, target_id, reason, status, reporter_id, processed_by, processed_at, process_memo) VALUES('qna', 615, '신고 이유 5', 'DONE', 21, 15, '2025-07-22 17:31:00', NULL);
INSERT INTO report(target_type, target_id, reason, status, reporter_id, processed_by, processed_at, process_memo) VALUES('user', 940, '신고 이유 6', 'DONE', 40, 12, '2025-07-22 17:31:00', NULL);
INSERT INTO report(target_type, target_id, reason, status, reporter_id, processed_by, processed_at, process_memo) VALUES('review', 180, '신고 이유 7', 'DONE', 49, 12, '2025-07-22 17:31:00', NULL);
INSERT INTO report(target_type, target_id, reason, status, reporter_id, processed_by, processed_at, process_memo) VALUES('album', 42, '신고 이유 8', 'REJECTED', 46, 18, '2025-07-22 17:31:00', NULL);
INSERT INTO report(target_type, target_id, reason, status, reporter_id, processed_by, processed_at, process_memo) VALUES('qna', 61, '신고 이유 9', 'PENDING', 4, NULL, NULL, NULL);
INSERT INTO report(target_type, target_id, reason, status, reporter_id, processed_by, processed_at, process_memo) VALUES('user', 977, '신고 이유 10', 'PENDING', 43, NULL, NULL, NULL);
INSERT INTO report(target_type, target_id, reason, status, reporter_id, processed_by, processed_at, process_memo) VALUES('qna', 821, '신고 이유 11', 'REJECTED', 30, 18, '2025-07-22 17:31:00', NULL);
INSERT INTO report(target_type, target_id, reason, status, reporter_id, processed_by, processed_at, process_memo) VALUES('user', 768, '신고 이유 12', 'DONE', 3, 36, '2025-07-22 17:31:00', NULL);
INSERT INTO report(target_type, target_id, reason, status, reporter_id, processed_by, processed_at, process_memo) VALUES('track', 412, '신고 이유 13', 'REJECTED', 16, 7, '2025-07-22 17:31:00', NULL);
INSERT INTO report(target_type, target_id, reason, status, reporter_id, processed_by, processed_at, process_memo) VALUES('playlist', 179, '신고 이유 14', 'PENDING', 22, NULL, NULL, NULL);
INSERT INTO report(target_type, target_id, reason, status, reporter_id, processed_by, processed_at, process_memo) VALUES('comment', 680, '신고 이유 15', 'PENDING', 45, NULL, NULL, NULL);
INSERT INTO report(target_type, target_id, reason, status, reporter_id, processed_by, processed_at, process_memo) VALUES('track', 163, '신고 이유 16', 'PENDING', 12, NULL, NULL, NULL);
INSERT INTO report(target_type, target_id, reason, status, reporter_id, processed_by, processed_at, process_memo) VALUES('qna', 686, '신고 이유 17', 'REJECTED', 41, 32, '2025-07-22 17:31:00', NULL);
INSERT INTO report(target_type, target_id, reason, status, reporter_id, processed_by, processed_at, process_memo) VALUES('album', 454, '신고 이유 18', 'REJECTED', 4, 26, '2025-07-22 17:31:00', NULL);
INSERT INTO report(target_type, target_id, reason, status, reporter_id, processed_by, processed_at, process_memo) VALUES('comment', 569, '신고 이유 19', 'REJECTED', 11, 5, '2025-07-22 17:31:00', NULL);
INSERT INTO report(target_type, target_id, reason, status, reporter_id, processed_by, processed_at, process_memo) VALUES('album', 303, '신고 이유 20', 'PENDING', 35, NULL, NULL, NULL);
INSERT INTO report(target_type, target_id, reason, status, reporter_id, processed_by, processed_at, process_memo) VALUES('playlist', 493, '신고 이유 21', 'PENDING', 21, NULL, NULL, NULL);
INSERT INTO report(target_type, target_id, reason, status, reporter_id, processed_by, processed_at, process_memo) VALUES('review', 659, '신고 이유 22', 'PENDING', 7, NULL, NULL, NULL);
INSERT INTO report(target_type, target_id, reason, status, reporter_id, processed_by, processed_at, process_memo) VALUES('album', 83, '신고 이유 23', 'REJECTED', 35, 45, '2025-07-22 17:31:00', NULL);
INSERT INTO report(target_type, target_id, reason, status, reporter_id, processed_by, processed_at, process_memo) VALUES('comment', 696, '신고 이유 24', 'DONE', 21, 50, '2025-07-22 17:31:00', NULL);
INSERT INTO report(target_type, target_id, reason, status, reporter_id, processed_by, processed_at, process_memo) VALUES('playlist', 39, '신고 이유 25', 'DONE', 47, 13, '2025-07-22 17:31:00', NULL);
INSERT INTO report(target_type, target_id, reason, status, reporter_id, processed_by, processed_at, process_memo) VALUES('track', 779, '신고 이유 26', 'DONE', 31, 38, '2025-07-22 17:31:00', NULL);
INSERT INTO report(target_type, target_id, reason, status, reporter_id, processed_by, processed_at, process_memo) VALUES('boardPost', 556, '신고 이유 27', 'PENDING', 17, NULL, NULL, NULL);
INSERT INTO report(target_type, target_id, reason, status, reporter_id, processed_by, processed_at, process_memo) VALUES('artist', 857, '신고 이유 28', 'REJECTED', 5, 31, '2025-07-22 17:31:00', NULL);
INSERT INTO report(target_type, target_id, reason, status, reporter_id, processed_by, processed_at, process_memo) VALUES('review', 915, '신고 이유 29', 'REJECTED', 32, 9, '2025-07-22 17:31:00', NULL);
INSERT INTO report(target_type, target_id, reason, status, reporter_id, processed_by, processed_at, process_memo) VALUES('user', 634, '신고 이유 30', 'DONE', 46, 44, '2025-07-22 17:31:00', NULL);
INSERT INTO report(target_type, target_id, reason, status, reporter_id, processed_by, processed_at, process_memo) VALUES('user', 741, '신고 이유 31', 'DONE', 32, 36, '2025-07-22 17:31:00', NULL);
INSERT INTO report(target_type, target_id, reason, status, reporter_id, processed_by, processed_at, process_memo) VALUES('user', 624, '신고 이유 32', 'DONE', 18, 4, '2025-07-22 17:31:00', NULL);
INSERT INTO report(target_type, target_id, reason, status, reporter_id, processed_by, processed_at, process_memo) VALUES('boardPost', 356, '신고 이유 33', 'REJECTED', 5, 40, '2025-07-22 17:31:00', NULL);
INSERT INTO report(target_type, target_id, reason, status, reporter_id, processed_by, processed_at, process_memo) VALUES('track', 203, '신고 이유 34', 'REJECTED', 40, 13, '2025-07-22 17:31:00', NULL);
INSERT INTO report(target_type, target_id, reason, status, reporter_id, processed_by, processed_at, process_memo) VALUES('qna', 614, '신고 이유 35', 'DONE', 40, 35, '2025-07-22 17:31:00', NULL);
INSERT INTO report(target_type, target_id, reason, status, reporter_id, processed_by, processed_at, process_memo) VALUES('track', 478, '신고 이유 36', 'DONE', 6, 25, '2025-07-22 17:31:00', NULL);
INSERT INTO report(target_type, target_id, reason, status, reporter_id, processed_by, processed_at, process_memo) VALUES('comment', 11, '신고 이유 37', 'REJECTED', 18, 41, '2025-07-22 17:31:00', NULL);
INSERT INTO report(target_type, target_id, reason, status, reporter_id, processed_by, processed_at, process_memo) VALUES('track', 974, '신고 이유 38', 'PENDING', 1, NULL, NULL, NULL);
INSERT INTO report(target_type, target_id, reason, status, reporter_id, processed_by, processed_at, process_memo) VALUES('artist', 977, '신고 이유 39', 'PENDING', 46, NULL, NULL, NULL);
INSERT INTO report(target_type, target_id, reason, status, reporter_id, processed_by, processed_at, process_memo) VALUES('artist', 498, '신고 이유 40', 'PENDING', 17, NULL, NULL, NULL);
INSERT INTO report(target_type, target_id, reason, status, reporter_id, processed_by, processed_at, process_memo) VALUES('comment', 103, '신고 이유 41', 'REJECTED', 19, 41, '2025-07-22 17:31:00', NULL);
INSERT INTO report(target_type, target_id, reason, status, reporter_id, processed_by, processed_at, process_memo) VALUES('artist', 14, '신고 이유 42', 'PENDING', 17, NULL, NULL, NULL);
INSERT INTO report(target_type, target_id, reason, status, reporter_id, processed_by, processed_at, process_memo) VALUES('track', 661, '신고 이유 43', 'DONE', 39, 27, '2025-07-22 17:31:00', NULL);
INSERT INTO report(target_type, target_id, reason, status, reporter_id, processed_by, processed_at, process_memo) VALUES('artist', 906, '신고 이유 44', 'DONE', 2, 7, '2025-07-22 17:31:00', NULL);
INSERT INTO report(target_type, target_id, reason, status, reporter_id, processed_by, processed_at, process_memo) VALUES('review', 796, '신고 이유 45', 'DONE', 11, 31, '2025-07-22 17:31:00', NULL);
INSERT INTO report(target_type, target_id, reason, status, reporter_id, processed_by, processed_at, process_memo) VALUES('user', 762, '신고 이유 46', 'DONE', 1, 8, '2025-07-22 17:31:00', NULL);
INSERT INTO report(target_type, target_id, reason, status, reporter_id, processed_by, processed_at, process_memo) VALUES('review', 222, '신고 이유 47', 'REJECTED', 49, 48, '2025-07-22 17:31:00', NULL);
INSERT INTO report(target_type, target_id, reason, status, reporter_id, processed_by, processed_at, process_memo) VALUES('comment', 663, '신고 이유 48', 'DONE', 45, 3, '2025-07-22 17:31:00', NULL);
INSERT INTO report(target_type, target_id, reason, status, reporter_id, processed_by, processed_at, process_memo) VALUES('user', 563, '신고 이유 49', 'REJECTED', 39, 30, '2025-07-22 17:31:00', NULL);
INSERT INTO report(target_type, target_id, reason, status, reporter_id, processed_by, processed_at, process_memo) VALUES('artist', 341, '신고 이유 50', 'REJECTED', 40, 36, '2025-07-22 17:31:00', NULL);
INSERT INTO comment(id, content, user_id, type, target_id) VALUES(1, '댓글 내용 1', 12, 'playlist', 27);
INSERT INTO comment(id, content, user_id, type, target_id) VALUES(2, '댓글 내용 2', 36, 'posts', 848);
INSERT INTO comment(id, content, user_id, type, target_id) VALUES(3, '댓글 내용 3', 5, 'posts', 95);
INSERT INTO comment(id, content, user_id, type, target_id) VALUES(4, '댓글 내용 4', 37, 'comment', 1);
INSERT INTO comment(id, content, user_id, type, target_id) VALUES(5, '댓글 내용 5', 32, 'playlist', 60);
INSERT INTO comment(id, content, user_id, type, target_id) VALUES(6, '댓글 내용 6', 17, 'playlist', 64);
INSERT INTO comment(id, content, user_id, type, target_id) VALUES(7, '댓글 내용 7', 2, 'comment', 5);
INSERT INTO comment(id, content, user_id, type, target_id) VALUES(8, '댓글 내용 8', 26, 'comment', 7);
INSERT INTO comment(id, content, user_id, type, target_id) VALUES(9, '댓글 내용 9', 12, 'posts', 118);
INSERT INTO comment(id, content, user_id, type, target_id) VALUES(10, '댓글 내용 10', 20, 'playlist', 67);
INSERT INTO comment(id, content, user_id, type, target_id) VALUES(11, '댓글 내용 11', 18, 'comment', 10);
INSERT INTO comment(id, content, user_id, type, target_id) VALUES(12, '댓글 내용 12', 48, 'posts', 928);
INSERT INTO comment(id, content, user_id, type, target_id) VALUES(13, '댓글 내용 13', 7, 'comment', 6);
INSERT INTO comment(id, content, user_id, type, target_id) VALUES(14, '댓글 내용 14', 23, 'comment', 7);
INSERT INTO comment(id, content, user_id, type, target_id) VALUES(15, '댓글 내용 15', 44, 'posts', 73);
INSERT INTO comment(id, content, user_id, type, target_id) VALUES(16, '댓글 내용 16', 20, 'comment', 12);
INSERT INTO comment(id, content, user_id, type, target_id) VALUES(17, '댓글 내용 17', 15, 'playlist', 107);
INSERT INTO comment(id, content, user_id, type, target_id) VALUES(18, '댓글 내용 18', 46, 'playlist', 113);
INSERT INTO comment(id, content, user_id, type, target_id) VALUES(19, '댓글 내용 19', 20, 'comment', 14);
INSERT INTO comment(id, content, user_id, type, target_id) VALUES(20, '댓글 내용 20', 25, 'comment', 9);
INSERT INTO comment(id, content, user_id, type, target_id) VALUES(21, '댓글 내용 21', 23, 'playlist', 51);
INSERT INTO comment(id, content, user_id, type, target_id) VALUES(22, '댓글 내용 22', 41, 'posts', 870);
INSERT INTO comment(id, content, user_id, type, target_id) VALUES(23, '댓글 내용 23', 32, 'comment', 4);
INSERT INTO comment(id, content, user_id, type, target_id) VALUES(24, '댓글 내용 24', 21, 'posts', 953);
INSERT INTO comment(id, content, user_id, type, target_id) VALUES(25, '댓글 내용 25', 16, 'posts', 516);
INSERT INTO comment(id, content, user_id, type, target_id) VALUES(26, '댓글 내용 26', 4, 'playlist', 52);
INSERT INTO comment(id, content, user_id, type, target_id) VALUES(27, '댓글 내용 27', 21, 'comment', 4);
INSERT INTO comment(id, content, user_id, type, target_id) VALUES(28, '댓글 내용 28', 41, 'comment', 3);
INSERT INTO comment(id, content, user_id, type, target_id) VALUES(29, '댓글 내용 29', 13, 'comment', 2);
INSERT INTO comment(id, content, user_id, type, target_id) VALUES(30, '댓글 내용 30', 26, 'posts', 781);
INSERT INTO comment(id, content, user_id, type, target_id) VALUES(31, '댓글 내용 31', 37, 'posts', 731);
INSERT INTO comment(id, content, user_id, type, target_id) VALUES(32, '댓글 내용 32', 4, 'comment', 4);
INSERT INTO comment(id, content, user_id, type, target_id) VALUES(33, '댓글 내용 33', 4, 'posts', 354);
INSERT INTO comment(id, content, user_id, type, target_id) VALUES(34, '댓글 내용 34', 7, 'posts', 417);
INSERT INTO comment(id, content, user_id, type, target_id) VALUES(35, '댓글 내용 35', 41, 'playlist', 54);
INSERT INTO comment(id, content, user_id, type, target_id) VALUES(36, '댓글 내용 36', 24, 'posts', 233);
INSERT INTO comment(id, content, user_id, type, target_id) VALUES(37, '댓글 내용 37', 37, 'posts', 201);
INSERT INTO comment(id, content, user_id, type, target_id) VALUES(38, '댓글 내용 38', 17, 'playlist', 130);
INSERT INTO comment(id, content, user_id, type, target_id) VALUES(39, '댓글 내용 39', 8, 'posts', 155);
INSERT INTO comment(id, content, user_id, type, target_id) VALUES(40, '댓글 내용 40', 14, 'playlist', 60);
INSERT INTO comment(id, content, user_id, type, target_id) VALUES(41, '댓글 내용 41', 15, 'playlist', 47);
INSERT INTO comment(id, content, user_id, type, target_id) VALUES(42, '댓글 내용 42', 24, 'playlist', 61);
INSERT INTO comment(id, content, user_id, type, target_id) VALUES(43, '댓글 내용 43', 30, 'posts', 423);
INSERT INTO comment(id, content, user_id, type, target_id) VALUES(44, '댓글 내용 44', 1, 'playlist', 27);
INSERT INTO comment(id, content, user_id, type, target_id) VALUES(45, '댓글 내용 45', 29, 'playlist', 83);
INSERT INTO comment(id, content, user_id, type, target_id) VALUES(46, '댓글 내용 46', 38, 'posts', 277);
INSERT INTO comment(id, content, user_id, type, target_id) VALUES(47, '댓글 내용 47', 37, 'comment', 29);
INSERT INTO comment(id, content, user_id, type, target_id) VALUES(48, '댓글 내용 48', 22, 'posts', 347);
INSERT INTO comment(id, content, user_id, type, target_id) VALUES(49, '댓글 내용 49', 11, 'comment', 48);
INSERT INTO comment(id, content, user_id, type, target_id) VALUES(50, '댓글 내용 50', 32, 'playlist', 63);
INSERT INTO comment(id, content, user_id, type, target_id) VALUES(51, '댓글 내용 51', 35, 'posts', 869);
INSERT INTO comment(id, content, user_id, type, target_id) VALUES(52, '댓글 내용 52', 29, 'playlist', 42);
INSERT INTO comment(id, content, user_id, type, target_id) VALUES(53, '댓글 내용 53', 31, 'playlist', 67);
INSERT INTO comment(id, content, user_id, type, target_id) VALUES(54, '댓글 내용 54', 30, 'playlist', 38);
INSERT INTO comment(id, content, user_id, type, target_id) VALUES(55, '댓글 내용 55', 47, 'posts', 369);
INSERT INTO comment(id, content, user_id, type, target_id) VALUES(56, '댓글 내용 56', 36, 'comment', 48);
INSERT INTO comment(id, content, user_id, type, target_id) VALUES(57, '댓글 내용 57', 20, 'posts', 831);
INSERT INTO comment(id, content, user_id, type, target_id) VALUES(58, '댓글 내용 58', 7, 'playlist', 83);
INSERT INTO comment(id, content, user_id, type, target_id) VALUES(59, '댓글 내용 59', 8, 'comment', 23);
INSERT INTO comment(id, content, user_id, type, target_id) VALUES(60, '댓글 내용 60', 48, 'playlist', 86);
INSERT INTO comment(id, content, user_id, type, target_id) VALUES(61, '댓글 내용 61', 26, 'playlist', 6);
INSERT INTO comment(id, content, user_id, type, target_id) VALUES(62, '댓글 내용 62', 48, 'playlist', 145);
INSERT INTO comment(id, content, user_id, type, target_id) VALUES(63, '댓글 내용 63', 36, 'playlist', 108);
INSERT INTO comment(id, content, user_id, type, target_id) VALUES(64, '댓글 내용 64', 16, 'posts', 355);
INSERT INTO comment(id, content, user_id, type, target_id) VALUES(65, '댓글 내용 65', 20, 'comment', 50);
INSERT INTO comment(id, content, user_id, type, target_id) VALUES(66, '댓글 내용 66', 4, 'posts', 434);
INSERT INTO comment(id, content, user_id, type, target_id) VALUES(67, '댓글 내용 67', 45, 'playlist', 91);
INSERT INTO comment(id, content, user_id, type, target_id) VALUES(68, '댓글 내용 68', 41, 'comment', 12);
INSERT INTO comment(id, content, user_id, type, target_id) VALUES(69, '댓글 내용 69', 30, 'posts', 820);
INSERT INTO comment(id, content, user_id, type, target_id) VALUES(70, '댓글 내용 70', 30, 'playlist', 98);
INSERT INTO comment(id, content, user_id, type, target_id) VALUES(71, '댓글 내용 71', 35, 'comment', 38);
INSERT INTO comment(id, content, user_id, type, target_id) VALUES(72, '댓글 내용 72', 47, 'playlist', 74);
INSERT INTO comment(id, content, user_id, type, target_id) VALUES(73, '댓글 내용 73', 33, 'comment', 21);
INSERT INTO comment(id, content, user_id, type, target_id) VALUES(74, '댓글 내용 74', 33, 'comment', 54);
INSERT INTO comment(id, content, user_id, type, target_id) VALUES(75, '댓글 내용 75', 19, 'comment', 44);
INSERT INTO comment(id, content, user_id, type, target_id) VALUES(76, '댓글 내용 76', 44, 'posts', 370);
INSERT INTO comment(id, content, user_id, type, target_id) VALUES(77, '댓글 내용 77', 3, 'playlist', 13);
INSERT INTO comment(id, content, user_id, type, target_id) VALUES(78, '댓글 내용 78', 25, 'posts', 275);
INSERT INTO comment(id, content, user_id, type, target_id) VALUES(79, '댓글 내용 79', 41, 'posts', 984);
INSERT INTO comment(id, content, user_id, type, target_id) VALUES(80, '댓글 내용 80', 34, 'playlist', 107);
INSERT INTO comment(id, content, user_id, type, target_id) VALUES(81, '댓글 내용 81', 42, 'playlist', 71);
INSERT INTO comment(id, content, user_id, type, target_id) VALUES(82, '댓글 내용 82', 28, 'posts', 779);
INSERT INTO comment(id, content, user_id, type, target_id) VALUES(83, '댓글 내용 83', 25, 'playlist', 92);
INSERT INTO comment(id, content, user_id, type, target_id) VALUES(84, '댓글 내용 84', 41, 'comment', 35);
INSERT INTO comment(id, content, user_id, type, target_id) VALUES(85, '댓글 내용 85', 14, 'posts', 429);
INSERT INTO comment(id, content, user_id, type, target_id) VALUES(86, '댓글 내용 86', 25, 'playlist', 46);
INSERT INTO comment(id, content, user_id, type, target_id) VALUES(87, '댓글 내용 87', 14, 'comment', 48);
INSERT INTO comment(id, content, user_id, type, target_id) VALUES(88, '댓글 내용 88', 17, 'playlist', 90);
INSERT INTO comment(id, content, user_id, type, target_id) VALUES(89, '댓글 내용 89', 14, 'comment', 38);
INSERT INTO comment(id, content, user_id, type, target_id) VALUES(90, '댓글 내용 90', 27, 'posts', 742);
INSERT INTO comment(id, content, user_id, type, target_id) VALUES(91, '댓글 내용 91', 13, 'comment', 27);
INSERT INTO comment(id, content, user_id, type, target_id) VALUES(92, '댓글 내용 92', 43, 'posts', 192);
INSERT INTO comment(id, content, user_id, type, target_id) VALUES(93, '댓글 내용 93', 18, 'playlist', 64);
INSERT INTO comment(id, content, user_id, type, target_id) VALUES(94, '댓글 내용 94', 30, 'posts', 724);
INSERT INTO comment(id, content, user_id, type, target_id) VALUES(95, '댓글 내용 95', 12, 'posts', 995);
INSERT INTO comment(id, content, user_id, type, target_id) VALUES(96, '댓글 내용 96', 45, 'posts', 752);
INSERT INTO comment(id, content, user_id, type, target_id) VALUES(97, '댓글 내용 97', 7, 'playlist', 64);
INSERT INTO comment(id, content, user_id, type, target_id) VALUES(98, '댓글 내용 98', 49, 'posts', 582);
INSERT INTO comment(id, content, user_id, type, target_id) VALUES(99, '댓글 내용 99', 41, 'playlist', 5);
INSERT INTO comment(id, content, user_id, type, target_id) VALUES(100, '댓글 내용 100', 27, 'posts', 97);
INSERT INTO comment(id, content, user_id, type, target_id) VALUES(101, '댓글 내용 101', 12, 'comment', 23);
INSERT INTO comment(id, content, user_id, type, target_id) VALUES(102, '댓글 내용 102', 25, 'playlist', 136);
INSERT INTO comment(id, content, user_id, type, target_id) VALUES(103, '댓글 내용 103', 31, 'playlist', 17);
INSERT INTO comment(id, content, user_id, type, target_id) VALUES(104, '댓글 내용 104', 31, 'comment', 79);
INSERT INTO comment(id, content, user_id, type, target_id) VALUES(105, '댓글 내용 105', 39, 'posts', 636);
INSERT INTO comment(id, content, user_id, type, target_id) VALUES(106, '댓글 내용 106', 29, 'comment', 14);
INSERT INTO comment(id, content, user_id, type, target_id) VALUES(107, '댓글 내용 107', 41, 'comment', 63);
INSERT INTO comment(id, content, user_id, type, target_id) VALUES(108, '댓글 내용 108', 49, 'playlist', 7);
INSERT INTO comment(id, content, user_id, type, target_id) VALUES(109, '댓글 내용 109', 10, 'comment', 42);
INSERT INTO comment(id, content, user_id, type, target_id) VALUES(110, '댓글 내용 110', 32, 'posts', 385);
INSERT INTO comment(id, content, user_id, type, target_id) VALUES(111, '댓글 내용 111', 1, 'posts', 912);
INSERT INTO comment(id, content, user_id, type, target_id) VALUES(112, '댓글 내용 112', 16, 'posts', 20);
INSERT INTO comment(id, content, user_id, type, target_id) VALUES(113, '댓글 내용 113', 44, 'posts', 390);
INSERT INTO comment(id, content, user_id, type, target_id) VALUES(114, '댓글 내용 114', 42, 'comment', 2);
INSERT INTO comment(id, content, user_id, type, target_id) VALUES(115, '댓글 내용 115', 24, 'comment', 36);
INSERT INTO comment(id, content, user_id, type, target_id) VALUES(116, '댓글 내용 116', 26, 'comment', 86);
INSERT INTO comment(id, content, user_id, type, target_id) VALUES(117, '댓글 내용 117', 34, 'playlist', 111);
INSERT INTO comment(id, content, user_id, type, target_id) VALUES(118, '댓글 내용 118', 22, 'comment', 27);
INSERT INTO comment(id, content, user_id, type, target_id) VALUES(119, '댓글 내용 119', 30, 'comment', 7);
INSERT INTO comment(id, content, user_id, type, target_id) VALUES(120, '댓글 내용 120', 23, 'playlist', 111);
INSERT INTO comment(id, content, user_id, type, target_id) VALUES(121, '댓글 내용 121', 49, 'playlist', 122);
INSERT INTO comment(id, content, user_id, type, target_id) VALUES(122, '댓글 내용 122', 32, 'playlist', 85);
INSERT INTO comment(id, content, user_id, type, target_id) VALUES(123, '댓글 내용 123', 18, 'comment', 113);
INSERT INTO comment(id, content, user_id, type, target_id) VALUES(124, '댓글 내용 124', 16, 'posts', 28);
INSERT INTO comment(id, content, user_id, type, target_id) VALUES(125, '댓글 내용 125', 11, 'posts', 607);
INSERT INTO comment(id, content, user_id, type, target_id) VALUES(126, '댓글 내용 126', 41, 'posts', 845);
INSERT INTO comment(id, content, user_id, type, target_id) VALUES(127, '댓글 내용 127', 35, 'posts', 889);
INSERT INTO comment(id, content, user_id, type, target_id) VALUES(128, '댓글 내용 128', 43, 'posts', 903);
INSERT INTO comment(id, content, user_id, type, target_id) VALUES(129, '댓글 내용 129', 13, 'comment', 20);
INSERT INTO comment(id, content, user_id, type, target_id) VALUES(130, '댓글 내용 130', 37, 'posts', 811);
INSERT INTO comment(id, content, user_id, type, target_id) VALUES(131, '댓글 내용 131', 27, 'posts', 53);
INSERT INTO comment(id, content, user_id, type, target_id) VALUES(132, '댓글 내용 132', 32, 'posts', 860);
INSERT INTO comment(id, content, user_id, type, target_id) VALUES(133, '댓글 내용 133', 28, 'comment', 49);
INSERT INTO comment(id, content, user_id, type, target_id) VALUES(134, '댓글 내용 134', 4, 'posts', 255);
INSERT INTO comment(id, content, user_id, type, target_id) VALUES(135, '댓글 내용 135', 45, 'comment', 68);
INSERT INTO comment(id, content, user_id, type, target_id) VALUES(136, '댓글 내용 136', 18, 'playlist', 78);
INSERT INTO comment(id, content, user_id, type, target_id) VALUES(137, '댓글 내용 137', 42, 'playlist', 111);
INSERT INTO comment(id, content, user_id, type, target_id) VALUES(138, '댓글 내용 138', 36, 'comment', 17);
INSERT INTO comment(id, content, user_id, type, target_id) VALUES(139, '댓글 내용 139', 42, 'playlist', 133);
INSERT INTO comment(id, content, user_id, type, target_id) VALUES(140, '댓글 내용 140', 5, 'posts', 93);
INSERT INTO comment(id, content, user_id, type, target_id) VALUES(141, '댓글 내용 141', 23, 'comment', 49);
INSERT INTO comment(id, content, user_id, type, target_id) VALUES(142, '댓글 내용 142', 4, 'posts', 665);
INSERT INTO comment(id, content, user_id, type, target_id) VALUES(143, '댓글 내용 143', 40, 'comment', 51);
INSERT INTO comment(id, content, user_id, type, target_id) VALUES(144, '댓글 내용 144', 26, 'posts', 685);
INSERT INTO comment(id, content, user_id, type, target_id) VALUES(145, '댓글 내용 145', 35, 'comment', 106);
INSERT INTO comment(id, content, user_id, type, target_id) VALUES(146, '댓글 내용 146', 20, 'posts', 352);
INSERT INTO comment(id, content, user_id, type, target_id) VALUES(147, '댓글 내용 147', 5, 'comment', 39);
INSERT INTO comment(id, content, user_id, type, target_id) VALUES(148, '댓글 내용 148', 10, 'posts', 308);
INSERT INTO comment(id, content, user_id, type, target_id) VALUES(149, '댓글 내용 149', 6, 'posts', 164);
INSERT INTO comment(id, content, user_id, type, target_id) VALUES(150, '댓글 내용 150', 10, 'playlist', 81);
INSERT INTO comment(id, content, user_id, type, target_id) VALUES(151, '댓글 내용 151', 17, 'comment', 126);
INSERT INTO comment(id, content, user_id, type, target_id) VALUES(152, '댓글 내용 152', 7, 'posts', 513);
INSERT INTO comment(id, content, user_id, type, target_id) VALUES(153, '댓글 내용 153', 18, 'posts', 408);
INSERT INTO comment(id, content, user_id, type, target_id) VALUES(154, '댓글 내용 154', 11, 'playlist', 130);
INSERT INTO comment(id, content, user_id, type, target_id) VALUES(155, '댓글 내용 155', 23, 'posts', 958);
INSERT INTO comment(id, content, user_id, type, target_id) VALUES(156, '댓글 내용 156', 8, 'playlist', 101);
INSERT INTO comment(id, content, user_id, type, target_id) VALUES(157, '댓글 내용 157', 18, 'comment', 1);
INSERT INTO comment(id, content, user_id, type, target_id) VALUES(158, '댓글 내용 158', 28, 'comment', 142);
INSERT INTO comment(id, content, user_id, type, target_id) VALUES(159, '댓글 내용 159', 42, 'playlist', 134);
INSERT INTO comment(id, content, user_id, type, target_id) VALUES(160, '댓글 내용 160', 44, 'playlist', 21);
INSERT INTO comment(id, content, user_id, type, target_id) VALUES(161, '댓글 내용 161', 34, 'comment', 70);
INSERT INTO comment(id, content, user_id, type, target_id) VALUES(162, '댓글 내용 162', 34, 'playlist', 15);
INSERT INTO comment(id, content, user_id, type, target_id) VALUES(163, '댓글 내용 163', 32, 'playlist', 56);
INSERT INTO comment(id, content, user_id, type, target_id) VALUES(164, '댓글 내용 164', 6, 'playlist', 128);
INSERT INTO comment(id, content, user_id, type, target_id) VALUES(165, '댓글 내용 165', 17, 'posts', 458);
INSERT INTO comment(id, content, user_id, type, target_id) VALUES(166, '댓글 내용 166', 23, 'posts', 575);
INSERT INTO comment(id, content, user_id, type, target_id) VALUES(167, '댓글 내용 167', 1, 'posts', 210);
INSERT INTO comment(id, content, user_id, type, target_id) VALUES(168, '댓글 내용 168', 23, 'comment', 70);
INSERT INTO comment(id, content, user_id, type, target_id) VALUES(169, '댓글 내용 169', 19, 'posts', 486);
INSERT INTO comment(id, content, user_id, type, target_id) VALUES(170, '댓글 내용 170', 8, 'playlist', 91);
INSERT INTO comment(id, content, user_id, type, target_id) VALUES(171, '댓글 내용 171', 26, 'playlist', 144);
INSERT INTO comment(id, content, user_id, type, target_id) VALUES(172, '댓글 내용 172', 7, 'comment', 89);
INSERT INTO comment(id, content, user_id, type, target_id) VALUES(173, '댓글 내용 173', 29, 'playlist', 68);
INSERT INTO comment(id, content, user_id, type, target_id) VALUES(174, '댓글 내용 174', 33, 'comment', 28);
INSERT INTO comment(id, content, user_id, type, target_id) VALUES(175, '댓글 내용 175', 16, 'playlist', 66);
INSERT INTO comment(id, content, user_id, type, target_id) VALUES(176, '댓글 내용 176', 41, 'posts', 781);
INSERT INTO comment(id, content, user_id, type, target_id) VALUES(177, '댓글 내용 177', 14, 'comment', 18);
INSERT INTO comment(id, content, user_id, type, target_id) VALUES(178, '댓글 내용 178', 28, 'comment', 46);
INSERT INTO comment(id, content, user_id, type, target_id) VALUES(179, '댓글 내용 179', 3, 'posts', 493);
INSERT INTO comment(id, content, user_id, type, target_id) VALUES(180, '댓글 내용 180', 17, 'posts', 82);
INSERT INTO comment(id, content, user_id, type, target_id) VALUES(181, '댓글 내용 181', 1, 'comment', 58);
INSERT INTO comment(id, content, user_id, type, target_id) VALUES(182, '댓글 내용 182', 23, 'comment', 29);
INSERT INTO comment(id, content, user_id, type, target_id) VALUES(183, '댓글 내용 183', 37, 'comment', 59);
INSERT INTO comment(id, content, user_id, type, target_id) VALUES(184, '댓글 내용 184', 7, 'playlist', 122);
INSERT INTO comment(id, content, user_id, type, target_id) VALUES(185, '댓글 내용 185', 16, 'comment', 138);
INSERT INTO comment(id, content, user_id, type, target_id) VALUES(186, '댓글 내용 186', 35, 'posts', 234);
INSERT INTO comment(id, content, user_id, type, target_id) VALUES(187, '댓글 내용 187', 35, 'comment', 86);
INSERT INTO comment(id, content, user_id, type, target_id) VALUES(188, '댓글 내용 188', 25, 'comment', 41);
INSERT INTO comment(id, content, user_id, type, target_id) VALUES(189, '댓글 내용 189', 46, 'comment', 10);
INSERT INTO comment(id, content, user_id, type, target_id) VALUES(190, '댓글 내용 190', 36, 'posts', 418);
INSERT INTO comment(id, content, user_id, type, target_id) VALUES(191, '댓글 내용 191', 19, 'playlist', 20);
INSERT INTO comment(id, content, user_id, type, target_id) VALUES(192, '댓글 내용 192', 27, 'playlist', 84);
INSERT INTO comment(id, content, user_id, type, target_id) VALUES(193, '댓글 내용 193', 12, 'playlist', 22);
INSERT INTO comment(id, content, user_id, type, target_id) VALUES(194, '댓글 내용 194', 4, 'comment', 47);
INSERT INTO comment(id, content, user_id, type, target_id) VALUES(195, '댓글 내용 195', 1, 'comment', 80);
INSERT INTO comment(id, content, user_id, type, target_id) VALUES(196, '댓글 내용 196', 35, 'posts', 390);
INSERT INTO comment(id, content, user_id, type, target_id) VALUES(197, '댓글 내용 197', 48, 'posts', 856);
INSERT INTO comment(id, content, user_id, type, target_id) VALUES(198, '댓글 내용 198', 9, 'posts', 308);
INSERT INTO comment(id, content, user_id, type, target_id) VALUES(199, '댓글 내용 199', 6, 'playlist', 22);
INSERT INTO comment(id, content, user_id, type, target_id) VALUES(200, '댓글 내용 200', 16, 'posts', 479);
INSERT INTO comment(id, content, user_id, type, target_id) VALUES(201, '댓글 내용 201', 28, 'posts', 489);
INSERT INTO comment(id, content, user_id, type, target_id) VALUES(202, '댓글 내용 202', 27, 'playlist', 71);
INSERT INTO comment(id, content, user_id, type, target_id) VALUES(203, '댓글 내용 203', 28, 'comment', 6);
INSERT INTO comment(id, content, user_id, type, target_id) VALUES(204, '댓글 내용 204', 47, 'playlist', 35);
INSERT INTO comment(id, content, user_id, type, target_id) VALUES(205, '댓글 내용 205', 43, 'playlist', 74);
INSERT INTO comment(id, content, user_id, type, target_id) VALUES(206, '댓글 내용 206', 29, 'playlist', 110);
INSERT INTO comment(id, content, user_id, type, target_id) VALUES(207, '댓글 내용 207', 7, 'comment', 21);
INSERT INTO comment(id, content, user_id, type, target_id) VALUES(208, '댓글 내용 208', 28, 'playlist', 120);
INSERT INTO comment(id, content, user_id, type, target_id) VALUES(209, '댓글 내용 209', 28, 'comment', 118);
INSERT INTO comment(id, content, user_id, type, target_id) VALUES(210, '댓글 내용 210', 46, 'comment', 65);
INSERT INTO comment(id, content, user_id, type, target_id) VALUES(211, '댓글 내용 211', 16, 'comment', 83);
INSERT INTO comment(id, content, user_id, type, target_id) VALUES(212, '댓글 내용 212', 18, 'posts', 184);
INSERT INTO comment(id, content, user_id, type, target_id) VALUES(213, '댓글 내용 213', 18, 'comment', 169);
INSERT INTO comment(id, content, user_id, type, target_id) VALUES(214, '댓글 내용 214', 10, 'comment', 86);
INSERT INTO comment(id, content, user_id, type, target_id) VALUES(215, '댓글 내용 215', 16, 'playlist', 12);
INSERT INTO comment(id, content, user_id, type, target_id) VALUES(216, '댓글 내용 216', 7, 'playlist', 72);
INSERT INTO comment(id, content, user_id, type, target_id) VALUES(217, '댓글 내용 217', 22, 'playlist', 83);
INSERT INTO comment(id, content, user_id, type, target_id) VALUES(218, '댓글 내용 218', 36, 'comment', 9);
INSERT INTO comment(id, content, user_id, type, target_id) VALUES(219, '댓글 내용 219', 21, 'playlist', 42);
INSERT INTO comment(id, content, user_id, type, target_id) VALUES(220, '댓글 내용 220', 4, 'comment', 32);
INSERT INTO comment(id, content, user_id, type, target_id) VALUES(221, '댓글 내용 221', 47, 'playlist', 31);
INSERT INTO comment(id, content, user_id, type, target_id) VALUES(222, '댓글 내용 222', 35, 'comment', 195);
INSERT INTO comment(id, content, user_id, type, target_id) VALUES(223, '댓글 내용 223', 8, 'playlist', 107);
INSERT INTO comment(id, content, user_id, type, target_id) VALUES(224, '댓글 내용 224', 32, 'comment', 133);
INSERT INTO comment(id, content, user_id, type, target_id) VALUES(225, '댓글 내용 225', 16, 'playlist', 108);
INSERT INTO comment(id, content, user_id, type, target_id) VALUES(226, '댓글 내용 226', 17, 'playlist', 104);
INSERT INTO comment(id, content, user_id, type, target_id) VALUES(227, '댓글 내용 227', 44, 'comment', 200);
INSERT INTO comment(id, content, user_id, type, target_id) VALUES(228, '댓글 내용 228', 31, 'posts', 601);
INSERT INTO comment(id, content, user_id, type, target_id) VALUES(229, '댓글 내용 229', 13, 'posts', 264);
INSERT INTO comment(id, content, user_id, type, target_id) VALUES(230, '댓글 내용 230', 22, 'posts', 57);
INSERT INTO comment(id, content, user_id, type, target_id) VALUES(231, '댓글 내용 231', 27, 'playlist', 66);
INSERT INTO comment(id, content, user_id, type, target_id) VALUES(232, '댓글 내용 232', 42, 'comment', 185);
INSERT INTO comment(id, content, user_id, type, target_id) VALUES(233, '댓글 내용 233', 29, 'comment', 200);
INSERT INTO comment(id, content, user_id, type, target_id) VALUES(234, '댓글 내용 234', 40, 'posts', 448);
INSERT INTO comment(id, content, user_id, type, target_id) VALUES(235, '댓글 내용 235', 11, 'posts', 309);
INSERT INTO comment(id, content, user_id, type, target_id) VALUES(236, '댓글 내용 236', 24, 'comment', 32);
INSERT INTO comment(id, content, user_id, type, target_id) VALUES(237, '댓글 내용 237', 42, 'posts', 174);
INSERT INTO comment(id, content, user_id, type, target_id) VALUES(238, '댓글 내용 238', 46, 'comment', 224);
INSERT INTO comment(id, content, user_id, type, target_id) VALUES(239, '댓글 내용 239', 8, 'playlist', 141);
INSERT INTO comment(id, content, user_id, type, target_id) VALUES(240, '댓글 내용 240', 24, 'playlist', 28);
INSERT INTO comment(id, content, user_id, type, target_id) VALUES(241, '댓글 내용 241', 25, 'posts', 507);
INSERT INTO comment(id, content, user_id, type, target_id) VALUES(242, '댓글 내용 242', 6, 'playlist', 5);
INSERT INTO comment(id, content, user_id, type, target_id) VALUES(243, '댓글 내용 243', 30, 'playlist', 16);
INSERT INTO comment(id, content, user_id, type, target_id) VALUES(244, '댓글 내용 244', 30, 'comment', 175);
INSERT INTO comment(id, content, user_id, type, target_id) VALUES(245, '댓글 내용 245', 15, 'posts', 941);
INSERT INTO comment(id, content, user_id, type, target_id) VALUES(246, '댓글 내용 246', 13, 'posts', 106);
INSERT INTO comment(id, content, user_id, type, target_id) VALUES(247, '댓글 내용 247', 41, 'posts', 578);
INSERT INTO comment(id, content, user_id, type, target_id) VALUES(248, '댓글 내용 248', 40, 'comment', 157);
INSERT INTO comment(id, content, user_id, type, target_id) VALUES(249, '댓글 내용 249', 12, 'playlist', 148);
INSERT INTO comment(id, content, user_id, type, target_id) VALUES(250, '댓글 내용 250', 11, 'comment', 150);
INSERT INTO comment(id, content, user_id, type, target_id) VALUES(251, '댓글 내용 251', 46, 'posts', 432);
INSERT INTO comment(id, content, user_id, type, target_id) VALUES(252, '댓글 내용 252', 12, 'posts', 526);
INSERT INTO comment(id, content, user_id, type, target_id) VALUES(253, '댓글 내용 253', 17, 'comment', 119);
INSERT INTO comment(id, content, user_id, type, target_id) VALUES(254, '댓글 내용 254', 39, 'posts', 522);
INSERT INTO comment(id, content, user_id, type, target_id) VALUES(255, '댓글 내용 255', 12, 'comment', 26);
INSERT INTO comment(id, content, user_id, type, target_id) VALUES(256, '댓글 내용 256', 20, 'comment', 121);
INSERT INTO comment(id, content, user_id, type, target_id) VALUES(257, '댓글 내용 257', 31, 'comment', 107);
INSERT INTO comment(id, content, user_id, type, target_id) VALUES(258, '댓글 내용 258', 7, 'comment', 26);
INSERT INTO comment(id, content, user_id, type, target_id) VALUES(259, '댓글 내용 259', 41, 'comment', 30);
INSERT INTO comment(id, content, user_id, type, target_id) VALUES(260, '댓글 내용 260', 30, 'playlist', 112);
INSERT INTO comment(id, content, user_id, type, target_id) VALUES(261, '댓글 내용 261', 44, 'posts', 186);
INSERT INTO comment(id, content, user_id, type, target_id) VALUES(262, '댓글 내용 262', 13, 'posts', 70);
INSERT INTO comment(id, content, user_id, type, target_id) VALUES(263, '댓글 내용 263', 41, 'comment', 178);
INSERT INTO comment(id, content, user_id, type, target_id) VALUES(264, '댓글 내용 264', 18, 'comment', 244);
INSERT INTO comment(id, content, user_id, type, target_id) VALUES(265, '댓글 내용 265', 24, 'playlist', 1);
INSERT INTO comment(id, content, user_id, type, target_id) VALUES(266, '댓글 내용 266', 35, 'playlist', 99);
INSERT INTO comment(id, content, user_id, type, target_id) VALUES(267, '댓글 내용 267', 48, 'posts', 590);
INSERT INTO comment(id, content, user_id, type, target_id) VALUES(268, '댓글 내용 268', 6, 'posts', 41);
INSERT INTO comment(id, content, user_id, type, target_id) VALUES(269, '댓글 내용 269', 44, 'playlist', 19);
INSERT INTO comment(id, content, user_id, type, target_id) VALUES(270, '댓글 내용 270', 48, 'posts', 28);
INSERT INTO comment(id, content, user_id, type, target_id) VALUES(271, '댓글 내용 271', 8, 'posts', 790);
INSERT INTO comment(id, content, user_id, type, target_id) VALUES(272, '댓글 내용 272', 19, 'posts', 679);
INSERT INTO comment(id, content, user_id, type, target_id) VALUES(273, '댓글 내용 273', 42, 'playlist', 144);
INSERT INTO comment(id, content, user_id, type, target_id) VALUES(274, '댓글 내용 274', 7, 'comment', 87);
INSERT INTO comment(id, content, user_id, type, target_id) VALUES(275, '댓글 내용 275', 20, 'posts', 913);
INSERT INTO comment(id, content, user_id, type, target_id) VALUES(276, '댓글 내용 276', 26, 'posts', 879);
INSERT INTO comment(id, content, user_id, type, target_id) VALUES(277, '댓글 내용 277', 15, 'playlist', 47);
INSERT INTO comment(id, content, user_id, type, target_id) VALUES(278, '댓글 내용 278', 33, 'playlist', 77);
INSERT INTO comment(id, content, user_id, type, target_id) VALUES(279, '댓글 내용 279', 24, 'posts', 547);
INSERT INTO comment(id, content, user_id, type, target_id) VALUES(280, '댓글 내용 280', 29, 'comment', 187);
INSERT INTO comment(id, content, user_id, type, target_id) VALUES(281, '댓글 내용 281', 19, 'comment', 146);
INSERT INTO comment(id, content, user_id, type, target_id) VALUES(282, '댓글 내용 282', 9, 'posts', 410);
INSERT INTO comment(id, content, user_id, type, target_id) VALUES(283, '댓글 내용 283', 12, 'posts', 589);
INSERT INTO comment(id, content, user_id, type, target_id) VALUES(284, '댓글 내용 284', 37, 'posts', 494);
INSERT INTO comment(id, content, user_id, type, target_id) VALUES(285, '댓글 내용 285', 12, 'playlist', 118);
INSERT INTO comment(id, content, user_id, type, target_id) VALUES(286, '댓글 내용 286', 5, 'comment', 172);
INSERT INTO comment(id, content, user_id, type, target_id) VALUES(287, '댓글 내용 287', 43, 'playlist', 135);
INSERT INTO comment(id, content, user_id, type, target_id) VALUES(288, '댓글 내용 288', 18, 'posts', 857);
INSERT INTO comment(id, content, user_id, type, target_id) VALUES(289, '댓글 내용 289', 36, 'posts', 377);
INSERT INTO comment(id, content, user_id, type, target_id) VALUES(290, '댓글 내용 290', 29, 'posts', 600);
INSERT INTO comment(id, content, user_id, type, target_id) VALUES(291, '댓글 내용 291', 49, 'comment', 146);
INSERT INTO comment(id, content, user_id, type, target_id) VALUES(292, '댓글 내용 292', 2, 'comment', 287);
INSERT INTO comment(id, content, user_id, type, target_id) VALUES(293, '댓글 내용 293', 34, 'playlist', 71);
INSERT INTO comment(id, content, user_id, type, target_id) VALUES(294, '댓글 내용 294', 33, 'playlist', 122);
INSERT INTO comment(id, content, user_id, type, target_id) VALUES(295, '댓글 내용 295', 32, 'playlist', 128);
INSERT INTO comment(id, content, user_id, type, target_id) VALUES(296, '댓글 내용 296', 32, 'posts', 828);
INSERT INTO comment(id, content, user_id, type, target_id) VALUES(297, '댓글 내용 297', 27, 'playlist', 4);
INSERT INTO comment(id, content, user_id, type, target_id) VALUES(298, '댓글 내용 298', 24, 'posts', 924);
INSERT INTO comment(id, content, user_id, type, target_id) VALUES(299, '댓글 내용 299', 10, 'playlist', 20);
INSERT INTO comment(id, content, user_id, type, target_id) VALUES(300, '댓글 내용 300', 37, 'comment', 195);
INSERT INTO comment(id, content, user_id, type, target_id) VALUES(301, '댓글 내용 301', 26, 'posts', 183);
INSERT INTO comment(id, content, user_id, type, target_id) VALUES(302, '댓글 내용 302', 9, 'posts', 37);
INSERT INTO comment(id, content, user_id, type, target_id) VALUES(303, '댓글 내용 303', 25, 'posts', 925);
INSERT INTO comment(id, content, user_id, type, target_id) VALUES(304, '댓글 내용 304', 16, 'posts', 491);
INSERT INTO comment(id, content, user_id, type, target_id) VALUES(305, '댓글 내용 305', 34, 'comment', 103);
INSERT INTO comment(id, content, user_id, type, target_id) VALUES(306, '댓글 내용 306', 20, 'comment', 80);
INSERT INTO comment(id, content, user_id, type, target_id) VALUES(307, '댓글 내용 307', 19, 'comment', 153);
INSERT INTO comment(id, content, user_id, type, target_id) VALUES(308, '댓글 내용 308', 31, 'playlist', 58);
INSERT INTO comment(id, content, user_id, type, target_id) VALUES(309, '댓글 내용 309', 15, 'comment', 226);
INSERT INTO comment(id, content, user_id, type, target_id) VALUES(310, '댓글 내용 310', 21, 'playlist', 49);
INSERT INTO comment(id, content, user_id, type, target_id) VALUES(311, '댓글 내용 311', 28, 'posts', 973);
INSERT INTO comment(id, content, user_id, type, target_id) VALUES(312, '댓글 내용 312', 23, 'playlist', 96);
INSERT INTO comment(id, content, user_id, type, target_id) VALUES(313, '댓글 내용 313', 15, 'comment', 107);
INSERT INTO comment(id, content, user_id, type, target_id) VALUES(314, '댓글 내용 314', 50, 'posts', 23);
INSERT INTO comment(id, content, user_id, type, target_id) VALUES(315, '댓글 내용 315', 22, 'comment', 250);
INSERT INTO comment(id, content, user_id, type, target_id) VALUES(316, '댓글 내용 316', 20, 'playlist', 90);
INSERT INTO comment(id, content, user_id, type, target_id) VALUES(317, '댓글 내용 317', 35, 'comment', 261);
INSERT INTO comment(id, content, user_id, type, target_id) VALUES(318, '댓글 내용 318', 42, 'playlist', 128);
INSERT INTO comment(id, content, user_id, type, target_id) VALUES(319, '댓글 내용 319', 38, 'playlist', 45);
INSERT INTO comment(id, content, user_id, type, target_id) VALUES(320, '댓글 내용 320', 36, 'playlist', 142);
INSERT INTO comment(id, content, user_id, type, target_id) VALUES(321, '댓글 내용 321', 47, 'playlist', 132);
INSERT INTO comment(id, content, user_id, type, target_id) VALUES(322, '댓글 내용 322', 47, 'playlist', 33);
INSERT INTO comment(id, content, user_id, type, target_id) VALUES(323, '댓글 내용 323', 33, 'posts', 219);
INSERT INTO comment(id, content, user_id, type, target_id) VALUES(324, '댓글 내용 324', 27, 'playlist', 135);
INSERT INTO comment(id, content, user_id, type, target_id) VALUES(325, '댓글 내용 325', 7, 'playlist', 110);
INSERT INTO comment(id, content, user_id, type, target_id) VALUES(326, '댓글 내용 326', 32, 'playlist', 10);
INSERT INTO comment(id, content, user_id, type, target_id) VALUES(327, '댓글 내용 327', 2, 'playlist', 69);
INSERT INTO comment(id, content, user_id, type, target_id) VALUES(328, '댓글 내용 328', 31, 'comment', 145);
INSERT INTO comment(id, content, user_id, type, target_id) VALUES(329, '댓글 내용 329', 4, 'posts', 239);
INSERT INTO comment(id, content, user_id, type, target_id) VALUES(330, '댓글 내용 330', 18, 'posts', 341);
INSERT INTO comment(id, content, user_id, type, target_id) VALUES(331, '댓글 내용 331', 30, 'comment', 123);
INSERT INTO comment(id, content, user_id, type, target_id) VALUES(332, '댓글 내용 332', 28, 'posts', 485);
INSERT INTO comment(id, content, user_id, type, target_id) VALUES(333, '댓글 내용 333', 41, 'comment', 92);
INSERT INTO comment(id, content, user_id, type, target_id) VALUES(334, '댓글 내용 334', 49, 'comment', 227);
INSERT INTO comment(id, content, user_id, type, target_id) VALUES(335, '댓글 내용 335', 38, 'playlist', 126);
INSERT INTO comment(id, content, user_id, type, target_id) VALUES(336, '댓글 내용 336', 7, 'comment', 190);
INSERT INTO comment(id, content, user_id, type, target_id) VALUES(337, '댓글 내용 337', 21, 'comment', 111);
INSERT INTO comment(id, content, user_id, type, target_id) VALUES(338, '댓글 내용 338', 11, 'playlist', 114);
INSERT INTO comment(id, content, user_id, type, target_id) VALUES(339, '댓글 내용 339', 9, 'playlist', 94);
INSERT INTO comment(id, content, user_id, type, target_id) VALUES(340, '댓글 내용 340', 8, 'comment', 278);
INSERT INTO comment(id, content, user_id, type, target_id) VALUES(341, '댓글 내용 341', 22, 'posts', 294);
INSERT INTO comment(id, content, user_id, type, target_id) VALUES(342, '댓글 내용 342', 12, 'posts', 69);
INSERT INTO comment(id, content, user_id, type, target_id) VALUES(343, '댓글 내용 343', 17, 'comment', 217);
INSERT INTO comment(id, content, user_id, type, target_id) VALUES(344, '댓글 내용 344', 25, 'playlist', 59);
INSERT INTO comment(id, content, user_id, type, target_id) VALUES(345, '댓글 내용 345', 50, 'posts', 160);
INSERT INTO comment(id, content, user_id, type, target_id) VALUES(346, '댓글 내용 346', 19, 'playlist', 45);
INSERT INTO comment(id, content, user_id, type, target_id) VALUES(347, '댓글 내용 347', 12, 'playlist', 55);
INSERT INTO comment(id, content, user_id, type, target_id) VALUES(348, '댓글 내용 348', 13, 'comment', 40);
INSERT INTO comment(id, content, user_id, type, target_id) VALUES(349, '댓글 내용 349', 40, 'playlist', 33);
INSERT INTO comment(id, content, user_id, type, target_id) VALUES(350, '댓글 내용 350', 3, 'comment', 118);
INSERT INTO comment(id, content, user_id, type, target_id) VALUES(351, '댓글 내용 351', 2, 'playlist', 104);
INSERT INTO comment(id, content, user_id, type, target_id) VALUES(352, '댓글 내용 352', 19, 'posts', 221);
INSERT INTO comment(id, content, user_id, type, target_id) VALUES(353, '댓글 내용 353', 15, 'playlist', 57);
INSERT INTO comment(id, content, user_id, type, target_id) VALUES(354, '댓글 내용 354', 49, 'playlist', 81);
INSERT INTO comment(id, content, user_id, type, target_id) VALUES(355, '댓글 내용 355', 11, 'playlist', 70);
INSERT INTO comment(id, content, user_id, type, target_id) VALUES(356, '댓글 내용 356', 26, 'comment', 158);
INSERT INTO comment(id, content, user_id, type, target_id) VALUES(357, '댓글 내용 357', 14, 'playlist', 63);
INSERT INTO comment(id, content, user_id, type, target_id) VALUES(358, '댓글 내용 358', 26, 'playlist', 95);
INSERT INTO comment(id, content, user_id, type, target_id) VALUES(359, '댓글 내용 359', 41, 'comment', 18);
INSERT INTO comment(id, content, user_id, type, target_id) VALUES(360, '댓글 내용 360', 27, 'posts', 171);
INSERT INTO comment(id, content, user_id, type, target_id) VALUES(361, '댓글 내용 361', 27, 'posts', 541);
INSERT INTO comment(id, content, user_id, type, target_id) VALUES(362, '댓글 내용 362', 15, 'posts', 779);
INSERT INTO comment(id, content, user_id, type, target_id) VALUES(363, '댓글 내용 363', 32, 'playlist', 101);
INSERT INTO comment(id, content, user_id, type, target_id) VALUES(364, '댓글 내용 364', 47, 'comment', 307);
INSERT INTO comment(id, content, user_id, type, target_id) VALUES(365, '댓글 내용 365', 37, 'comment', 119);
INSERT INTO comment(id, content, user_id, type, target_id) VALUES(366, '댓글 내용 366', 6, 'playlist', 62);
INSERT INTO comment(id, content, user_id, type, target_id) VALUES(367, '댓글 내용 367', 39, 'posts', 142);
INSERT INTO comment(id, content, user_id, type, target_id) VALUES(368, '댓글 내용 368', 2, 'playlist', 61);
INSERT INTO comment(id, content, user_id, type, target_id) VALUES(369, '댓글 내용 369', 50, 'posts', 242);
INSERT INTO comment(id, content, user_id, type, target_id) VALUES(370, '댓글 내용 370', 30, 'comment', 101);
INSERT INTO comment(id, content, user_id, type, target_id) VALUES(371, '댓글 내용 371', 3, 'posts', 539);
INSERT INTO comment(id, content, user_id, type, target_id) VALUES(372, '댓글 내용 372', 28, 'playlist', 129);
INSERT INTO comment(id, content, user_id, type, target_id) VALUES(373, '댓글 내용 373', 33, 'comment', 140);
INSERT INTO comment(id, content, user_id, type, target_id) VALUES(374, '댓글 내용 374', 24, 'comment', 172);
INSERT INTO comment(id, content, user_id, type, target_id) VALUES(375, '댓글 내용 375', 5, 'posts', 659);
INSERT INTO comment(id, content, user_id, type, target_id) VALUES(376, '댓글 내용 376', 44, 'playlist', 3);
INSERT INTO comment(id, content, user_id, type, target_id) VALUES(377, '댓글 내용 377', 19, 'comment', 109);
INSERT INTO comment(id, content, user_id, type, target_id) VALUES(378, '댓글 내용 378', 23, 'playlist', 49);
INSERT INTO comment(id, content, user_id, type, target_id) VALUES(379, '댓글 내용 379', 18, 'posts', 15);
INSERT INTO comment(id, content, user_id, type, target_id) VALUES(380, '댓글 내용 380', 22, 'playlist', 48);
INSERT INTO comment(id, content, user_id, type, target_id) VALUES(381, '댓글 내용 381', 8, 'posts', 714);
INSERT INTO comment(id, content, user_id, type, target_id) VALUES(382, '댓글 내용 382', 44, 'playlist', 121);
INSERT INTO comment(id, content, user_id, type, target_id) VALUES(383, '댓글 내용 383', 28, 'playlist', 77);
INSERT INTO comment(id, content, user_id, type, target_id) VALUES(384, '댓글 내용 384', 12, 'playlist', 29);
INSERT INTO comment(id, content, user_id, type, target_id) VALUES(385, '댓글 내용 385', 49, 'playlist', 120);
INSERT INTO comment(id, content, user_id, type, target_id) VALUES(386, '댓글 내용 386', 47, 'comment', 369);
INSERT INTO comment(id, content, user_id, type, target_id) VALUES(387, '댓글 내용 387', 18, 'posts', 747);
INSERT INTO comment(id, content, user_id, type, target_id) VALUES(388, '댓글 내용 388', 4, 'posts', 73);
INSERT INTO comment(id, content, user_id, type, target_id) VALUES(389, '댓글 내용 389', 3, 'posts', 316);
INSERT INTO comment(id, content, user_id, type, target_id) VALUES(390, '댓글 내용 390', 46, 'playlist', 122);
INSERT INTO comment(id, content, user_id, type, target_id) VALUES(391, '댓글 내용 391', 49, 'comment', 107);
INSERT INTO comment(id, content, user_id, type, target_id) VALUES(392, '댓글 내용 392', 49, 'comment', 8);
INSERT INTO comment(id, content, user_id, type, target_id) VALUES(393, '댓글 내용 393', 15, 'comment', 294);
INSERT INTO comment(id, content, user_id, type, target_id) VALUES(394, '댓글 내용 394', 6, 'playlist', 104);
INSERT INTO comment(id, content, user_id, type, target_id) VALUES(395, '댓글 내용 395', 20, 'playlist', 141);
INSERT INTO comment(id, content, user_id, type, target_id) VALUES(396, '댓글 내용 396', 17, 'comment', 351);
INSERT INTO comment(id, content, user_id, type, target_id) VALUES(397, '댓글 내용 397', 28, 'posts', 712);
INSERT INTO comment(id, content, user_id, type, target_id) VALUES(398, '댓글 내용 398', 28, 'posts', 324);
INSERT INTO comment(id, content, user_id, type, target_id) VALUES(399, '댓글 내용 399', 1, 'comment', 249);
INSERT INTO comment(id, content, user_id, type, target_id) VALUES(400, '댓글 내용 400', 14, 'posts', 68);
INSERT INTO comment(id, content, user_id, type, target_id) VALUES(401, '댓글 내용 401', 42, 'playlist', 109);
INSERT INTO comment(id, content, user_id, type, target_id) VALUES(402, '댓글 내용 402', 28, 'posts', 135);
INSERT INTO comment(id, content, user_id, type, target_id) VALUES(403, '댓글 내용 403', 39, 'playlist', 46);
INSERT INTO comment(id, content, user_id, type, target_id) VALUES(404, '댓글 내용 404', 48, 'playlist', 25);
INSERT INTO comment(id, content, user_id, type, target_id) VALUES(405, '댓글 내용 405', 37, 'playlist', 46);
INSERT INTO comment(id, content, user_id, type, target_id) VALUES(406, '댓글 내용 406', 18, 'playlist', 92);
INSERT INTO comment(id, content, user_id, type, target_id) VALUES(407, '댓글 내용 407', 6, 'playlist', 41);
INSERT INTO comment(id, content, user_id, type, target_id) VALUES(408, '댓글 내용 408', 9, 'posts', 567);
INSERT INTO comment(id, content, user_id, type, target_id) VALUES(409, '댓글 내용 409', 13, 'posts', 690);
INSERT INTO comment(id, content, user_id, type, target_id) VALUES(410, '댓글 내용 410', 46, 'comment', 321);
INSERT INTO comment(id, content, user_id, type, target_id) VALUES(411, '댓글 내용 411', 7, 'comment', 336);
INSERT INTO comment(id, content, user_id, type, target_id) VALUES(412, '댓글 내용 412', 11, 'posts', 650);
INSERT INTO comment(id, content, user_id, type, target_id) VALUES(413, '댓글 내용 413', 3, 'posts', 346);
INSERT INTO comment(id, content, user_id, type, target_id) VALUES(414, '댓글 내용 414', 42, 'playlist', 87);
INSERT INTO comment(id, content, user_id, type, target_id) VALUES(415, '댓글 내용 415', 11, 'comment', 50);
INSERT INTO comment(id, content, user_id, type, target_id) VALUES(416, '댓글 내용 416', 44, 'comment', 225);
INSERT INTO comment(id, content, user_id, type, target_id) VALUES(417, '댓글 내용 417', 28, 'playlist', 61);
INSERT INTO comment(id, content, user_id, type, target_id) VALUES(418, '댓글 내용 418', 29, 'posts', 13);
INSERT INTO comment(id, content, user_id, type, target_id) VALUES(419, '댓글 내용 419', 31, 'posts', 174);
INSERT INTO comment(id, content, user_id, type, target_id) VALUES(420, '댓글 내용 420', 3, 'playlist', 105);
INSERT INTO comment(id, content, user_id, type, target_id) VALUES(421, '댓글 내용 421', 25, 'playlist', 38);
INSERT INTO comment(id, content, user_id, type, target_id) VALUES(422, '댓글 내용 422', 50, 'posts', 507);
INSERT INTO comment(id, content, user_id, type, target_id) VALUES(423, '댓글 내용 423', 5, 'comment', 419);
INSERT INTO comment(id, content, user_id, type, target_id) VALUES(424, '댓글 내용 424', 24, 'playlist', 103);
INSERT INTO comment(id, content, user_id, type, target_id) VALUES(425, '댓글 내용 425', 10, 'playlist', 57);
INSERT INTO comment(id, content, user_id, type, target_id) VALUES(426, '댓글 내용 426', 10, 'posts', 435);
INSERT INTO comment(id, content, user_id, type, target_id) VALUES(427, '댓글 내용 427', 19, 'posts', 281);
INSERT INTO comment(id, content, user_id, type, target_id) VALUES(428, '댓글 내용 428', 28, 'playlist', 134);
INSERT INTO comment(id, content, user_id, type, target_id) VALUES(429, '댓글 내용 429', 13, 'comment', 173);
INSERT INTO comment(id, content, user_id, type, target_id) VALUES(430, '댓글 내용 430', 36, 'posts', 458);
INSERT INTO comment(id, content, user_id, type, target_id) VALUES(431, '댓글 내용 431', 34, 'posts', 981);
INSERT INTO comment(id, content, user_id, type, target_id) VALUES(432, '댓글 내용 432', 49, 'comment', 209);
INSERT INTO comment(id, content, user_id, type, target_id) VALUES(433, '댓글 내용 433', 33, 'comment', 17);
INSERT INTO comment(id, content, user_id, type, target_id) VALUES(434, '댓글 내용 434', 36, 'playlist', 143);
INSERT INTO comment(id, content, user_id, type, target_id) VALUES(435, '댓글 내용 435', 50, 'posts', 301);
INSERT INTO comment(id, content, user_id, type, target_id) VALUES(436, '댓글 내용 436', 8, 'playlist', 42);
INSERT INTO comment(id, content, user_id, type, target_id) VALUES(437, '댓글 내용 437', 45, 'playlist', 52);
INSERT INTO comment(id, content, user_id, type, target_id) VALUES(438, '댓글 내용 438', 24, 'comment', 276);
INSERT INTO comment(id, content, user_id, type, target_id) VALUES(439, '댓글 내용 439', 11, 'playlist', 82);
INSERT INTO comment(id, content, user_id, type, target_id) VALUES(440, '댓글 내용 440', 46, 'comment', 358);
INSERT INTO comment(id, content, user_id, type, target_id) VALUES(441, '댓글 내용 441', 37, 'playlist', 104);
INSERT INTO comment(id, content, user_id, type, target_id) VALUES(442, '댓글 내용 442', 17, 'comment', 390);
INSERT INTO comment(id, content, user_id, type, target_id) VALUES(443, '댓글 내용 443', 18, 'comment', 261);
INSERT INTO comment(id, content, user_id, type, target_id) VALUES(444, '댓글 내용 444', 43, 'posts', 538);
INSERT INTO comment(id, content, user_id, type, target_id) VALUES(445, '댓글 내용 445', 16, 'comment', 302);
INSERT INTO comment(id, content, user_id, type, target_id) VALUES(446, '댓글 내용 446', 3, 'playlist', 127);
INSERT INTO comment(id, content, user_id, type, target_id) VALUES(447, '댓글 내용 447', 34, 'playlist', 83);
INSERT INTO comment(id, content, user_id, type, target_id) VALUES(448, '댓글 내용 448', 3, 'playlist', 62);
INSERT INTO comment(id, content, user_id, type, target_id) VALUES(449, '댓글 내용 449', 2, 'posts', 37);
INSERT INTO comment(id, content, user_id, type, target_id) VALUES(450, '댓글 내용 450', 14, 'playlist', 19);
INSERT INTO comment(id, content, user_id, type, target_id) VALUES(451, '댓글 내용 451', 6, 'comment', 135);
INSERT INTO comment(id, content, user_id, type, target_id) VALUES(452, '댓글 내용 452', 41, 'playlist', 65);
INSERT INTO comment(id, content, user_id, type, target_id) VALUES(453, '댓글 내용 453', 45, 'posts', 777);
INSERT INTO comment(id, content, user_id, type, target_id) VALUES(454, '댓글 내용 454', 46, 'posts', 697);
INSERT INTO comment(id, content, user_id, type, target_id) VALUES(455, '댓글 내용 455', 25, 'comment', 107);
INSERT INTO comment(id, content, user_id, type, target_id) VALUES(456, '댓글 내용 456', 19, 'posts', 439);
INSERT INTO comment(id, content, user_id, type, target_id) VALUES(457, '댓글 내용 457', 38, 'posts', 29);
INSERT INTO comment(id, content, user_id, type, target_id) VALUES(458, '댓글 내용 458', 40, 'comment', 417);
INSERT INTO comment(id, content, user_id, type, target_id) VALUES(459, '댓글 내용 459', 45, 'comment', 49);
INSERT INTO comment(id, content, user_id, type, target_id) VALUES(460, '댓글 내용 460', 46, 'posts', 389);
INSERT INTO comment(id, content, user_id, type, target_id) VALUES(461, '댓글 내용 461', 34, 'comment', 393);
INSERT INTO comment(id, content, user_id, type, target_id) VALUES(462, '댓글 내용 462', 42, 'comment', 330);
INSERT INTO comment(id, content, user_id, type, target_id) VALUES(463, '댓글 내용 463', 45, 'posts', 998);
INSERT INTO comment(id, content, user_id, type, target_id) VALUES(464, '댓글 내용 464', 15, 'posts', 731);
INSERT INTO comment(id, content, user_id, type, target_id) VALUES(465, '댓글 내용 465', 34, 'posts', 918);
INSERT INTO comment(id, content, user_id, type, target_id) VALUES(466, '댓글 내용 466', 40, 'playlist', 122);
INSERT INTO comment(id, content, user_id, type, target_id) VALUES(467, '댓글 내용 467', 41, 'posts', 465);
INSERT INTO comment(id, content, user_id, type, target_id) VALUES(468, '댓글 내용 468', 26, 'playlist', 104);
INSERT INTO comment(id, content, user_id, type, target_id) VALUES(469, '댓글 내용 469', 41, 'comment', 466);
INSERT INTO comment(id, content, user_id, type, target_id) VALUES(470, '댓글 내용 470', 23, 'comment', 167);
INSERT INTO comment(id, content, user_id, type, target_id) VALUES(471, '댓글 내용 471', 9, 'playlist', 85);
INSERT INTO comment(id, content, user_id, type, target_id) VALUES(472, '댓글 내용 472', 20, 'comment', 219);
INSERT INTO comment(id, content, user_id, type, target_id) VALUES(473, '댓글 내용 473', 32, 'comment', 3);
INSERT INTO comment(id, content, user_id, type, target_id) VALUES(474, '댓글 내용 474', 31, 'playlist', 123);
INSERT INTO comment(id, content, user_id, type, target_id) VALUES(475, '댓글 내용 475', 10, 'posts', 379);
INSERT INTO comment(id, content, user_id, type, target_id) VALUES(476, '댓글 내용 476', 6, 'posts', 865);
INSERT INTO comment(id, content, user_id, type, target_id) VALUES(477, '댓글 내용 477', 15, 'comment', 392);
INSERT INTO comment(id, content, user_id, type, target_id) VALUES(478, '댓글 내용 478', 9, 'posts', 742);
INSERT INTO comment(id, content, user_id, type, target_id) VALUES(479, '댓글 내용 479', 5, 'comment', 6);
INSERT INTO comment(id, content, user_id, type, target_id) VALUES(480, '댓글 내용 480', 18, 'posts', 485);
INSERT INTO comment(id, content, user_id, type, target_id) VALUES(481, '댓글 내용 481', 35, 'posts', 847);
INSERT INTO comment(id, content, user_id, type, target_id) VALUES(482, '댓글 내용 482', 42, 'playlist', 27);
INSERT INTO comment(id, content, user_id, type, target_id) VALUES(483, '댓글 내용 483', 3, 'posts', 181);
INSERT INTO comment(id, content, user_id, type, target_id) VALUES(484, '댓글 내용 484', 26, 'comment', 282);
INSERT INTO comment(id, content, user_id, type, target_id) VALUES(485, '댓글 내용 485', 11, 'playlist', 106);
INSERT INTO comment(id, content, user_id, type, target_id) VALUES(486, '댓글 내용 486', 30, 'comment', 99);
INSERT INTO comment(id, content, user_id, type, target_id) VALUES(487, '댓글 내용 487', 15, 'playlist', 6);
INSERT INTO comment(id, content, user_id, type, target_id) VALUES(488, '댓글 내용 488', 7, 'posts', 14);
INSERT INTO comment(id, content, user_id, type, target_id) VALUES(489, '댓글 내용 489', 29, 'playlist', 25);
INSERT INTO comment(id, content, user_id, type, target_id) VALUES(490, '댓글 내용 490', 31, 'comment', 95);
INSERT INTO comment(id, content, user_id, type, target_id) VALUES(491, '댓글 내용 491', 50, 'comment', 73);
INSERT INTO comment(id, content, user_id, type, target_id) VALUES(492, '댓글 내용 492', 9, 'playlist', 12);
INSERT INTO comment(id, content, user_id, type, target_id) VALUES(493, '댓글 내용 493', 40, 'posts', 679);
INSERT INTO comment(id, content, user_id, type, target_id) VALUES(494, '댓글 내용 494', 6, 'comment', 359);
INSERT INTO comment(id, content, user_id, type, target_id) VALUES(495, '댓글 내용 495', 12, 'comment', 234);
INSERT INTO comment(id, content, user_id, type, target_id) VALUES(496, '댓글 내용 496', 46, 'comment', 120);
INSERT INTO comment(id, content, user_id, type, target_id) VALUES(497, '댓글 내용 497', 22, 'comment', 340);
INSERT INTO comment(id, content, user_id, type, target_id) VALUES(498, '댓글 내용 498', 49, 'posts', 892);
INSERT INTO comment(id, content, user_id, type, target_id) VALUES(499, '댓글 내용 499', 36, 'playlist', 126);
INSERT INTO comment(id, content, user_id, type, target_id) VALUES(500, '댓글 내용 500', 32, 'playlist', 25);
INSERT INTO comment(id, content, user_id, type, target_id) VALUES(501, '댓글 내용 501', 11, 'comment', 243);
INSERT INTO comment(id, content, user_id, type, target_id) VALUES(502, '댓글 내용 502', 28, 'playlist', 10);
INSERT INTO comment(id, content, user_id, type, target_id) VALUES(503, '댓글 내용 503', 12, 'posts', 786);
INSERT INTO comment(id, content, user_id, type, target_id) VALUES(504, '댓글 내용 504', 21, 'comment', 184);
INSERT INTO comment(id, content, user_id, type, target_id) VALUES(505, '댓글 내용 505', 18, 'posts', 653);
INSERT INTO comment(id, content, user_id, type, target_id) VALUES(506, '댓글 내용 506', 45, 'comment', 285);
INSERT INTO comment(id, content, user_id, type, target_id) VALUES(507, '댓글 내용 507', 43, 'playlist', 21);
INSERT INTO comment(id, content, user_id, type, target_id) VALUES(508, '댓글 내용 508', 39, 'posts', 520);
INSERT INTO comment(id, content, user_id, type, target_id) VALUES(509, '댓글 내용 509', 6, 'playlist', 119);
INSERT INTO comment(id, content, user_id, type, target_id) VALUES(510, '댓글 내용 510', 10, 'playlist', 114);
INSERT INTO comment(id, content, user_id, type, target_id) VALUES(511, '댓글 내용 511', 5, 'playlist', 53);
INSERT INTO comment(id, content, user_id, type, target_id) VALUES(512, '댓글 내용 512', 31, 'playlist', 65);
INSERT INTO comment(id, content, user_id, type, target_id) VALUES(513, '댓글 내용 513', 46, 'playlist', 118);
INSERT INTO comment(id, content, user_id, type, target_id) VALUES(514, '댓글 내용 514', 50, 'comment', 71);
INSERT INTO comment(id, content, user_id, type, target_id) VALUES(515, '댓글 내용 515', 5, 'comment', 461);
INSERT INTO comment(id, content, user_id, type, target_id) VALUES(516, '댓글 내용 516', 24, 'playlist', 9);
INSERT INTO comment(id, content, user_id, type, target_id) VALUES(517, '댓글 내용 517', 27, 'playlist', 97);
INSERT INTO comment(id, content, user_id, type, target_id) VALUES(518, '댓글 내용 518', 22, 'posts', 118);
INSERT INTO comment(id, content, user_id, type, target_id) VALUES(519, '댓글 내용 519', 30, 'comment', 106);
INSERT INTO comment(id, content, user_id, type, target_id) VALUES(520, '댓글 내용 520', 46, 'playlist', 53);
INSERT INTO comment(id, content, user_id, type, target_id) VALUES(521, '댓글 내용 521', 6, 'posts', 530);
INSERT INTO comment(id, content, user_id, type, target_id) VALUES(522, '댓글 내용 522', 25, 'comment', 282);
INSERT INTO comment(id, content, user_id, type, target_id) VALUES(523, '댓글 내용 523', 41, 'posts', 750);
INSERT INTO comment(id, content, user_id, type, target_id) VALUES(524, '댓글 내용 524', 11, 'comment', 107);
INSERT INTO comment(id, content, user_id, type, target_id) VALUES(525, '댓글 내용 525', 49, 'posts', 213);
INSERT INTO comment(id, content, user_id, type, target_id) VALUES(526, '댓글 내용 526', 15, 'comment', 38);
INSERT INTO comment(id, content, user_id, type, target_id) VALUES(527, '댓글 내용 527', 32, 'playlist', 34);
INSERT INTO comment(id, content, user_id, type, target_id) VALUES(528, '댓글 내용 528', 3, 'playlist', 29);
INSERT INTO comment(id, content, user_id, type, target_id) VALUES(529, '댓글 내용 529', 37, 'posts', 753);
INSERT INTO comment(id, content, user_id, type, target_id) VALUES(530, '댓글 내용 530', 24, 'playlist', 142);
INSERT INTO comment(id, content, user_id, type, target_id) VALUES(531, '댓글 내용 531', 47, 'comment', 455);
INSERT INTO comment(id, content, user_id, type, target_id) VALUES(532, '댓글 내용 532', 9, 'playlist', 52);
INSERT INTO comment(id, content, user_id, type, target_id) VALUES(533, '댓글 내용 533', 3, 'posts', 815);
INSERT INTO comment(id, content, user_id, type, target_id) VALUES(534, '댓글 내용 534', 21, 'posts', 584);
INSERT INTO comment(id, content, user_id, type, target_id) VALUES(535, '댓글 내용 535', 49, 'playlist', 5);
INSERT INTO comment(id, content, user_id, type, target_id) VALUES(536, '댓글 내용 536', 40, 'comment', 479);
INSERT INTO comment(id, content, user_id, type, target_id) VALUES(537, '댓글 내용 537', 16, 'comment', 208);
INSERT INTO comment(id, content, user_id, type, target_id) VALUES(538, '댓글 내용 538', 48, 'comment', 484);
INSERT INTO comment(id, content, user_id, type, target_id) VALUES(539, '댓글 내용 539', 35, 'posts', 60);
INSERT INTO comment(id, content, user_id, type, target_id) VALUES(540, '댓글 내용 540', 25, 'playlist', 147);
INSERT INTO comment(id, content, user_id, type, target_id) VALUES(541, '댓글 내용 541', 13, 'posts', 963);
INSERT INTO comment(id, content, user_id, type, target_id) VALUES(542, '댓글 내용 542', 29, 'comment', 277);
INSERT INTO comment(id, content, user_id, type, target_id) VALUES(543, '댓글 내용 543', 29, 'playlist', 94);
INSERT INTO comment(id, content, user_id, type, target_id) VALUES(544, '댓글 내용 544', 41, 'playlist', 64);
INSERT INTO comment(id, content, user_id, type, target_id) VALUES(545, '댓글 내용 545', 25, 'playlist', 61);
INSERT INTO comment(id, content, user_id, type, target_id) VALUES(546, '댓글 내용 546', 43, 'comment', 248);
INSERT INTO comment(id, content, user_id, type, target_id) VALUES(547, '댓글 내용 547', 4, 'playlist', 44);
INSERT INTO comment(id, content, user_id, type, target_id) VALUES(548, '댓글 내용 548', 16, 'playlist', 24);
INSERT INTO comment(id, content, user_id, type, target_id) VALUES(549, '댓글 내용 549', 9, 'comment', 15);
INSERT INTO comment(id, content, user_id, type, target_id) VALUES(550, '댓글 내용 550', 47, 'posts', 289);
INSERT INTO comment(id, content, user_id, type, target_id) VALUES(551, '댓글 내용 551', 19, 'posts', 775);
INSERT INTO comment(id, content, user_id, type, target_id) VALUES(552, '댓글 내용 552', 49, 'playlist', 148);
INSERT INTO comment(id, content, user_id, type, target_id) VALUES(553, '댓글 내용 553', 22, 'posts', 121);
INSERT INTO comment(id, content, user_id, type, target_id) VALUES(554, '댓글 내용 554', 43, 'comment', 527);
INSERT INTO comment(id, content, user_id, type, target_id) VALUES(555, '댓글 내용 555', 31, 'comment', 471);
INSERT INTO comment(id, content, user_id, type, target_id) VALUES(556, '댓글 내용 556', 25, 'playlist', 50);
INSERT INTO comment(id, content, user_id, type, target_id) VALUES(557, '댓글 내용 557', 3, 'posts', 541);
INSERT INTO comment(id, content, user_id, type, target_id) VALUES(558, '댓글 내용 558', 23, 'posts', 335);
INSERT INTO comment(id, content, user_id, type, target_id) VALUES(559, '댓글 내용 559', 29, 'playlist', 74);
INSERT INTO comment(id, content, user_id, type, target_id) VALUES(560, '댓글 내용 560', 17, 'posts', 312);
INSERT INTO comment(id, content, user_id, type, target_id) VALUES(561, '댓글 내용 561', 48, 'playlist', 19);
INSERT INTO comment(id, content, user_id, type, target_id) VALUES(562, '댓글 내용 562', 38, 'posts', 940);
INSERT INTO comment(id, content, user_id, type, target_id) VALUES(563, '댓글 내용 563', 34, 'posts', 637);
INSERT INTO comment(id, content, user_id, type, target_id) VALUES(564, '댓글 내용 564', 27, 'comment', 73);
INSERT INTO comment(id, content, user_id, type, target_id) VALUES(565, '댓글 내용 565', 47, 'playlist', 107);
INSERT INTO comment(id, content, user_id, type, target_id) VALUES(566, '댓글 내용 566', 37, 'posts', 672);
INSERT INTO comment(id, content, user_id, type, target_id) VALUES(567, '댓글 내용 567', 46, 'playlist', 10);
INSERT INTO comment(id, content, user_id, type, target_id) VALUES(568, '댓글 내용 568', 27, 'comment', 416);
INSERT INTO comment(id, content, user_id, type, target_id) VALUES(569, '댓글 내용 569', 12, 'comment', 502);
INSERT INTO comment(id, content, user_id, type, target_id) VALUES(570, '댓글 내용 570', 22, 'posts', 618);
INSERT INTO comment(id, content, user_id, type, target_id) VALUES(571, '댓글 내용 571', 18, 'posts', 134);
INSERT INTO comment(id, content, user_id, type, target_id) VALUES(572, '댓글 내용 572', 34, 'posts', 703);
INSERT INTO comment(id, content, user_id, type, target_id) VALUES(573, '댓글 내용 573', 30, 'playlist', 96);
INSERT INTO comment(id, content, user_id, type, target_id) VALUES(574, '댓글 내용 574', 45, 'playlist', 84);
INSERT INTO comment(id, content, user_id, type, target_id) VALUES(575, '댓글 내용 575', 49, 'comment', 170);
INSERT INTO comment(id, content, user_id, type, target_id) VALUES(576, '댓글 내용 576', 42, 'comment', 322);
INSERT INTO comment(id, content, user_id, type, target_id) VALUES(577, '댓글 내용 577', 48, 'playlist', 95);
INSERT INTO comment(id, content, user_id, type, target_id) VALUES(578, '댓글 내용 578', 32, 'comment', 318);
INSERT INTO comment(id, content, user_id, type, target_id) VALUES(579, '댓글 내용 579', 38, 'comment', 210);
INSERT INTO comment(id, content, user_id, type, target_id) VALUES(580, '댓글 내용 580', 32, 'playlist', 41);
INSERT INTO comment(id, content, user_id, type, target_id) VALUES(581, '댓글 내용 581', 48, 'comment', 175);
INSERT INTO comment(id, content, user_id, type, target_id) VALUES(582, '댓글 내용 582', 20, 'posts', 870);
INSERT INTO comment(id, content, user_id, type, target_id) VALUES(583, '댓글 내용 583', 12, 'comment', 148);
INSERT INTO comment(id, content, user_id, type, target_id) VALUES(584, '댓글 내용 584', 1, 'playlist', 136);
INSERT INTO comment(id, content, user_id, type, target_id) VALUES(585, '댓글 내용 585', 24, 'playlist', 63);
INSERT INTO comment(id, content, user_id, type, target_id) VALUES(586, '댓글 내용 586', 18, 'posts', 988);
INSERT INTO comment(id, content, user_id, type, target_id) VALUES(587, '댓글 내용 587', 20, 'comment', 282);
INSERT INTO comment(id, content, user_id, type, target_id) VALUES(588, '댓글 내용 588', 15, 'playlist', 119);
INSERT INTO comment(id, content, user_id, type, target_id) VALUES(589, '댓글 내용 589', 20, 'comment', 556);
INSERT INTO comment(id, content, user_id, type, target_id) VALUES(590, '댓글 내용 590', 2, 'comment', 247);
INSERT INTO comment(id, content, user_id, type, target_id) VALUES(591, '댓글 내용 591', 49, 'playlist', 78);
INSERT INTO comment(id, content, user_id, type, target_id) VALUES(592, '댓글 내용 592', 26, 'playlist', 114);
INSERT INTO comment(id, content, user_id, type, target_id) VALUES(593, '댓글 내용 593', 33, 'posts', 349);
INSERT INTO comment(id, content, user_id, type, target_id) VALUES(594, '댓글 내용 594', 18, 'playlist', 108);
INSERT INTO comment(id, content, user_id, type, target_id) VALUES(595, '댓글 내용 595', 29, 'posts', 302);
INSERT INTO comment(id, content, user_id, type, target_id) VALUES(596, '댓글 내용 596', 30, 'comment', 188);
INSERT INTO comment(id, content, user_id, type, target_id) VALUES(597, '댓글 내용 597', 41, 'posts', 323);
INSERT INTO comment(id, content, user_id, type, target_id) VALUES(598, '댓글 내용 598', 11, 'comment', 245);
INSERT INTO comment(id, content, user_id, type, target_id) VALUES(599, '댓글 내용 599', 5, 'comment', 128);
INSERT INTO comment(id, content, user_id, type, target_id) VALUES(600, '댓글 내용 600', 10, 'comment', 465);
INSERT INTO comment(id, content, user_id, type, target_id) VALUES(601, '댓글 내용 601', 46, 'playlist', 130);
INSERT INTO comment(id, content, user_id, type, target_id) VALUES(602, '댓글 내용 602', 15, 'comment', 81);
INSERT INTO comment(id, content, user_id, type, target_id) VALUES(603, '댓글 내용 603', 34, 'playlist', 63);
INSERT INTO comment(id, content, user_id, type, target_id) VALUES(604, '댓글 내용 604', 34, 'comment', 455);
INSERT INTO comment(id, content, user_id, type, target_id) VALUES(605, '댓글 내용 605', 50, 'comment', 52);
INSERT INTO comment(id, content, user_id, type, target_id) VALUES(606, '댓글 내용 606', 32, 'comment', 543);
INSERT INTO comment(id, content, user_id, type, target_id) VALUES(607, '댓글 내용 607', 21, 'comment', 543);
INSERT INTO comment(id, content, user_id, type, target_id) VALUES(608, '댓글 내용 608', 50, 'comment', 40);
INSERT INTO comment(id, content, user_id, type, target_id) VALUES(609, '댓글 내용 609', 44, 'posts', 729);
INSERT INTO comment(id, content, user_id, type, target_id) VALUES(610, '댓글 내용 610', 20, 'posts', 390);
INSERT INTO comment(id, content, user_id, type, target_id) VALUES(611, '댓글 내용 611', 46, 'comment', 53);
INSERT INTO comment(id, content, user_id, type, target_id) VALUES(612, '댓글 내용 612', 1, 'posts', 23);
INSERT INTO comment(id, content, user_id, type, target_id) VALUES(613, '댓글 내용 613', 18, 'comment', 146);
INSERT INTO comment(id, content, user_id, type, target_id) VALUES(614, '댓글 내용 614', 12, 'playlist', 75);
INSERT INTO comment(id, content, user_id, type, target_id) VALUES(615, '댓글 내용 615', 36, 'playlist', 63);
INSERT INTO comment(id, content, user_id, type, target_id) VALUES(616, '댓글 내용 616', 42, 'comment', 554);
INSERT INTO comment(id, content, user_id, type, target_id) VALUES(617, '댓글 내용 617', 1, 'playlist', 41);
INSERT INTO comment(id, content, user_id, type, target_id) VALUES(618, '댓글 내용 618', 48, 'playlist', 27);
INSERT INTO comment(id, content, user_id, type, target_id) VALUES(619, '댓글 내용 619', 8, 'posts', 151);
INSERT INTO comment(id, content, user_id, type, target_id) VALUES(620, '댓글 내용 620', 11, 'comment', 78);
INSERT INTO comment(id, content, user_id, type, target_id) VALUES(621, '댓글 내용 621', 32, 'posts', 710);
INSERT INTO comment(id, content, user_id, type, target_id) VALUES(622, '댓글 내용 622', 4, 'posts', 102);
INSERT INTO comment(id, content, user_id, type, target_id) VALUES(623, '댓글 내용 623', 19, 'posts', 979);
INSERT INTO comment(id, content, user_id, type, target_id) VALUES(624, '댓글 내용 624', 21, 'playlist', 118);
INSERT INTO comment(id, content, user_id, type, target_id) VALUES(625, '댓글 내용 625', 35, 'comment', 599);
INSERT INTO comment(id, content, user_id, type, target_id) VALUES(626, '댓글 내용 626', 50, 'comment', 209);
INSERT INTO comment(id, content, user_id, type, target_id) VALUES(627, '댓글 내용 627', 32, 'playlist', 94);
INSERT INTO comment(id, content, user_id, type, target_id) VALUES(628, '댓글 내용 628', 10, 'comment', 187);
INSERT INTO comment(id, content, user_id, type, target_id) VALUES(629, '댓글 내용 629', 20, 'playlist', 87);
INSERT INTO comment(id, content, user_id, type, target_id) VALUES(630, '댓글 내용 630', 13, 'playlist', 35);
INSERT INTO comment(id, content, user_id, type, target_id) VALUES(631, '댓글 내용 631', 37, 'playlist', 94);
INSERT INTO comment(id, content, user_id, type, target_id) VALUES(632, '댓글 내용 632', 2, 'comment', 25);
INSERT INTO comment(id, content, user_id, type, target_id) VALUES(633, '댓글 내용 633', 17, 'playlist', 94);
INSERT INTO comment(id, content, user_id, type, target_id) VALUES(634, '댓글 내용 634', 39, 'comment', 437);
INSERT INTO comment(id, content, user_id, type, target_id) VALUES(635, '댓글 내용 635', 10, 'posts', 654);
INSERT INTO comment(id, content, user_id, type, target_id) VALUES(636, '댓글 내용 636', 22, 'posts', 523);
INSERT INTO comment(id, content, user_id, type, target_id) VALUES(637, '댓글 내용 637', 34, 'playlist', 22);
INSERT INTO comment(id, content, user_id, type, target_id) VALUES(638, '댓글 내용 638', 15, 'posts', 545);
INSERT INTO comment(id, content, user_id, type, target_id) VALUES(639, '댓글 내용 639', 47, 'playlist', 106);
INSERT INTO comment(id, content, user_id, type, target_id) VALUES(640, '댓글 내용 640', 49, 'playlist', 36);
INSERT INTO comment(id, content, user_id, type, target_id) VALUES(641, '댓글 내용 641', 47, 'comment', 428);
INSERT INTO comment(id, content, user_id, type, target_id) VALUES(642, '댓글 내용 642', 4, 'playlist', 115);
INSERT INTO comment(id, content, user_id, type, target_id) VALUES(643, '댓글 내용 643', 19, 'comment', 606);
INSERT INTO comment(id, content, user_id, type, target_id) VALUES(644, '댓글 내용 644', 17, 'playlist', 5);
INSERT INTO comment(id, content, user_id, type, target_id) VALUES(645, '댓글 내용 645', 13, 'comment', 103);
INSERT INTO comment(id, content, user_id, type, target_id) VALUES(646, '댓글 내용 646', 35, 'playlist', 8);
INSERT INTO comment(id, content, user_id, type, target_id) VALUES(647, '댓글 내용 647', 30, 'playlist', 32);
INSERT INTO comment(id, content, user_id, type, target_id) VALUES(648, '댓글 내용 648', 38, 'comment', 150);
INSERT INTO comment(id, content, user_id, type, target_id) VALUES(649, '댓글 내용 649', 23, 'playlist', 98);
INSERT INTO comment(id, content, user_id, type, target_id) VALUES(650, '댓글 내용 650', 48, 'playlist', 135);
INSERT INTO comment(id, content, user_id, type, target_id) VALUES(651, '댓글 내용 651', 30, 'comment', 170);
INSERT INTO comment(id, content, user_id, type, target_id) VALUES(652, '댓글 내용 652', 12, 'comment', 359);
INSERT INTO comment(id, content, user_id, type, target_id) VALUES(653, '댓글 내용 653', 41, 'comment', 154);
INSERT INTO comment(id, content, user_id, type, target_id) VALUES(654, '댓글 내용 654', 35, 'playlist', 99);
INSERT INTO comment(id, content, user_id, type, target_id) VALUES(655, '댓글 내용 655', 49, 'comment', 133);
INSERT INTO comment(id, content, user_id, type, target_id) VALUES(656, '댓글 내용 656', 38, 'playlist', 49);
INSERT INTO comment(id, content, user_id, type, target_id) VALUES(657, '댓글 내용 657', 12, 'playlist', 13);
INSERT INTO comment(id, content, user_id, type, target_id) VALUES(658, '댓글 내용 658', 30, 'comment', 270);
INSERT INTO comment(id, content, user_id, type, target_id) VALUES(659, '댓글 내용 659', 29, 'playlist', 106);
INSERT INTO comment(id, content, user_id, type, target_id) VALUES(660, '댓글 내용 660', 45, 'posts', 635);
INSERT INTO comment(id, content, user_id, type, target_id) VALUES(661, '댓글 내용 661', 27, 'posts', 171);
INSERT INTO comment(id, content, user_id, type, target_id) VALUES(662, '댓글 내용 662', 29, 'posts', 445);
INSERT INTO comment(id, content, user_id, type, target_id) VALUES(663, '댓글 내용 663', 13, 'posts', 752);
INSERT INTO comment(id, content, user_id, type, target_id) VALUES(664, '댓글 내용 664', 42, 'playlist', 76);
INSERT INTO comment(id, content, user_id, type, target_id) VALUES(665, '댓글 내용 665', 45, 'posts', 215);
INSERT INTO comment(id, content, user_id, type, target_id) VALUES(666, '댓글 내용 666', 12, 'playlist', 6);
INSERT INTO comment(id, content, user_id, type, target_id) VALUES(667, '댓글 내용 667', 27, 'playlist', 103);
INSERT INTO comment(id, content, user_id, type, target_id) VALUES(668, '댓글 내용 668', 23, 'comment', 168);
INSERT INTO comment(id, content, user_id, type, target_id) VALUES(669, '댓글 내용 669', 49, 'comment', 421);
INSERT INTO comment(id, content, user_id, type, target_id) VALUES(670, '댓글 내용 670', 17, 'posts', 954);
INSERT INTO comment(id, content, user_id, type, target_id) VALUES(671, '댓글 내용 671', 38, 'posts', 152);
INSERT INTO comment(id, content, user_id, type, target_id) VALUES(672, '댓글 내용 672', 24, 'playlist', 92);
INSERT INTO comment(id, content, user_id, type, target_id) VALUES(673, '댓글 내용 673', 39, 'posts', 780);
INSERT INTO comment(id, content, user_id, type, target_id) VALUES(674, '댓글 내용 674', 26, 'comment', 533);
INSERT INTO comment(id, content, user_id, type, target_id) VALUES(675, '댓글 내용 675', 40, 'comment', 346);
INSERT INTO comment(id, content, user_id, type, target_id) VALUES(676, '댓글 내용 676', 33, 'playlist', 5);
INSERT INTO comment(id, content, user_id, type, target_id) VALUES(677, '댓글 내용 677', 33, 'posts', 420);
INSERT INTO comment(id, content, user_id, type, target_id) VALUES(678, '댓글 내용 678', 26, 'playlist', 13);
INSERT INTO comment(id, content, user_id, type, target_id) VALUES(679, '댓글 내용 679', 48, 'playlist', 141);
INSERT INTO comment(id, content, user_id, type, target_id) VALUES(680, '댓글 내용 680', 24, 'playlist', 40);
INSERT INTO comment(id, content, user_id, type, target_id) VALUES(681, '댓글 내용 681', 24, 'playlist', 18);
INSERT INTO comment(id, content, user_id, type, target_id) VALUES(682, '댓글 내용 682', 14, 'playlist', 47);
INSERT INTO comment(id, content, user_id, type, target_id) VALUES(683, '댓글 내용 683', 35, 'comment', 186);
INSERT INTO comment(id, content, user_id, type, target_id) VALUES(684, '댓글 내용 684', 33, 'posts', 898);
INSERT INTO comment(id, content, user_id, type, target_id) VALUES(685, '댓글 내용 685', 25, 'playlist', 134);
INSERT INTO comment(id, content, user_id, type, target_id) VALUES(686, '댓글 내용 686', 44, 'comment', 335);
INSERT INTO comment(id, content, user_id, type, target_id) VALUES(687, '댓글 내용 687', 43, 'posts', 555);
INSERT INTO comment(id, content, user_id, type, target_id) VALUES(688, '댓글 내용 688', 15, 'posts', 928);
INSERT INTO comment(id, content, user_id, type, target_id) VALUES(689, '댓글 내용 689', 22, 'posts', 270);
INSERT INTO comment(id, content, user_id, type, target_id) VALUES(690, '댓글 내용 690', 41, 'playlist', 81);
INSERT INTO comment(id, content, user_id, type, target_id) VALUES(691, '댓글 내용 691', 3, 'comment', 584);
INSERT INTO comment(id, content, user_id, type, target_id) VALUES(692, '댓글 내용 692', 3, 'posts', 744);
INSERT INTO comment(id, content, user_id, type, target_id) VALUES(693, '댓글 내용 693', 4, 'comment', 691);
INSERT INTO comment(id, content, user_id, type, target_id) VALUES(694, '댓글 내용 694', 40, 'posts', 361);
INSERT INTO comment(id, content, user_id, type, target_id) VALUES(695, '댓글 내용 695', 25, 'posts', 360);
INSERT INTO comment(id, content, user_id, type, target_id) VALUES(696, '댓글 내용 696', 30, 'playlist', 133);
INSERT INTO comment(id, content, user_id, type, target_id) VALUES(697, '댓글 내용 697', 17, 'playlist', 128);
INSERT INTO comment(id, content, user_id, type, target_id) VALUES(698, '댓글 내용 698', 39, 'comment', 442);
INSERT INTO comment(id, content, user_id, type, target_id) VALUES(699, '댓글 내용 699', 45, 'comment', 134);
INSERT INTO comment(id, content, user_id, type, target_id) VALUES(700, '댓글 내용 700', 21, 'playlist', 74);
INSERT INTO comment(id, content, user_id, type, target_id) VALUES(701, '댓글 내용 701', 15, 'comment', 432);
INSERT INTO comment(id, content, user_id, type, target_id) VALUES(702, '댓글 내용 702', 7, 'posts', 628);
INSERT INTO comment(id, content, user_id, type, target_id) VALUES(703, '댓글 내용 703', 47, 'playlist', 8);
INSERT INTO comment(id, content, user_id, type, target_id) VALUES(704, '댓글 내용 704', 46, 'playlist', 136);
INSERT INTO comment(id, content, user_id, type, target_id) VALUES(705, '댓글 내용 705', 12, 'comment', 118);
INSERT INTO comment(id, content, user_id, type, target_id) VALUES(706, '댓글 내용 706', 31, 'posts', 526);
INSERT INTO comment(id, content, user_id, type, target_id) VALUES(707, '댓글 내용 707', 27, 'comment', 616);
INSERT INTO comment(id, content, user_id, type, target_id) VALUES(708, '댓글 내용 708', 40, 'posts', 80);
INSERT INTO comment(id, content, user_id, type, target_id) VALUES(709, '댓글 내용 709', 1, 'posts', 209);
INSERT INTO comment(id, content, user_id, type, target_id) VALUES(710, '댓글 내용 710', 34, 'playlist', 95);
INSERT INTO comment(id, content, user_id, type, target_id) VALUES(711, '댓글 내용 711', 12, 'playlist', 129);
INSERT INTO comment(id, content, user_id, type, target_id) VALUES(712, '댓글 내용 712', 39, 'posts', 221);
INSERT INTO comment(id, content, user_id, type, target_id) VALUES(713, '댓글 내용 713', 29, 'playlist', 55);
INSERT INTO comment(id, content, user_id, type, target_id) VALUES(714, '댓글 내용 714', 30, 'playlist', 120);
INSERT INTO comment(id, content, user_id, type, target_id) VALUES(715, '댓글 내용 715', 4, 'posts', 763);
INSERT INTO comment(id, content, user_id, type, target_id) VALUES(716, '댓글 내용 716', 40, 'posts', 863);
INSERT INTO comment(id, content, user_id, type, target_id) VALUES(717, '댓글 내용 717', 28, 'comment', 423);
INSERT INTO comment(id, content, user_id, type, target_id) VALUES(718, '댓글 내용 718', 14, 'comment', 164);
INSERT INTO comment(id, content, user_id, type, target_id) VALUES(719, '댓글 내용 719', 23, 'playlist', 138);
INSERT INTO comment(id, content, user_id, type, target_id) VALUES(720, '댓글 내용 720', 41, 'comment', 239);
INSERT INTO comment(id, content, user_id, type, target_id) VALUES(721, '댓글 내용 721', 30, 'comment', 77);
INSERT INTO comment(id, content, user_id, type, target_id) VALUES(722, '댓글 내용 722', 31, 'posts', 332);
INSERT INTO comment(id, content, user_id, type, target_id) VALUES(723, '댓글 내용 723', 43, 'comment', 53);
INSERT INTO comment(id, content, user_id, type, target_id) VALUES(724, '댓글 내용 724', 7, 'comment', 308);
INSERT INTO comment(id, content, user_id, type, target_id) VALUES(725, '댓글 내용 725', 31, 'comment', 24);
INSERT INTO comment(id, content, user_id, type, target_id) VALUES(726, '댓글 내용 726', 13, 'posts', 939);
INSERT INTO comment(id, content, user_id, type, target_id) VALUES(727, '댓글 내용 727', 44, 'playlist', 78);
INSERT INTO comment(id, content, user_id, type, target_id) VALUES(728, '댓글 내용 728', 49, 'comment', 222);
INSERT INTO comment(id, content, user_id, type, target_id) VALUES(729, '댓글 내용 729', 26, 'posts', 114);
INSERT INTO comment(id, content, user_id, type, target_id) VALUES(730, '댓글 내용 730', 48, 'playlist', 64);
INSERT INTO comment(id, content, user_id, type, target_id) VALUES(731, '댓글 내용 731', 16, 'posts', 461);
INSERT INTO comment(id, content, user_id, type, target_id) VALUES(732, '댓글 내용 732', 28, 'playlist', 105);
INSERT INTO comment(id, content, user_id, type, target_id) VALUES(733, '댓글 내용 733', 42, 'posts', 814);
INSERT INTO comment(id, content, user_id, type, target_id) VALUES(734, '댓글 내용 734', 29, 'playlist', 135);
INSERT INTO comment(id, content, user_id, type, target_id) VALUES(735, '댓글 내용 735', 24, 'playlist', 28);
INSERT INTO comment(id, content, user_id, type, target_id) VALUES(736, '댓글 내용 736', 44, 'playlist', 122);
INSERT INTO comment(id, content, user_id, type, target_id) VALUES(737, '댓글 내용 737', 26, 'comment', 736);
INSERT INTO comment(id, content, user_id, type, target_id) VALUES(738, '댓글 내용 738', 48, 'playlist', 9);
INSERT INTO comment(id, content, user_id, type, target_id) VALUES(739, '댓글 내용 739', 27, 'comment', 484);
INSERT INTO comment(id, content, user_id, type, target_id) VALUES(740, '댓글 내용 740', 24, 'posts', 198);
INSERT INTO comment(id, content, user_id, type, target_id) VALUES(741, '댓글 내용 741', 8, 'comment', 735);
INSERT INTO comment(id, content, user_id, type, target_id) VALUES(742, '댓글 내용 742', 1, 'comment', 377);
INSERT INTO comment(id, content, user_id, type, target_id) VALUES(743, '댓글 내용 743', 4, 'posts', 224);
INSERT INTO comment(id, content, user_id, type, target_id) VALUES(744, '댓글 내용 744', 7, 'playlist', 85);
INSERT INTO comment(id, content, user_id, type, target_id) VALUES(745, '댓글 내용 745', 22, 'playlist', 51);
INSERT INTO comment(id, content, user_id, type, target_id) VALUES(746, '댓글 내용 746', 49, 'comment', 403);
INSERT INTO comment(id, content, user_id, type, target_id) VALUES(747, '댓글 내용 747', 16, 'posts', 654);
INSERT INTO comment(id, content, user_id, type, target_id) VALUES(748, '댓글 내용 748', 11, 'comment', 514);
INSERT INTO comment(id, content, user_id, type, target_id) VALUES(749, '댓글 내용 749', 44, 'playlist', 14);
INSERT INTO comment(id, content, user_id, type, target_id) VALUES(750, '댓글 내용 750', 17, 'posts', 717);
INSERT INTO comment(id, content, user_id, type, target_id) VALUES(751, '댓글 내용 751', 6, 'posts', 402);
INSERT INTO comment(id, content, user_id, type, target_id) VALUES(752, '댓글 내용 752', 39, 'comment', 652);
INSERT INTO comment(id, content, user_id, type, target_id) VALUES(753, '댓글 내용 753', 12, 'posts', 24);
INSERT INTO comment(id, content, user_id, type, target_id) VALUES(754, '댓글 내용 754', 8, 'comment', 697);
INSERT INTO comment(id, content, user_id, type, target_id) VALUES(755, '댓글 내용 755', 49, 'posts', 605);
INSERT INTO comment(id, content, user_id, type, target_id) VALUES(756, '댓글 내용 756', 7, 'comment', 33);
INSERT INTO comment(id, content, user_id, type, target_id) VALUES(757, '댓글 내용 757', 17, 'posts', 475);
INSERT INTO comment(id, content, user_id, type, target_id) VALUES(758, '댓글 내용 758', 19, 'posts', 463);
INSERT INTO comment(id, content, user_id, type, target_id) VALUES(759, '댓글 내용 759', 39, 'playlist', 70);
INSERT INTO comment(id, content, user_id, type, target_id) VALUES(760, '댓글 내용 760', 14, 'comment', 395);
INSERT INTO comment(id, content, user_id, type, target_id) VALUES(761, '댓글 내용 761', 11, 'playlist', 58);
INSERT INTO comment(id, content, user_id, type, target_id) VALUES(762, '댓글 내용 762', 7, 'playlist', 133);
INSERT INTO comment(id, content, user_id, type, target_id) VALUES(763, '댓글 내용 763', 25, 'comment', 339);
INSERT INTO comment(id, content, user_id, type, target_id) VALUES(764, '댓글 내용 764', 5, 'playlist', 84);
INSERT INTO comment(id, content, user_id, type, target_id) VALUES(765, '댓글 내용 765', 43, 'playlist', 110);
INSERT INTO comment(id, content, user_id, type, target_id) VALUES(766, '댓글 내용 766', 8, 'playlist', 126);
INSERT INTO comment(id, content, user_id, type, target_id) VALUES(767, '댓글 내용 767', 6, 'comment', 54);
INSERT INTO comment(id, content, user_id, type, target_id) VALUES(768, '댓글 내용 768', 15, 'posts', 583);
INSERT INTO comment(id, content, user_id, type, target_id) VALUES(769, '댓글 내용 769', 35, 'playlist', 75);
INSERT INTO comment(id, content, user_id, type, target_id) VALUES(770, '댓글 내용 770', 21, 'posts', 647);
INSERT INTO comment(id, content, user_id, type, target_id) VALUES(771, '댓글 내용 771', 22, 'posts', 581);
INSERT INTO comment(id, content, user_id, type, target_id) VALUES(772, '댓글 내용 772', 8, 'playlist', 49);
INSERT INTO comment(id, content, user_id, type, target_id) VALUES(773, '댓글 내용 773', 27, 'comment', 399);
INSERT INTO comment(id, content, user_id, type, target_id) VALUES(774, '댓글 내용 774', 14, 'playlist', 52);
INSERT INTO comment(id, content, user_id, type, target_id) VALUES(775, '댓글 내용 775', 13, 'posts', 866);
INSERT INTO comment(id, content, user_id, type, target_id) VALUES(776, '댓글 내용 776', 12, 'playlist', 116);
INSERT INTO comment(id, content, user_id, type, target_id) VALUES(777, '댓글 내용 777', 2, 'posts', 109);
INSERT INTO comment(id, content, user_id, type, target_id) VALUES(778, '댓글 내용 778', 26, 'posts', 176);
INSERT INTO comment(id, content, user_id, type, target_id) VALUES(779, '댓글 내용 779', 16, 'playlist', 28);
INSERT INTO comment(id, content, user_id, type, target_id) VALUES(780, '댓글 내용 780', 46, 'comment', 180);
INSERT INTO comment(id, content, user_id, type, target_id) VALUES(781, '댓글 내용 781', 42, 'comment', 754);
INSERT INTO comment(id, content, user_id, type, target_id) VALUES(782, '댓글 내용 782', 33, 'comment', 49);
INSERT INTO comment(id, content, user_id, type, target_id) VALUES(783, '댓글 내용 783', 10, 'comment', 776);
INSERT INTO comment(id, content, user_id, type, target_id) VALUES(784, '댓글 내용 784', 12, 'playlist', 95);
INSERT INTO comment(id, content, user_id, type, target_id) VALUES(785, '댓글 내용 785', 27, 'comment', 773);
INSERT INTO comment(id, content, user_id, type, target_id) VALUES(786, '댓글 내용 786', 1, 'comment', 704);
INSERT INTO comment(id, content, user_id, type, target_id) VALUES(787, '댓글 내용 787', 36, 'posts', 755);
INSERT INTO comment(id, content, user_id, type, target_id) VALUES(788, '댓글 내용 788', 25, 'posts', 494);
INSERT INTO comment(id, content, user_id, type, target_id) VALUES(789, '댓글 내용 789', 37, 'comment', 502);
INSERT INTO comment(id, content, user_id, type, target_id) VALUES(790, '댓글 내용 790', 32, 'comment', 310);
INSERT INTO comment(id, content, user_id, type, target_id) VALUES(791, '댓글 내용 791', 16, 'comment', 122);
INSERT INTO comment(id, content, user_id, type, target_id) VALUES(792, '댓글 내용 792', 6, 'comment', 484);
INSERT INTO comment(id, content, user_id, type, target_id) VALUES(793, '댓글 내용 793', 22, 'playlist', 117);
INSERT INTO comment(id, content, user_id, type, target_id) VALUES(794, '댓글 내용 794', 19, 'playlist', 9);
INSERT INTO comment(id, content, user_id, type, target_id) VALUES(795, '댓글 내용 795', 47, 'posts', 953);
INSERT INTO comment(id, content, user_id, type, target_id) VALUES(796, '댓글 내용 796', 9, 'playlist', 142);
INSERT INTO comment(id, content, user_id, type, target_id) VALUES(797, '댓글 내용 797', 50, 'comment', 207);
INSERT INTO comment(id, content, user_id, type, target_id) VALUES(798, '댓글 내용 798', 17, 'posts', 501);
INSERT INTO comment(id, content, user_id, type, target_id) VALUES(799, '댓글 내용 799', 7, 'playlist', 120);
INSERT INTO comment(id, content, user_id, type, target_id) VALUES(800, '댓글 내용 800', 3, 'posts', 596);
INSERT INTO comment(id, content, user_id, type, target_id) VALUES(801, '댓글 내용 801', 50, 'posts', 227);
INSERT INTO comment(id, content, user_id, type, target_id) VALUES(802, '댓글 내용 802', 42, 'posts', 538);
INSERT INTO comment(id, content, user_id, type, target_id) VALUES(803, '댓글 내용 803', 38, 'posts', 760);
INSERT INTO comment(id, content, user_id, type, target_id) VALUES(804, '댓글 내용 804', 7, 'playlist', 19);
INSERT INTO comment(id, content, user_id, type, target_id) VALUES(805, '댓글 내용 805', 28, 'comment', 211);
INSERT INTO comment(id, content, user_id, type, target_id) VALUES(806, '댓글 내용 806', 5, 'posts', 719);
INSERT INTO comment(id, content, user_id, type, target_id) VALUES(807, '댓글 내용 807', 40, 'playlist', 108);
INSERT INTO comment(id, content, user_id, type, target_id) VALUES(808, '댓글 내용 808', 47, 'posts', 497);
INSERT INTO comment(id, content, user_id, type, target_id) VALUES(809, '댓글 내용 809', 25, 'comment', 526);
INSERT INTO comment(id, content, user_id, type, target_id) VALUES(810, '댓글 내용 810', 44, 'playlist', 8);
INSERT INTO comment(id, content, user_id, type, target_id) VALUES(811, '댓글 내용 811', 13, 'playlist', 29);
INSERT INTO comment(id, content, user_id, type, target_id) VALUES(812, '댓글 내용 812', 21, 'comment', 30);
INSERT INTO comment(id, content, user_id, type, target_id) VALUES(813, '댓글 내용 813', 14, 'playlist', 108);
INSERT INTO comment(id, content, user_id, type, target_id) VALUES(814, '댓글 내용 814', 7, 'playlist', 19);
INSERT INTO comment(id, content, user_id, type, target_id) VALUES(815, '댓글 내용 815', 36, 'comment', 429);
INSERT INTO comment(id, content, user_id, type, target_id) VALUES(816, '댓글 내용 816', 35, 'playlist', 84);
INSERT INTO comment(id, content, user_id, type, target_id) VALUES(817, '댓글 내용 817', 31, 'posts', 110);
INSERT INTO comment(id, content, user_id, type, target_id) VALUES(818, '댓글 내용 818', 48, 'playlist', 150);
INSERT INTO comment(id, content, user_id, type, target_id) VALUES(819, '댓글 내용 819', 38, 'playlist', 24);
INSERT INTO comment(id, content, user_id, type, target_id) VALUES(820, '댓글 내용 820', 36, 'comment', 51);
INSERT INTO comment(id, content, user_id, type, target_id) VALUES(821, '댓글 내용 821', 44, 'posts', 82);
INSERT INTO comment(id, content, user_id, type, target_id) VALUES(822, '댓글 내용 822', 13, 'comment', 413);
INSERT INTO comment(id, content, user_id, type, target_id) VALUES(823, '댓글 내용 823', 23, 'posts', 336);
INSERT INTO comment(id, content, user_id, type, target_id) VALUES(824, '댓글 내용 824', 3, 'playlist', 34);
INSERT INTO comment(id, content, user_id, type, target_id) VALUES(825, '댓글 내용 825', 6, 'playlist', 24);
INSERT INTO comment(id, content, user_id, type, target_id) VALUES(826, '댓글 내용 826', 32, 'posts', 707);
INSERT INTO comment(id, content, user_id, type, target_id) VALUES(827, '댓글 내용 827', 12, 'comment', 399);
INSERT INTO comment(id, content, user_id, type, target_id) VALUES(828, '댓글 내용 828', 19, 'comment', 169);
INSERT INTO comment(id, content, user_id, type, target_id) VALUES(829, '댓글 내용 829', 24, 'comment', 128);
INSERT INTO comment(id, content, user_id, type, target_id) VALUES(830, '댓글 내용 830', 39, 'comment', 116);
INSERT INTO comment(id, content, user_id, type, target_id) VALUES(831, '댓글 내용 831', 10, 'comment', 348);
INSERT INTO comment(id, content, user_id, type, target_id) VALUES(832, '댓글 내용 832', 34, 'posts', 684);
INSERT INTO comment(id, content, user_id, type, target_id) VALUES(833, '댓글 내용 833', 3, 'comment', 826);
INSERT INTO comment(id, content, user_id, type, target_id) VALUES(834, '댓글 내용 834', 37, 'comment', 589);
INSERT INTO comment(id, content, user_id, type, target_id) VALUES(835, '댓글 내용 835', 5, 'playlist', 149);
INSERT INTO comment(id, content, user_id, type, target_id) VALUES(836, '댓글 내용 836', 19, 'comment', 697);
INSERT INTO comment(id, content, user_id, type, target_id) VALUES(837, '댓글 내용 837', 46, 'playlist', 67);
INSERT INTO comment(id, content, user_id, type, target_id) VALUES(838, '댓글 내용 838', 47, 'playlist', 123);
INSERT INTO comment(id, content, user_id, type, target_id) VALUES(839, '댓글 내용 839', 41, 'posts', 728);
INSERT INTO comment(id, content, user_id, type, target_id) VALUES(840, '댓글 내용 840', 49, 'comment', 776);
INSERT INTO comment(id, content, user_id, type, target_id) VALUES(841, '댓글 내용 841', 10, 'comment', 32);
INSERT INTO comment(id, content, user_id, type, target_id) VALUES(842, '댓글 내용 842', 32, 'comment', 830);
INSERT INTO comment(id, content, user_id, type, target_id) VALUES(843, '댓글 내용 843', 48, 'posts', 995);
INSERT INTO comment(id, content, user_id, type, target_id) VALUES(844, '댓글 내용 844', 42, 'comment', 794);
INSERT INTO comment(id, content, user_id, type, target_id) VALUES(845, '댓글 내용 845', 37, 'posts', 239);
INSERT INTO comment(id, content, user_id, type, target_id) VALUES(846, '댓글 내용 846', 45, 'playlist', 95);
INSERT INTO comment(id, content, user_id, type, target_id) VALUES(847, '댓글 내용 847', 30, 'comment', 351);
INSERT INTO comment(id, content, user_id, type, target_id) VALUES(848, '댓글 내용 848', 29, 'posts', 918);
INSERT INTO comment(id, content, user_id, type, target_id) VALUES(849, '댓글 내용 849', 46, 'comment', 785);
INSERT INTO comment(id, content, user_id, type, target_id) VALUES(850, '댓글 내용 850', 42, 'posts', 12);
INSERT INTO comment(id, content, user_id, type, target_id) VALUES(851, '댓글 내용 851', 49, 'playlist', 12);
INSERT INTO comment(id, content, user_id, type, target_id) VALUES(852, '댓글 내용 852', 25, 'playlist', 38);
INSERT INTO comment(id, content, user_id, type, target_id) VALUES(853, '댓글 내용 853', 45, 'comment', 373);
INSERT INTO comment(id, content, user_id, type, target_id) VALUES(854, '댓글 내용 854', 10, 'comment', 192);
INSERT INTO comment(id, content, user_id, type, target_id) VALUES(855, '댓글 내용 855', 21, 'posts', 603);
INSERT INTO comment(id, content, user_id, type, target_id) VALUES(856, '댓글 내용 856', 30, 'comment', 422);
INSERT INTO comment(id, content, user_id, type, target_id) VALUES(857, '댓글 내용 857', 16, 'posts', 457);
INSERT INTO comment(id, content, user_id, type, target_id) VALUES(858, '댓글 내용 858', 15, 'playlist', 76);
INSERT INTO comment(id, content, user_id, type, target_id) VALUES(859, '댓글 내용 859', 27, 'comment', 12);
INSERT INTO comment(id, content, user_id, type, target_id) VALUES(860, '댓글 내용 860', 27, 'posts', 414);
INSERT INTO comment(id, content, user_id, type, target_id) VALUES(861, '댓글 내용 861', 3, 'comment', 353);
INSERT INTO comment(id, content, user_id, type, target_id) VALUES(862, '댓글 내용 862', 1, 'playlist', 103);
INSERT INTO comment(id, content, user_id, type, target_id) VALUES(863, '댓글 내용 863', 17, 'playlist', 36);
INSERT INTO comment(id, content, user_id, type, target_id) VALUES(864, '댓글 내용 864', 43, 'comment', 248);
INSERT INTO comment(id, content, user_id, type, target_id) VALUES(865, '댓글 내용 865', 22, 'comment', 440);
INSERT INTO comment(id, content, user_id, type, target_id) VALUES(866, '댓글 내용 866', 50, 'posts', 118);
INSERT INTO comment(id, content, user_id, type, target_id) VALUES(867, '댓글 내용 867', 41, 'comment', 715);
INSERT INTO comment(id, content, user_id, type, target_id) VALUES(868, '댓글 내용 868', 13, 'playlist', 138);
INSERT INTO comment(id, content, user_id, type, target_id) VALUES(869, '댓글 내용 869', 21, 'posts', 511);
INSERT INTO comment(id, content, user_id, type, target_id) VALUES(870, '댓글 내용 870', 21, 'playlist', 107);
INSERT INTO comment(id, content, user_id, type, target_id) VALUES(871, '댓글 내용 871', 11, 'comment', 498);
INSERT INTO comment(id, content, user_id, type, target_id) VALUES(872, '댓글 내용 872', 15, 'posts', 214);
INSERT INTO comment(id, content, user_id, type, target_id) VALUES(873, '댓글 내용 873', 34, 'playlist', 59);
INSERT INTO comment(id, content, user_id, type, target_id) VALUES(874, '댓글 내용 874', 19, 'comment', 729);
INSERT INTO comment(id, content, user_id, type, target_id) VALUES(875, '댓글 내용 875', 32, 'playlist', 123);
INSERT INTO comment(id, content, user_id, type, target_id) VALUES(876, '댓글 내용 876', 28, 'posts', 846);
INSERT INTO comment(id, content, user_id, type, target_id) VALUES(877, '댓글 내용 877', 49, 'comment', 296);
INSERT INTO comment(id, content, user_id, type, target_id) VALUES(878, '댓글 내용 878', 34, 'playlist', 98);
INSERT INTO comment(id, content, user_id, type, target_id) VALUES(879, '댓글 내용 879', 17, 'playlist', 51);
INSERT INTO comment(id, content, user_id, type, target_id) VALUES(880, '댓글 내용 880', 27, 'comment', 493);
INSERT INTO comment(id, content, user_id, type, target_id) VALUES(881, '댓글 내용 881', 48, 'playlist', 126);
INSERT INTO comment(id, content, user_id, type, target_id) VALUES(882, '댓글 내용 882', 35, 'posts', 676);
INSERT INTO comment(id, content, user_id, type, target_id) VALUES(883, '댓글 내용 883', 2, 'comment', 257);
INSERT INTO comment(id, content, user_id, type, target_id) VALUES(884, '댓글 내용 884', 34, 'posts', 608);
INSERT INTO comment(id, content, user_id, type, target_id) VALUES(885, '댓글 내용 885', 41, 'comment', 749);
INSERT INTO comment(id, content, user_id, type, target_id) VALUES(886, '댓글 내용 886', 24, 'comment', 246);
INSERT INTO comment(id, content, user_id, type, target_id) VALUES(887, '댓글 내용 887', 1, 'comment', 763);
INSERT INTO comment(id, content, user_id, type, target_id) VALUES(888, '댓글 내용 888', 47, 'posts', 535);
INSERT INTO comment(id, content, user_id, type, target_id) VALUES(889, '댓글 내용 889', 40, 'posts', 334);
INSERT INTO comment(id, content, user_id, type, target_id) VALUES(890, '댓글 내용 890', 5, 'posts', 996);
INSERT INTO comment(id, content, user_id, type, target_id) VALUES(891, '댓글 내용 891', 21, 'playlist', 66);
INSERT INTO comment(id, content, user_id, type, target_id) VALUES(892, '댓글 내용 892', 24, 'playlist', 143);
INSERT INTO comment(id, content, user_id, type, target_id) VALUES(893, '댓글 내용 893', 24, 'posts', 118);
INSERT INTO comment(id, content, user_id, type, target_id) VALUES(894, '댓글 내용 894', 27, 'posts', 39);
INSERT INTO comment(id, content, user_id, type, target_id) VALUES(895, '댓글 내용 895', 24, 'comment', 15);
INSERT INTO comment(id, content, user_id, type, target_id) VALUES(896, '댓글 내용 896', 2, 'posts', 710);
INSERT INTO comment(id, content, user_id, type, target_id) VALUES(897, '댓글 내용 897', 15, 'playlist', 12);
INSERT INTO comment(id, content, user_id, type, target_id) VALUES(898, '댓글 내용 898', 42, 'posts', 396);
INSERT INTO comment(id, content, user_id, type, target_id) VALUES(899, '댓글 내용 899', 41, 'playlist', 16);
INSERT INTO comment(id, content, user_id, type, target_id) VALUES(900, '댓글 내용 900', 21, 'posts', 269);
INSERT INTO comment(id, content, user_id, type, target_id) VALUES(901, '댓글 내용 901', 47, 'comment', 458);
INSERT INTO comment(id, content, user_id, type, target_id) VALUES(902, '댓글 내용 902', 36, 'comment', 718);
INSERT INTO comment(id, content, user_id, type, target_id) VALUES(903, '댓글 내용 903', 34, 'comment', 762);
INSERT INTO comment(id, content, user_id, type, target_id) VALUES(904, '댓글 내용 904', 3, 'comment', 260);
INSERT INTO comment(id, content, user_id, type, target_id) VALUES(905, '댓글 내용 905', 44, 'posts', 441);
INSERT INTO comment(id, content, user_id, type, target_id) VALUES(906, '댓글 내용 906', 35, 'posts', 309);
INSERT INTO comment(id, content, user_id, type, target_id) VALUES(907, '댓글 내용 907', 43, 'posts', 476);
INSERT INTO comment(id, content, user_id, type, target_id) VALUES(908, '댓글 내용 908', 35, 'posts', 579);
INSERT INTO comment(id, content, user_id, type, target_id) VALUES(909, '댓글 내용 909', 18, 'playlist', 73);
INSERT INTO comment(id, content, user_id, type, target_id) VALUES(910, '댓글 내용 910', 12, 'posts', 357);
INSERT INTO comment(id, content, user_id, type, target_id) VALUES(911, '댓글 내용 911', 31, 'playlist', 96);
INSERT INTO comment(id, content, user_id, type, target_id) VALUES(912, '댓글 내용 912', 23, 'posts', 731);
INSERT INTO comment(id, content, user_id, type, target_id) VALUES(913, '댓글 내용 913', 6, 'posts', 855);
INSERT INTO comment(id, content, user_id, type, target_id) VALUES(914, '댓글 내용 914', 38, 'playlist', 94);
INSERT INTO comment(id, content, user_id, type, target_id) VALUES(915, '댓글 내용 915', 9, 'comment', 708);
INSERT INTO comment(id, content, user_id, type, target_id) VALUES(916, '댓글 내용 916', 10, 'posts', 899);
INSERT INTO comment(id, content, user_id, type, target_id) VALUES(917, '댓글 내용 917', 36, 'playlist', 31);
INSERT INTO comment(id, content, user_id, type, target_id) VALUES(918, '댓글 내용 918', 1, 'comment', 572);
INSERT INTO comment(id, content, user_id, type, target_id) VALUES(919, '댓글 내용 919', 43, 'posts', 769);
INSERT INTO comment(id, content, user_id, type, target_id) VALUES(920, '댓글 내용 920', 49, 'playlist', 9);
INSERT INTO comment(id, content, user_id, type, target_id) VALUES(921, '댓글 내용 921', 29, 'comment', 231);
INSERT INTO comment(id, content, user_id, type, target_id) VALUES(922, '댓글 내용 922', 49, 'comment', 425);
INSERT INTO comment(id, content, user_id, type, target_id) VALUES(923, '댓글 내용 923', 6, 'comment', 915);
INSERT INTO comment(id, content, user_id, type, target_id) VALUES(924, '댓글 내용 924', 7, 'playlist', 2);
INSERT INTO comment(id, content, user_id, type, target_id) VALUES(925, '댓글 내용 925', 34, 'posts', 575);
INSERT INTO comment(id, content, user_id, type, target_id) VALUES(926, '댓글 내용 926', 49, 'posts', 203);
INSERT INTO comment(id, content, user_id, type, target_id) VALUES(927, '댓글 내용 927', 38, 'playlist', 67);
INSERT INTO comment(id, content, user_id, type, target_id) VALUES(928, '댓글 내용 928', 41, 'posts', 474);
INSERT INTO comment(id, content, user_id, type, target_id) VALUES(929, '댓글 내용 929', 29, 'playlist', 77);
INSERT INTO comment(id, content, user_id, type, target_id) VALUES(930, '댓글 내용 930', 4, 'posts', 37);
INSERT INTO comment(id, content, user_id, type, target_id) VALUES(931, '댓글 내용 931', 15, 'comment', 721);
INSERT INTO comment(id, content, user_id, type, target_id) VALUES(932, '댓글 내용 932', 41, 'posts', 743);
INSERT INTO comment(id, content, user_id, type, target_id) VALUES(933, '댓글 내용 933', 48, 'playlist', 80);
INSERT INTO comment(id, content, user_id, type, target_id) VALUES(934, '댓글 내용 934', 42, 'comment', 487);
INSERT INTO comment(id, content, user_id, type, target_id) VALUES(935, '댓글 내용 935', 4, 'comment', 549);
INSERT INTO comment(id, content, user_id, type, target_id) VALUES(936, '댓글 내용 936', 49, 'playlist', 57);
INSERT INTO comment(id, content, user_id, type, target_id) VALUES(937, '댓글 내용 937', 12, 'comment', 928);
INSERT INTO comment(id, content, user_id, type, target_id) VALUES(938, '댓글 내용 938', 29, 'comment', 766);
INSERT INTO comment(id, content, user_id, type, target_id) VALUES(939, '댓글 내용 939', 11, 'posts', 180);
INSERT INTO comment(id, content, user_id, type, target_id) VALUES(940, '댓글 내용 940', 38, 'posts', 837);
INSERT INTO comment(id, content, user_id, type, target_id) VALUES(941, '댓글 내용 941', 32, 'playlist', 114);
INSERT INTO comment(id, content, user_id, type, target_id) VALUES(942, '댓글 내용 942', 39, 'posts', 869);
INSERT INTO comment(id, content, user_id, type, target_id) VALUES(943, '댓글 내용 943', 9, 'playlist', 48);
INSERT INTO comment(id, content, user_id, type, target_id) VALUES(944, '댓글 내용 944', 19, 'posts', 58);
INSERT INTO comment(id, content, user_id, type, target_id) VALUES(945, '댓글 내용 945', 21, 'playlist', 105);
INSERT INTO comment(id, content, user_id, type, target_id) VALUES(946, '댓글 내용 946', 38, 'playlist', 98);
INSERT INTO comment(id, content, user_id, type, target_id) VALUES(947, '댓글 내용 947', 23, 'comment', 518);
INSERT INTO comment(id, content, user_id, type, target_id) VALUES(948, '댓글 내용 948', 50, 'comment', 457);
INSERT INTO comment(id, content, user_id, type, target_id) VALUES(949, '댓글 내용 949', 33, 'playlist', 115);
INSERT INTO comment(id, content, user_id, type, target_id) VALUES(950, '댓글 내용 950', 28, 'playlist', 69);
INSERT INTO comment(id, content, user_id, type, target_id) VALUES(951, '댓글 내용 951', 5, 'comment', 691);
INSERT INTO comment(id, content, user_id, type, target_id) VALUES(952, '댓글 내용 952', 34, 'posts', 906);
INSERT INTO comment(id, content, user_id, type, target_id) VALUES(953, '댓글 내용 953', 12, 'posts', 179);
INSERT INTO comment(id, content, user_id, type, target_id) VALUES(954, '댓글 내용 954', 38, 'posts', 416);
INSERT INTO comment(id, content, user_id, type, target_id) VALUES(955, '댓글 내용 955', 46, 'comment', 835);
INSERT INTO comment(id, content, user_id, type, target_id) VALUES(956, '댓글 내용 956', 11, 'comment', 291);
INSERT INTO comment(id, content, user_id, type, target_id) VALUES(957, '댓글 내용 957', 43, 'posts', 333);
INSERT INTO comment(id, content, user_id, type, target_id) VALUES(958, '댓글 내용 958', 41, 'comment', 36);
INSERT INTO comment(id, content, user_id, type, target_id) VALUES(959, '댓글 내용 959', 19, 'posts', 809);
INSERT INTO comment(id, content, user_id, type, target_id) VALUES(960, '댓글 내용 960', 44, 'playlist', 149);
INSERT INTO comment(id, content, user_id, type, target_id) VALUES(961, '댓글 내용 961', 1, 'playlist', 84);
INSERT INTO comment(id, content, user_id, type, target_id) VALUES(962, '댓글 내용 962', 27, 'comment', 473);
INSERT INTO comment(id, content, user_id, type, target_id) VALUES(963, '댓글 내용 963', 20, 'posts', 710);
INSERT INTO comment(id, content, user_id, type, target_id) VALUES(964, '댓글 내용 964', 26, 'posts', 567);
INSERT INTO comment(id, content, user_id, type, target_id) VALUES(965, '댓글 내용 965', 30, 'comment', 574);
INSERT INTO comment(id, content, user_id, type, target_id) VALUES(966, '댓글 내용 966', 22, 'playlist', 133);
INSERT INTO comment(id, content, user_id, type, target_id) VALUES(967, '댓글 내용 967', 43, 'comment', 376);
INSERT INTO comment(id, content, user_id, type, target_id) VALUES(968, '댓글 내용 968', 40, 'comment', 813);
INSERT INTO comment(id, content, user_id, type, target_id) VALUES(969, '댓글 내용 969', 4, 'playlist', 84);
INSERT INTO comment(id, content, user_id, type, target_id) VALUES(970, '댓글 내용 970', 23, 'playlist', 72);
INSERT INTO comment(id, content, user_id, type, target_id) VALUES(971, '댓글 내용 971', 34, 'posts', 401);
INSERT INTO comment(id, content, user_id, type, target_id) VALUES(972, '댓글 내용 972', 15, 'comment', 33);
INSERT INTO comment(id, content, user_id, type, target_id) VALUES(973, '댓글 내용 973', 5, 'posts', 503);
INSERT INTO comment(id, content, user_id, type, target_id) VALUES(974, '댓글 내용 974', 16, 'playlist', 102);
INSERT INTO comment(id, content, user_id, type, target_id) VALUES(975, '댓글 내용 975', 27, 'posts', 788);
INSERT INTO comment(id, content, user_id, type, target_id) VALUES(976, '댓글 내용 976', 49, 'comment', 970);
INSERT INTO comment(id, content, user_id, type, target_id) VALUES(977, '댓글 내용 977', 34, 'posts', 859);
INSERT INTO comment(id, content, user_id, type, target_id) VALUES(978, '댓글 내용 978', 34, 'playlist', 8);
INSERT INTO comment(id, content, user_id, type, target_id) VALUES(979, '댓글 내용 979', 39, 'comment', 874);
INSERT INTO comment(id, content, user_id, type, target_id) VALUES(980, '댓글 내용 980', 20, 'posts', 278);
INSERT INTO comment(id, content, user_id, type, target_id) VALUES(981, '댓글 내용 981', 16, 'comment', 4);
INSERT INTO comment(id, content, user_id, type, target_id) VALUES(982, '댓글 내용 982', 12, 'posts', 170);
INSERT INTO comment(id, content, user_id, type, target_id) VALUES(983, '댓글 내용 983', 2, 'posts', 859);
INSERT INTO comment(id, content, user_id, type, target_id) VALUES(984, '댓글 내용 984', 20, 'comment', 618);
INSERT INTO comment(id, content, user_id, type, target_id) VALUES(985, '댓글 내용 985', 5, 'playlist', 19);
INSERT INTO comment(id, content, user_id, type, target_id) VALUES(986, '댓글 내용 986', 42, 'comment', 815);
INSERT INTO comment(id, content, user_id, type, target_id) VALUES(987, '댓글 내용 987', 10, 'posts', 678);
INSERT INTO comment(id, content, user_id, type, target_id) VALUES(988, '댓글 내용 988', 11, 'posts', 95);
INSERT INTO comment(id, content, user_id, type, target_id) VALUES(989, '댓글 내용 989', 19, 'playlist', 93);
INSERT INTO comment(id, content, user_id, type, target_id) VALUES(990, '댓글 내용 990', 25, 'posts', 152);
INSERT INTO comment(id, content, user_id, type, target_id) VALUES(991, '댓글 내용 991', 38, 'posts', 793);
INSERT INTO comment(id, content, user_id, type, target_id) VALUES(992, '댓글 내용 992', 4, 'posts', 967);
INSERT INTO comment(id, content, user_id, type, target_id) VALUES(993, '댓글 내용 993', 20, 'playlist', 43);
INSERT INTO comment(id, content, user_id, type, target_id) VALUES(994, '댓글 내용 994', 12, 'posts', 853);
INSERT INTO comment(id, content, user_id, type, target_id) VALUES(995, '댓글 내용 995', 14, 'comment', 144);
INSERT INTO comment(id, content, user_id, type, target_id) VALUES(996, '댓글 내용 996', 31, 'posts', 89);
INSERT INTO comment(id, content, user_id, type, target_id) VALUES(997, '댓글 내용 997', 9, 'playlist', 82);
INSERT INTO comment(id, content, user_id, type, target_id) VALUES(998, '댓글 내용 998', 50, 'comment', 752);
INSERT INTO comment(id, content, user_id, type, target_id) VALUES(999, '댓글 내용 999', 16, 'playlist', 86);
INSERT INTO comment(id, content, user_id, type, target_id) VALUES(1000, '댓글 내용 1000', 17, 'posts', 132);
INSERT INTO notification(type, message, user_id, is_read) VALUES ('qna', 'qna 알림 1-1', 1, 0);
INSERT INTO notification(type, message, user_id, is_read) VALUES ('follow', 'follow 알림 1-2', 1, 0);
INSERT INTO notification(type, message, user_id, is_read) VALUES ('like', 'like 알림 1-3', 1, 0);
INSERT INTO notification(type, message, user_id, is_read) VALUES ('like', 'like 알림 1-4', 1, 0);
INSERT INTO notification(type, message, user_id, is_read) VALUES ('follow', 'follow 알림 1-5', 1, 1);
INSERT INTO notification(type, message, user_id, is_read) VALUES ('system', 'system 알림 1-6', 1, 1);
INSERT INTO notification(type, message, user_id, is_read) VALUES ('announcement', 'announcement 알림 1-7', 1, 0);
INSERT INTO notification(type, message, user_id, is_read) VALUES ('announcement', 'announcement 알림 1-8', 1, 1);
INSERT INTO notification(type, message, user_id, is_read) VALUES ('reply', 'reply 알림 1-9', 1, 1);
INSERT INTO notification(type, message, user_id, is_read) VALUES ('reply', 'reply 알림 1-10', 1, 0);
INSERT INTO notification(type, message, user_id, is_read) VALUES ('follow', 'follow 알림 2-1', 2, 1);
INSERT INTO notification(type, message, user_id, is_read) VALUES ('system', 'system 알림 2-2', 2, 1);
INSERT INTO notification(type, message, user_id, is_read) VALUES ('qna', 'qna 알림 2-3', 2, 1);
INSERT INTO notification(type, message, user_id, is_read) VALUES ('mention', 'mention 알림 2-4', 2, 1);
INSERT INTO notification(type, message, user_id, is_read) VALUES ('playlist', 'playlist 알림 2-5', 2, 1);
INSERT INTO notification(type, message, user_id, is_read) VALUES ('reply', 'reply 알림 2-6', 2, 1);
INSERT INTO notification(type, message, user_id, is_read) VALUES ('qna', 'qna 알림 2-7', 2, 1);
INSERT INTO notification(type, message, user_id, is_read) VALUES ('system', 'system 알림 2-8', 2, 0);
INSERT INTO notification(type, message, user_id, is_read) VALUES ('like', 'like 알림 2-9', 2, 0);
INSERT INTO notification(type, message, user_id, is_read) VALUES ('qna', 'qna 알림 2-10', 2, 1);
INSERT INTO notification(type, message, user_id, is_read) VALUES ('like', 'like 알림 3-1', 3, 0);
INSERT INTO notification(type, message, user_id, is_read) VALUES ('qna', 'qna 알림 3-2', 3, 1);
INSERT INTO notification(type, message, user_id, is_read) VALUES ('playlist', 'playlist 알림 3-3', 3, 0);
INSERT INTO notification(type, message, user_id, is_read) VALUES ('playlist', 'playlist 알림 3-4', 3, 1);
INSERT INTO notification(type, message, user_id, is_read) VALUES ('playlist', 'playlist 알림 3-5', 3, 0);
INSERT INTO notification(type, message, user_id, is_read) VALUES ('mention', 'mention 알림 3-6', 3, 1);
INSERT INTO notification(type, message, user_id, is_read) VALUES ('playlist', 'playlist 알림 3-7', 3, 1);
INSERT INTO notification(type, message, user_id, is_read) VALUES ('reply', 'reply 알림 3-8', 3, 0);
INSERT INTO notification(type, message, user_id, is_read) VALUES ('reply', 'reply 알림 3-9', 3, 1);
INSERT INTO notification(type, message, user_id, is_read) VALUES ('comment', 'comment 알림 3-10', 3, 0);
INSERT INTO notification(type, message, user_id, is_read) VALUES ('qna', 'qna 알림 4-1', 4, 0);
INSERT INTO notification(type, message, user_id, is_read) VALUES ('comment', 'comment 알림 4-2', 4, 1);
INSERT INTO notification(type, message, user_id, is_read) VALUES ('system', 'system 알림 4-3', 4, 0);
INSERT INTO notification(type, message, user_id, is_read) VALUES ('system', 'system 알림 4-4', 4, 0);
INSERT INTO notification(type, message, user_id, is_read) VALUES ('playlist', 'playlist 알림 4-5', 4, 0);
INSERT INTO notification(type, message, user_id, is_read) VALUES ('mention', 'mention 알림 4-6', 4, 1);
INSERT INTO notification(type, message, user_id, is_read) VALUES ('follow', 'follow 알림 4-7', 4, 1);
INSERT INTO notification(type, message, user_id, is_read) VALUES ('mention', 'mention 알림 4-8', 4, 1);
INSERT INTO notification(type, message, user_id, is_read) VALUES ('like', 'like 알림 4-9', 4, 0);
INSERT INTO notification(type, message, user_id, is_read) VALUES ('mention', 'mention 알림 4-10', 4, 1);
INSERT INTO notification(type, message, user_id, is_read) VALUES ('follow', 'follow 알림 5-1', 5, 0);
INSERT INTO notification(type, message, user_id, is_read) VALUES ('qna', 'qna 알림 5-2', 5, 1);
INSERT INTO notification(type, message, user_id, is_read) VALUES ('like', 'like 알림 5-3', 5, 1);
INSERT INTO notification(type, message, user_id, is_read) VALUES ('mention', 'mention 알림 5-4', 5, 1);
INSERT INTO notification(type, message, user_id, is_read) VALUES ('like', 'like 알림 5-5', 5, 1);
INSERT INTO notification(type, message, user_id, is_read) VALUES ('comment', 'comment 알림 5-6', 5, 1);
INSERT INTO notification(type, message, user_id, is_read) VALUES ('announcement', 'announcement 알림 5-7', 5, 0);
INSERT INTO notification(type, message, user_id, is_read) VALUES ('playlist', 'playlist 알림 5-8', 5, 1);
INSERT INTO notification(type, message, user_id, is_read) VALUES ('system', 'system 알림 5-9', 5, 1);
INSERT INTO notification(type, message, user_id, is_read) VALUES ('badge', 'badge 알림 5-10', 5, 0);
INSERT INTO notification(type, message, user_id, is_read) VALUES ('announcement', 'announcement 알림 6-1', 6, 1);
INSERT INTO notification(type, message, user_id, is_read) VALUES ('announcement', 'announcement 알림 6-2', 6, 1);
INSERT INTO notification(type, message, user_id, is_read) VALUES ('announcement', 'announcement 알림 6-3', 6, 0);
INSERT INTO notification(type, message, user_id, is_read) VALUES ('system', 'system 알림 6-4', 6, 1);
INSERT INTO notification(type, message, user_id, is_read) VALUES ('reply', 'reply 알림 6-5', 6, 1);
INSERT INTO notification(type, message, user_id, is_read) VALUES ('follow', 'follow 알림 6-6', 6, 1);
INSERT INTO notification(type, message, user_id, is_read) VALUES ('comment', 'comment 알림 6-7', 6, 1);
INSERT INTO notification(type, message, user_id, is_read) VALUES ('badge', 'badge 알림 6-8', 6, 1);
INSERT INTO notification(type, message, user_id, is_read) VALUES ('system', 'system 알림 6-9', 6, 1);
INSERT INTO notification(type, message, user_id, is_read) VALUES ('follow', 'follow 알림 6-10', 6, 1);
INSERT INTO notification(type, message, user_id, is_read) VALUES ('mention', 'mention 알림 7-1', 7, 1);
INSERT INTO notification(type, message, user_id, is_read) VALUES ('badge', 'badge 알림 7-2', 7, 1);
INSERT INTO notification(type, message, user_id, is_read) VALUES ('mention', 'mention 알림 7-3', 7, 0);
INSERT INTO notification(type, message, user_id, is_read) VALUES ('playlist', 'playlist 알림 7-4', 7, 0);
INSERT INTO notification(type, message, user_id, is_read) VALUES ('qna', 'qna 알림 7-5', 7, 1);
INSERT INTO notification(type, message, user_id, is_read) VALUES ('qna', 'qna 알림 7-6', 7, 1);
INSERT INTO notification(type, message, user_id, is_read) VALUES ('announcement', 'announcement 알림 7-7', 7, 1);
INSERT INTO notification(type, message, user_id, is_read) VALUES ('comment', 'comment 알림 7-8', 7, 1);
INSERT INTO notification(type, message, user_id, is_read) VALUES ('playlist', 'playlist 알림 7-9', 7, 1);
INSERT INTO notification(type, message, user_id, is_read) VALUES ('reply', 'reply 알림 7-10', 7, 1);
INSERT INTO notification(type, message, user_id, is_read) VALUES ('reply', 'reply 알림 8-1', 8, 1);
INSERT INTO notification(type, message, user_id, is_read) VALUES ('badge', 'badge 알림 8-2', 8, 0);
INSERT INTO notification(type, message, user_id, is_read) VALUES ('follow', 'follow 알림 8-3', 8, 0);
INSERT INTO notification(type, message, user_id, is_read) VALUES ('mention', 'mention 알림 8-4', 8, 0);
INSERT INTO notification(type, message, user_id, is_read) VALUES ('reply', 'reply 알림 8-5', 8, 1);
INSERT INTO notification(type, message, user_id, is_read) VALUES ('announcement', 'announcement 알림 8-6', 8, 0);
INSERT INTO notification(type, message, user_id, is_read) VALUES ('comment', 'comment 알림 8-7', 8, 1);
INSERT INTO notification(type, message, user_id, is_read) VALUES ('announcement', 'announcement 알림 8-8', 8, 1);
INSERT INTO notification(type, message, user_id, is_read) VALUES ('comment', 'comment 알림 8-9', 8, 0);
INSERT INTO notification(type, message, user_id, is_read) VALUES ('qna', 'qna 알림 8-10', 8, 1);
INSERT INTO notification(type, message, user_id, is_read) VALUES ('follow', 'follow 알림 9-1', 9, 0);
INSERT INTO notification(type, message, user_id, is_read) VALUES ('follow', 'follow 알림 9-2', 9, 0);
INSERT INTO notification(type, message, user_id, is_read) VALUES ('playlist', 'playlist 알림 9-3', 9, 1);
INSERT INTO notification(type, message, user_id, is_read) VALUES ('qna', 'qna 알림 9-4', 9, 0);
INSERT INTO notification(type, message, user_id, is_read) VALUES ('playlist', 'playlist 알림 9-5', 9, 1);
INSERT INTO notification(type, message, user_id, is_read) VALUES ('playlist', 'playlist 알림 9-6', 9, 0);
INSERT INTO notification(type, message, user_id, is_read) VALUES ('comment', 'comment 알림 9-7', 9, 0);
INSERT INTO notification(type, message, user_id, is_read) VALUES ('system', 'system 알림 9-8', 9, 1);
INSERT INTO notification(type, message, user_id, is_read) VALUES ('comment', 'comment 알림 9-9', 9, 0);
INSERT INTO notification(type, message, user_id, is_read) VALUES ('reply', 'reply 알림 9-10', 9, 1);
INSERT INTO notification(type, message, user_id, is_read) VALUES ('mention', 'mention 알림 10-1', 10, 0);
INSERT INTO notification(type, message, user_id, is_read) VALUES ('reply', 'reply 알림 10-2', 10, 0);
INSERT INTO notification(type, message, user_id, is_read) VALUES ('qna', 'qna 알림 10-3', 10, 0);
INSERT INTO notification(type, message, user_id, is_read) VALUES ('system', 'system 알림 10-4', 10, 1);
INSERT INTO notification(type, message, user_id, is_read) VALUES ('follow', 'follow 알림 10-5', 10, 1);
INSERT INTO notification(type, message, user_id, is_read) VALUES ('playlist', 'playlist 알림 10-6', 10, 0);
INSERT INTO notification(type, message, user_id, is_read) VALUES ('qna', 'qna 알림 10-7', 10, 1);
INSERT INTO notification(type, message, user_id, is_read) VALUES ('qna', 'qna 알림 10-8', 10, 1);
INSERT INTO notification(type, message, user_id, is_read) VALUES ('badge', 'badge 알림 10-9', 10, 0);
INSERT INTO notification(type, message, user_id, is_read) VALUES ('mention', 'mention 알림 10-10', 10, 1);
INSERT INTO notification(type, message, user_id, is_read) VALUES ('announcement', 'announcement 알림 11-1', 11, 0);
INSERT INTO notification(type, message, user_id, is_read) VALUES ('mention', 'mention 알림 11-2', 11, 1);
INSERT INTO notification(type, message, user_id, is_read) VALUES ('like', 'like 알림 11-3', 11, 0);
INSERT INTO notification(type, message, user_id, is_read) VALUES ('announcement', 'announcement 알림 11-4', 11, 1);
INSERT INTO notification(type, message, user_id, is_read) VALUES ('comment', 'comment 알림 11-5', 11, 1);
INSERT INTO notification(type, message, user_id, is_read) VALUES ('follow', 'follow 알림 11-6', 11, 1);
INSERT INTO notification(type, message, user_id, is_read) VALUES ('follow', 'follow 알림 11-7', 11, 1);
INSERT INTO notification(type, message, user_id, is_read) VALUES ('mention', 'mention 알림 11-8', 11, 1);
INSERT INTO notification(type, message, user_id, is_read) VALUES ('like', 'like 알림 11-9', 11, 1);
INSERT INTO notification(type, message, user_id, is_read) VALUES ('follow', 'follow 알림 11-10', 11, 0);
INSERT INTO notification(type, message, user_id, is_read) VALUES ('playlist', 'playlist 알림 12-1', 12, 1);
INSERT INTO notification(type, message, user_id, is_read) VALUES ('badge', 'badge 알림 12-2', 12, 1);
INSERT INTO notification(type, message, user_id, is_read) VALUES ('qna', 'qna 알림 12-3', 12, 0);
INSERT INTO notification(type, message, user_id, is_read) VALUES ('mention', 'mention 알림 12-4', 12, 1);
INSERT INTO notification(type, message, user_id, is_read) VALUES ('badge', 'badge 알림 12-5', 12, 0);
INSERT INTO notification(type, message, user_id, is_read) VALUES ('system', 'system 알림 12-6', 12, 1);
INSERT INTO notification(type, message, user_id, is_read) VALUES ('reply', 'reply 알림 12-7', 12, 1);
INSERT INTO notification(type, message, user_id, is_read) VALUES ('playlist', 'playlist 알림 12-8', 12, 1);
INSERT INTO notification(type, message, user_id, is_read) VALUES ('follow', 'follow 알림 12-9', 12, 1);
INSERT INTO notification(type, message, user_id, is_read) VALUES ('comment', 'comment 알림 12-10', 12, 1);
INSERT INTO notification(type, message, user_id, is_read) VALUES ('system', 'system 알림 13-1', 13, 0);
INSERT INTO notification(type, message, user_id, is_read) VALUES ('follow', 'follow 알림 13-2', 13, 0);
INSERT INTO notification(type, message, user_id, is_read) VALUES ('announcement', 'announcement 알림 13-3', 13, 0);
INSERT INTO notification(type, message, user_id, is_read) VALUES ('mention', 'mention 알림 13-4', 13, 0);
INSERT INTO notification(type, message, user_id, is_read) VALUES ('qna', 'qna 알림 13-5', 13, 1);
INSERT INTO notification(type, message, user_id, is_read) VALUES ('follow', 'follow 알림 13-6', 13, 1);
INSERT INTO notification(type, message, user_id, is_read) VALUES ('badge', 'badge 알림 13-7', 13, 1);
INSERT INTO notification(type, message, user_id, is_read) VALUES ('announcement', 'announcement 알림 13-8', 13, 0);
INSERT INTO notification(type, message, user_id, is_read) VALUES ('system', 'system 알림 13-9', 13, 0);
INSERT INTO notification(type, message, user_id, is_read) VALUES ('mention', 'mention 알림 13-10', 13, 1);
INSERT INTO notification(type, message, user_id, is_read) VALUES ('mention', 'mention 알림 14-1', 14, 1);
INSERT INTO notification(type, message, user_id, is_read) VALUES ('badge', 'badge 알림 14-2', 14, 0);
INSERT INTO notification(type, message, user_id, is_read) VALUES ('badge', 'badge 알림 14-3', 14, 0);
INSERT INTO notification(type, message, user_id, is_read) VALUES ('system', 'system 알림 14-4', 14, 1);
INSERT INTO notification(type, message, user_id, is_read) VALUES ('like', 'like 알림 14-5', 14, 0);
INSERT INTO notification(type, message, user_id, is_read) VALUES ('system', 'system 알림 14-6', 14, 1);
INSERT INTO notification(type, message, user_id, is_read) VALUES ('system', 'system 알림 14-7', 14, 1);
INSERT INTO notification(type, message, user_id, is_read) VALUES ('system', 'system 알림 14-8', 14, 0);
INSERT INTO notification(type, message, user_id, is_read) VALUES ('playlist', 'playlist 알림 14-9', 14, 1);
INSERT INTO notification(type, message, user_id, is_read) VALUES ('comment', 'comment 알림 14-10', 14, 0);
INSERT INTO notification(type, message, user_id, is_read) VALUES ('announcement', 'announcement 알림 15-1', 15, 0);
INSERT INTO notification(type, message, user_id, is_read) VALUES ('mention', 'mention 알림 15-2', 15, 1);
INSERT INTO notification(type, message, user_id, is_read) VALUES ('reply', 'reply 알림 15-3', 15, 1);
INSERT INTO notification(type, message, user_id, is_read) VALUES ('playlist', 'playlist 알림 15-4', 15, 1);
INSERT INTO notification(type, message, user_id, is_read) VALUES ('system', 'system 알림 15-5', 15, 1);
INSERT INTO notification(type, message, user_id, is_read) VALUES ('comment', 'comment 알림 15-6', 15, 1);
INSERT INTO notification(type, message, user_id, is_read) VALUES ('announcement', 'announcement 알림 15-7', 15, 0);
INSERT INTO notification(type, message, user_id, is_read) VALUES ('announcement', 'announcement 알림 15-8', 15, 0);
INSERT INTO notification(type, message, user_id, is_read) VALUES ('announcement', 'announcement 알림 15-9', 15, 0);
INSERT INTO notification(type, message, user_id, is_read) VALUES ('comment', 'comment 알림 15-10', 15, 1);
INSERT INTO notification(type, message, user_id, is_read) VALUES ('follow', 'follow 알림 16-1', 16, 0);
INSERT INTO notification(type, message, user_id, is_read) VALUES ('comment', 'comment 알림 16-2', 16, 1);
INSERT INTO notification(type, message, user_id, is_read) VALUES ('qna', 'qna 알림 16-3', 16, 0);
INSERT INTO notification(type, message, user_id, is_read) VALUES ('mention', 'mention 알림 16-4', 16, 0);
INSERT INTO notification(type, message, user_id, is_read) VALUES ('comment', 'comment 알림 16-5', 16, 1);
INSERT INTO notification(type, message, user_id, is_read) VALUES ('qna', 'qna 알림 16-6', 16, 1);
INSERT INTO notification(type, message, user_id, is_read) VALUES ('playlist', 'playlist 알림 16-7', 16, 0);
INSERT INTO notification(type, message, user_id, is_read) VALUES ('reply', 'reply 알림 16-8', 16, 0);
INSERT INTO notification(type, message, user_id, is_read) VALUES ('mention', 'mention 알림 16-9', 16, 0);
INSERT INTO notification(type, message, user_id, is_read) VALUES ('announcement', 'announcement 알림 16-10', 16, 0);
INSERT INTO notification(type, message, user_id, is_read) VALUES ('announcement', 'announcement 알림 17-1', 17, 1);
INSERT INTO notification(type, message, user_id, is_read) VALUES ('system', 'system 알림 17-2', 17, 0);
INSERT INTO notification(type, message, user_id, is_read) VALUES ('mention', 'mention 알림 17-3', 17, 0);
INSERT INTO notification(type, message, user_id, is_read) VALUES ('mention', 'mention 알림 17-4', 17, 1);
INSERT INTO notification(type, message, user_id, is_read) VALUES ('like', 'like 알림 17-5', 17, 1);
INSERT INTO notification(type, message, user_id, is_read) VALUES ('qna', 'qna 알림 17-6', 17, 0);
INSERT INTO notification(type, message, user_id, is_read) VALUES ('comment', 'comment 알림 17-7', 17, 1);
INSERT INTO notification(type, message, user_id, is_read) VALUES ('reply', 'reply 알림 17-8', 17, 1);
INSERT INTO notification(type, message, user_id, is_read) VALUES ('qna', 'qna 알림 17-9', 17, 1);
INSERT INTO notification(type, message, user_id, is_read) VALUES ('mention', 'mention 알림 17-10', 17, 0);
INSERT INTO notification(type, message, user_id, is_read) VALUES ('playlist', 'playlist 알림 18-1', 18, 0);
INSERT INTO notification(type, message, user_id, is_read) VALUES ('reply', 'reply 알림 18-2', 18, 0);
INSERT INTO notification(type, message, user_id, is_read) VALUES ('playlist', 'playlist 알림 18-3', 18, 0);
INSERT INTO notification(type, message, user_id, is_read) VALUES ('playlist', 'playlist 알림 18-4', 18, 1);
INSERT INTO notification(type, message, user_id, is_read) VALUES ('reply', 'reply 알림 18-5', 18, 0);
INSERT INTO notification(type, message, user_id, is_read) VALUES ('playlist', 'playlist 알림 18-6', 18, 1);
INSERT INTO notification(type, message, user_id, is_read) VALUES ('playlist', 'playlist 알림 18-7', 18, 1);
INSERT INTO notification(type, message, user_id, is_read) VALUES ('mention', 'mention 알림 18-8', 18, 0);
INSERT INTO notification(type, message, user_id, is_read) VALUES ('mention', 'mention 알림 18-9', 18, 0);
INSERT INTO notification(type, message, user_id, is_read) VALUES ('reply', 'reply 알림 18-10', 18, 1);
INSERT INTO notification(type, message, user_id, is_read) VALUES ('reply', 'reply 알림 19-1', 19, 0);
INSERT INTO notification(type, message, user_id, is_read) VALUES ('qna', 'qna 알림 19-2', 19, 0);
INSERT INTO notification(type, message, user_id, is_read) VALUES ('like', 'like 알림 19-3', 19, 0);
INSERT INTO notification(type, message, user_id, is_read) VALUES ('badge', 'badge 알림 19-4', 19, 1);
INSERT INTO notification(type, message, user_id, is_read) VALUES ('playlist', 'playlist 알림 19-5', 19, 1);
INSERT INTO notification(type, message, user_id, is_read) VALUES ('badge', 'badge 알림 19-6', 19, 0);
INSERT INTO notification(type, message, user_id, is_read) VALUES ('like', 'like 알림 19-7', 19, 1);
INSERT INTO notification(type, message, user_id, is_read) VALUES ('qna', 'qna 알림 19-8', 19, 0);
INSERT INTO notification(type, message, user_id, is_read) VALUES ('badge', 'badge 알림 19-9', 19, 1);
INSERT INTO notification(type, message, user_id, is_read) VALUES ('follow', 'follow 알림 19-10', 19, 0);
INSERT INTO notification(type, message, user_id, is_read) VALUES ('badge', 'badge 알림 20-1', 20, 0);
INSERT INTO notification(type, message, user_id, is_read) VALUES ('reply', 'reply 알림 20-2', 20, 0);
INSERT INTO notification(type, message, user_id, is_read) VALUES ('mention', 'mention 알림 20-3', 20, 1);
INSERT INTO notification(type, message, user_id, is_read) VALUES ('like', 'like 알림 20-4', 20, 0);
INSERT INTO notification(type, message, user_id, is_read) VALUES ('qna', 'qna 알림 20-5', 20, 0);
INSERT INTO notification(type, message, user_id, is_read) VALUES ('follow', 'follow 알림 20-6', 20, 0);
INSERT INTO notification(type, message, user_id, is_read) VALUES ('badge', 'badge 알림 20-7', 20, 1);
INSERT INTO notification(type, message, user_id, is_read) VALUES ('follow', 'follow 알림 20-8', 20, 1);
INSERT INTO notification(type, message, user_id, is_read) VALUES ('announcement', 'announcement 알림 20-9', 20, 0);
INSERT INTO notification(type, message, user_id, is_read) VALUES ('playlist', 'playlist 알림 20-10', 20, 1);
INSERT INTO notification(type, message, user_id, is_read) VALUES ('qna', 'qna 알림 21-1', 21, 1);
INSERT INTO notification(type, message, user_id, is_read) VALUES ('mention', 'mention 알림 21-2', 21, 1);
INSERT INTO notification(type, message, user_id, is_read) VALUES ('qna', 'qna 알림 21-3', 21, 0);
INSERT INTO notification(type, message, user_id, is_read) VALUES ('playlist', 'playlist 알림 21-4', 21, 1);
INSERT INTO notification(type, message, user_id, is_read) VALUES ('playlist', 'playlist 알림 21-5', 21, 0);
INSERT INTO notification(type, message, user_id, is_read) VALUES ('badge', 'badge 알림 21-6', 21, 0);
INSERT INTO notification(type, message, user_id, is_read) VALUES ('playlist', 'playlist 알림 21-7', 21, 0);
INSERT INTO notification(type, message, user_id, is_read) VALUES ('system', 'system 알림 21-8', 21, 0);
INSERT INTO notification(type, message, user_id, is_read) VALUES ('announcement', 'announcement 알림 21-9', 21, 1);
INSERT INTO notification(type, message, user_id, is_read) VALUES ('comment', 'comment 알림 21-10', 21, 1);
INSERT INTO notification(type, message, user_id, is_read) VALUES ('qna', 'qna 알림 22-1', 22, 1);
INSERT INTO notification(type, message, user_id, is_read) VALUES ('comment', 'comment 알림 22-2', 22, 0);
INSERT INTO notification(type, message, user_id, is_read) VALUES ('badge', 'badge 알림 22-3', 22, 1);
INSERT INTO notification(type, message, user_id, is_read) VALUES ('follow', 'follow 알림 22-4', 22, 1);
INSERT INTO notification(type, message, user_id, is_read) VALUES ('reply', 'reply 알림 22-5', 22, 0);
INSERT INTO notification(type, message, user_id, is_read) VALUES ('playlist', 'playlist 알림 22-6', 22, 0);
INSERT INTO notification(type, message, user_id, is_read) VALUES ('system', 'system 알림 22-7', 22, 1);
INSERT INTO notification(type, message, user_id, is_read) VALUES ('badge', 'badge 알림 22-8', 22, 0);
INSERT INTO notification(type, message, user_id, is_read) VALUES ('badge', 'badge 알림 22-9', 22, 0);
INSERT INTO notification(type, message, user_id, is_read) VALUES ('comment', 'comment 알림 22-10', 22, 1);
INSERT INTO notification(type, message, user_id, is_read) VALUES ('qna', 'qna 알림 23-1', 23, 1);
INSERT INTO notification(type, message, user_id, is_read) VALUES ('reply', 'reply 알림 23-2', 23, 0);
INSERT INTO notification(type, message, user_id, is_read) VALUES ('like', 'like 알림 23-3', 23, 1);
INSERT INTO notification(type, message, user_id, is_read) VALUES ('playlist', 'playlist 알림 23-4', 23, 0);
INSERT INTO notification(type, message, user_id, is_read) VALUES ('mention', 'mention 알림 23-5', 23, 1);
INSERT INTO notification(type, message, user_id, is_read) VALUES ('like', 'like 알림 23-6', 23, 0);
INSERT INTO notification(type, message, user_id, is_read) VALUES ('comment', 'comment 알림 23-7', 23, 0);
INSERT INTO notification(type, message, user_id, is_read) VALUES ('playlist', 'playlist 알림 23-8', 23, 0);
INSERT INTO notification(type, message, user_id, is_read) VALUES ('qna', 'qna 알림 23-9', 23, 0);
INSERT INTO notification(type, message, user_id, is_read) VALUES ('follow', 'follow 알림 23-10', 23, 0);
INSERT INTO notification(type, message, user_id, is_read) VALUES ('badge', 'badge 알림 24-1', 24, 1);
INSERT INTO notification(type, message, user_id, is_read) VALUES ('mention', 'mention 알림 24-2', 24, 0);
INSERT INTO notification(type, message, user_id, is_read) VALUES ('announcement', 'announcement 알림 24-3', 24, 1);
INSERT INTO notification(type, message, user_id, is_read) VALUES ('mention', 'mention 알림 24-4', 24, 1);
INSERT INTO notification(type, message, user_id, is_read) VALUES ('announcement', 'announcement 알림 24-5', 24, 1);
INSERT INTO notification(type, message, user_id, is_read) VALUES ('playlist', 'playlist 알림 24-6', 24, 0);
INSERT INTO notification(type, message, user_id, is_read) VALUES ('mention', 'mention 알림 24-7', 24, 0);
INSERT INTO notification(type, message, user_id, is_read) VALUES ('announcement', 'announcement 알림 24-8', 24, 1);
INSERT INTO notification(type, message, user_id, is_read) VALUES ('comment', 'comment 알림 24-9', 24, 0);
INSERT INTO notification(type, message, user_id, is_read) VALUES ('comment', 'comment 알림 24-10', 24, 1);
INSERT INTO notification(type, message, user_id, is_read) VALUES ('playlist', 'playlist 알림 25-1', 25, 1);
INSERT INTO notification(type, message, user_id, is_read) VALUES ('mention', 'mention 알림 25-2', 25, 0);
INSERT INTO notification(type, message, user_id, is_read) VALUES ('qna', 'qna 알림 25-3', 25, 1);
INSERT INTO notification(type, message, user_id, is_read) VALUES ('reply', 'reply 알림 25-4', 25, 0);
INSERT INTO notification(type, message, user_id, is_read) VALUES ('system', 'system 알림 25-5', 25, 0);
INSERT INTO notification(type, message, user_id, is_read) VALUES ('reply', 'reply 알림 25-6', 25, 0);
INSERT INTO notification(type, message, user_id, is_read) VALUES ('follow', 'follow 알림 25-7', 25, 1);
INSERT INTO notification(type, message, user_id, is_read) VALUES ('playlist', 'playlist 알림 25-8', 25, 0);
INSERT INTO notification(type, message, user_id, is_read) VALUES ('playlist', 'playlist 알림 25-9', 25, 0);
INSERT INTO notification(type, message, user_id, is_read) VALUES ('badge', 'badge 알림 25-10', 25, 0);
INSERT INTO notification(type, message, user_id, is_read) VALUES ('playlist', 'playlist 알림 26-1', 26, 1);
INSERT INTO notification(type, message, user_id, is_read) VALUES ('follow', 'follow 알림 26-2', 26, 0);
INSERT INTO notification(type, message, user_id, is_read) VALUES ('announcement', 'announcement 알림 26-3', 26, 0);
INSERT INTO notification(type, message, user_id, is_read) VALUES ('playlist', 'playlist 알림 26-4', 26, 1);
INSERT INTO notification(type, message, user_id, is_read) VALUES ('follow', 'follow 알림 26-5', 26, 0);
INSERT INTO notification(type, message, user_id, is_read) VALUES ('mention', 'mention 알림 26-6', 26, 1);
INSERT INTO notification(type, message, user_id, is_read) VALUES ('badge', 'badge 알림 26-7', 26, 0);
INSERT INTO notification(type, message, user_id, is_read) VALUES ('mention', 'mention 알림 26-8', 26, 1);
INSERT INTO notification(type, message, user_id, is_read) VALUES ('comment', 'comment 알림 26-9', 26, 1);
INSERT INTO notification(type, message, user_id, is_read) VALUES ('system', 'system 알림 26-10', 26, 1);
INSERT INTO notification(type, message, user_id, is_read) VALUES ('comment', 'comment 알림 27-1', 27, 0);
INSERT INTO notification(type, message, user_id, is_read) VALUES ('follow', 'follow 알림 27-2', 27, 0);
INSERT INTO notification(type, message, user_id, is_read) VALUES ('qna', 'qna 알림 27-3', 27, 0);
INSERT INTO notification(type, message, user_id, is_read) VALUES ('qna', 'qna 알림 27-4', 27, 1);
INSERT INTO notification(type, message, user_id, is_read) VALUES ('reply', 'reply 알림 27-5', 27, 0);
INSERT INTO notification(type, message, user_id, is_read) VALUES ('system', 'system 알림 27-6', 27, 1);
INSERT INTO notification(type, message, user_id, is_read) VALUES ('badge', 'badge 알림 27-7', 27, 0);
INSERT INTO notification(type, message, user_id, is_read) VALUES ('playlist', 'playlist 알림 27-8', 27, 0);
INSERT INTO notification(type, message, user_id, is_read) VALUES ('qna', 'qna 알림 27-9', 27, 1);
INSERT INTO notification(type, message, user_id, is_read) VALUES ('qna', 'qna 알림 27-10', 27, 0);
INSERT INTO notification(type, message, user_id, is_read) VALUES ('system', 'system 알림 28-1', 28, 0);
INSERT INTO notification(type, message, user_id, is_read) VALUES ('comment', 'comment 알림 28-2', 28, 0);
INSERT INTO notification(type, message, user_id, is_read) VALUES ('comment', 'comment 알림 28-3', 28, 1);
INSERT INTO notification(type, message, user_id, is_read) VALUES ('mention', 'mention 알림 28-4', 28, 0);
INSERT INTO notification(type, message, user_id, is_read) VALUES ('system', 'system 알림 28-5', 28, 0);
INSERT INTO notification(type, message, user_id, is_read) VALUES ('like', 'like 알림 28-6', 28, 0);
INSERT INTO notification(type, message, user_id, is_read) VALUES ('system', 'system 알림 28-7', 28, 1);
INSERT INTO notification(type, message, user_id, is_read) VALUES ('badge', 'badge 알림 28-8', 28, 0);
INSERT INTO notification(type, message, user_id, is_read) VALUES ('mention', 'mention 알림 28-9', 28, 0);
INSERT INTO notification(type, message, user_id, is_read) VALUES ('follow', 'follow 알림 28-10', 28, 0);
INSERT INTO notification(type, message, user_id, is_read) VALUES ('comment', 'comment 알림 29-1', 29, 1);
INSERT INTO notification(type, message, user_id, is_read) VALUES ('qna', 'qna 알림 29-2', 29, 1);
INSERT INTO notification(type, message, user_id, is_read) VALUES ('reply', 'reply 알림 29-3', 29, 0);
INSERT INTO notification(type, message, user_id, is_read) VALUES ('announcement', 'announcement 알림 29-4', 29, 0);
INSERT INTO notification(type, message, user_id, is_read) VALUES ('qna', 'qna 알림 29-5', 29, 0);
INSERT INTO notification(type, message, user_id, is_read) VALUES ('system', 'system 알림 29-6', 29, 0);
INSERT INTO notification(type, message, user_id, is_read) VALUES ('mention', 'mention 알림 29-7', 29, 1);
INSERT INTO notification(type, message, user_id, is_read) VALUES ('announcement', 'announcement 알림 29-8', 29, 1);
INSERT INTO notification(type, message, user_id, is_read) VALUES ('like', 'like 알림 29-9', 29, 1);
INSERT INTO notification(type, message, user_id, is_read) VALUES ('playlist', 'playlist 알림 29-10', 29, 0);
INSERT INTO notification(type, message, user_id, is_read) VALUES ('mention', 'mention 알림 30-1', 30, 1);
INSERT INTO notification(type, message, user_id, is_read) VALUES ('playlist', 'playlist 알림 30-2', 30, 1);
INSERT INTO notification(type, message, user_id, is_read) VALUES ('comment', 'comment 알림 30-3', 30, 1);
INSERT INTO notification(type, message, user_id, is_read) VALUES ('like', 'like 알림 30-4', 30, 1);
INSERT INTO notification(type, message, user_id, is_read) VALUES ('qna', 'qna 알림 30-5', 30, 1);
INSERT INTO notification(type, message, user_id, is_read) VALUES ('announcement', 'announcement 알림 30-6', 30, 1);
INSERT INTO notification(type, message, user_id, is_read) VALUES ('announcement', 'announcement 알림 30-7', 30, 1);
INSERT INTO notification(type, message, user_id, is_read) VALUES ('qna', 'qna 알림 30-8', 30, 0);
INSERT INTO notification(type, message, user_id, is_read) VALUES ('announcement', 'announcement 알림 30-9', 30, 0);
INSERT INTO notification(type, message, user_id, is_read) VALUES ('qna', 'qna 알림 30-10', 30, 1);
INSERT INTO notification(type, message, user_id, is_read) VALUES ('system', 'system 알림 31-1', 31, 0);
INSERT INTO notification(type, message, user_id, is_read) VALUES ('qna', 'qna 알림 31-2', 31, 1);
INSERT INTO notification(type, message, user_id, is_read) VALUES ('reply', 'reply 알림 31-3', 31, 0);
INSERT INTO notification(type, message, user_id, is_read) VALUES ('announcement', 'announcement 알림 31-4', 31, 1);
INSERT INTO notification(type, message, user_id, is_read) VALUES ('reply', 'reply 알림 31-5', 31, 1);
INSERT INTO notification(type, message, user_id, is_read) VALUES ('badge', 'badge 알림 31-6', 31, 0);
INSERT INTO notification(type, message, user_id, is_read) VALUES ('comment', 'comment 알림 31-7', 31, 1);
INSERT INTO notification(type, message, user_id, is_read) VALUES ('comment', 'comment 알림 31-8', 31, 0);
INSERT INTO notification(type, message, user_id, is_read) VALUES ('playlist', 'playlist 알림 31-9', 31, 1);
INSERT INTO notification(type, message, user_id, is_read) VALUES ('follow', 'follow 알림 31-10', 31, 0);
INSERT INTO notification(type, message, user_id, is_read) VALUES ('follow', 'follow 알림 32-1', 32, 1);
INSERT INTO notification(type, message, user_id, is_read) VALUES ('badge', 'badge 알림 32-2', 32, 1);
INSERT INTO notification(type, message, user_id, is_read) VALUES ('reply', 'reply 알림 32-3', 32, 1);
INSERT INTO notification(type, message, user_id, is_read) VALUES ('comment', 'comment 알림 32-4', 32, 0);
INSERT INTO notification(type, message, user_id, is_read) VALUES ('like', 'like 알림 32-5', 32, 0);
INSERT INTO notification(type, message, user_id, is_read) VALUES ('mention', 'mention 알림 32-6', 32, 0);
INSERT INTO notification(type, message, user_id, is_read) VALUES ('announcement', 'announcement 알림 32-7', 32, 0);
INSERT INTO notification(type, message, user_id, is_read) VALUES ('mention', 'mention 알림 32-8', 32, 1);
INSERT INTO notification(type, message, user_id, is_read) VALUES ('playlist', 'playlist 알림 32-9', 32, 0);
INSERT INTO notification(type, message, user_id, is_read) VALUES ('playlist', 'playlist 알림 32-10', 32, 1);
INSERT INTO notification(type, message, user_id, is_read) VALUES ('mention', 'mention 알림 33-1', 33, 0);
INSERT INTO notification(type, message, user_id, is_read) VALUES ('like', 'like 알림 33-2', 33, 1);
INSERT INTO notification(type, message, user_id, is_read) VALUES ('reply', 'reply 알림 33-3', 33, 0);
INSERT INTO notification(type, message, user_id, is_read) VALUES ('announcement', 'announcement 알림 33-4', 33, 1);
INSERT INTO notification(type, message, user_id, is_read) VALUES ('system', 'system 알림 33-5', 33, 0);
INSERT INTO notification(type, message, user_id, is_read) VALUES ('follow', 'follow 알림 33-6', 33, 0);
INSERT INTO notification(type, message, user_id, is_read) VALUES ('system', 'system 알림 33-7', 33, 0);
INSERT INTO notification(type, message, user_id, is_read) VALUES ('comment', 'comment 알림 33-8', 33, 1);
INSERT INTO notification(type, message, user_id, is_read) VALUES ('announcement', 'announcement 알림 33-9', 33, 1);
INSERT INTO notification(type, message, user_id, is_read) VALUES ('playlist', 'playlist 알림 33-10', 33, 1);
INSERT INTO notification(type, message, user_id, is_read) VALUES ('announcement', 'announcement 알림 34-1', 34, 1);
INSERT INTO notification(type, message, user_id, is_read) VALUES ('comment', 'comment 알림 34-2', 34, 1);
INSERT INTO notification(type, message, user_id, is_read) VALUES ('comment', 'comment 알림 34-3', 34, 0);
INSERT INTO notification(type, message, user_id, is_read) VALUES ('announcement', 'announcement 알림 34-4', 34, 1);
INSERT INTO notification(type, message, user_id, is_read) VALUES ('badge', 'badge 알림 34-5', 34, 0);
INSERT INTO notification(type, message, user_id, is_read) VALUES ('comment', 'comment 알림 34-6', 34, 1);
INSERT INTO notification(type, message, user_id, is_read) VALUES ('reply', 'reply 알림 34-7', 34, 0);
INSERT INTO notification(type, message, user_id, is_read) VALUES ('follow', 'follow 알림 34-8', 34, 0);
INSERT INTO notification(type, message, user_id, is_read) VALUES ('comment', 'comment 알림 34-9', 34, 0);
INSERT INTO notification(type, message, user_id, is_read) VALUES ('reply', 'reply 알림 34-10', 34, 0);
INSERT INTO notification(type, message, user_id, is_read) VALUES ('comment', 'comment 알림 35-1', 35, 1);
INSERT INTO notification(type, message, user_id, is_read) VALUES ('playlist', 'playlist 알림 35-2', 35, 1);
INSERT INTO notification(type, message, user_id, is_read) VALUES ('badge', 'badge 알림 35-3', 35, 1);
INSERT INTO notification(type, message, user_id, is_read) VALUES ('system', 'system 알림 35-4', 35, 1);
INSERT INTO notification(type, message, user_id, is_read) VALUES ('follow', 'follow 알림 35-5', 35, 1);
INSERT INTO notification(type, message, user_id, is_read) VALUES ('playlist', 'playlist 알림 35-6', 35, 1);
INSERT INTO notification(type, message, user_id, is_read) VALUES ('announcement', 'announcement 알림 35-7', 35, 1);
INSERT INTO notification(type, message, user_id, is_read) VALUES ('playlist', 'playlist 알림 35-8', 35, 0);
INSERT INTO notification(type, message, user_id, is_read) VALUES ('like', 'like 알림 35-9', 35, 1);
INSERT INTO notification(type, message, user_id, is_read) VALUES ('like', 'like 알림 35-10', 35, 1);
INSERT INTO notification(type, message, user_id, is_read) VALUES ('badge', 'badge 알림 36-1', 36, 1);
INSERT INTO notification(type, message, user_id, is_read) VALUES ('like', 'like 알림 36-2', 36, 1);
INSERT INTO notification(type, message, user_id, is_read) VALUES ('announcement', 'announcement 알림 36-3', 36, 0);
INSERT INTO notification(type, message, user_id, is_read) VALUES ('playlist', 'playlist 알림 36-4', 36, 1);
INSERT INTO notification(type, message, user_id, is_read) VALUES ('qna', 'qna 알림 36-5', 36, 1);
INSERT INTO notification(type, message, user_id, is_read) VALUES ('badge', 'badge 알림 36-6', 36, 1);
INSERT INTO notification(type, message, user_id, is_read) VALUES ('qna', 'qna 알림 36-7', 36, 0);
INSERT INTO notification(type, message, user_id, is_read) VALUES ('playlist', 'playlist 알림 36-8', 36, 0);
INSERT INTO notification(type, message, user_id, is_read) VALUES ('reply', 'reply 알림 36-9', 36, 0);
INSERT INTO notification(type, message, user_id, is_read) VALUES ('badge', 'badge 알림 36-10', 36, 0);
INSERT INTO notification(type, message, user_id, is_read) VALUES ('playlist', 'playlist 알림 37-1', 37, 0);
INSERT INTO notification(type, message, user_id, is_read) VALUES ('comment', 'comment 알림 37-2', 37, 0);
INSERT INTO notification(type, message, user_id, is_read) VALUES ('badge', 'badge 알림 37-3', 37, 0);
INSERT INTO notification(type, message, user_id, is_read) VALUES ('badge', 'badge 알림 37-4', 37, 0);
INSERT INTO notification(type, message, user_id, is_read) VALUES ('system', 'system 알림 37-5', 37, 0);
INSERT INTO notification(type, message, user_id, is_read) VALUES ('badge', 'badge 알림 37-6', 37, 0);
INSERT INTO notification(type, message, user_id, is_read) VALUES ('badge', 'badge 알림 37-7', 37, 0);
INSERT INTO notification(type, message, user_id, is_read) VALUES ('like', 'like 알림 37-8', 37, 1);
INSERT INTO notification(type, message, user_id, is_read) VALUES ('badge', 'badge 알림 37-9', 37, 0);
INSERT INTO notification(type, message, user_id, is_read) VALUES ('reply', 'reply 알림 37-10', 37, 0);
INSERT INTO notification(type, message, user_id, is_read) VALUES ('qna', 'qna 알림 38-1', 38, 1);
INSERT INTO notification(type, message, user_id, is_read) VALUES ('reply', 'reply 알림 38-2', 38, 1);
INSERT INTO notification(type, message, user_id, is_read) VALUES ('announcement', 'announcement 알림 38-3', 38, 0);
INSERT INTO notification(type, message, user_id, is_read) VALUES ('announcement', 'announcement 알림 38-4', 38, 1);
INSERT INTO notification(type, message, user_id, is_read) VALUES ('announcement', 'announcement 알림 38-5', 38, 1);
INSERT INTO notification(type, message, user_id, is_read) VALUES ('system', 'system 알림 38-6', 38, 0);
INSERT INTO notification(type, message, user_id, is_read) VALUES ('announcement', 'announcement 알림 38-7', 38, 1);
INSERT INTO notification(type, message, user_id, is_read) VALUES ('follow', 'follow 알림 38-8', 38, 1);
INSERT INTO notification(type, message, user_id, is_read) VALUES ('reply', 'reply 알림 38-9', 38, 0);
INSERT INTO notification(type, message, user_id, is_read) VALUES ('system', 'system 알림 38-10', 38, 1);
INSERT INTO notification(type, message, user_id, is_read) VALUES ('follow', 'follow 알림 39-1', 39, 0);
INSERT INTO notification(type, message, user_id, is_read) VALUES ('qna', 'qna 알림 39-2', 39, 1);
INSERT INTO notification(type, message, user_id, is_read) VALUES ('mention', 'mention 알림 39-3', 39, 0);
INSERT INTO notification(type, message, user_id, is_read) VALUES ('announcement', 'announcement 알림 39-4', 39, 0);
INSERT INTO notification(type, message, user_id, is_read) VALUES ('badge', 'badge 알림 39-5', 39, 1);
INSERT INTO notification(type, message, user_id, is_read) VALUES ('like', 'like 알림 39-6', 39, 1);
INSERT INTO notification(type, message, user_id, is_read) VALUES ('qna', 'qna 알림 39-7', 39, 1);
INSERT INTO notification(type, message, user_id, is_read) VALUES ('follow', 'follow 알림 39-8', 39, 1);
INSERT INTO notification(type, message, user_id, is_read) VALUES ('like', 'like 알림 39-9', 39, 1);
INSERT INTO notification(type, message, user_id, is_read) VALUES ('system', 'system 알림 39-10', 39, 1);
INSERT INTO notification(type, message, user_id, is_read) VALUES ('badge', 'badge 알림 40-1', 40, 1);
INSERT INTO notification(type, message, user_id, is_read) VALUES ('system', 'system 알림 40-2', 40, 1);
INSERT INTO notification(type, message, user_id, is_read) VALUES ('comment', 'comment 알림 40-3', 40, 0);
INSERT INTO notification(type, message, user_id, is_read) VALUES ('reply', 'reply 알림 40-4', 40, 0);
INSERT INTO notification(type, message, user_id, is_read) VALUES ('reply', 'reply 알림 40-5', 40, 1);
INSERT INTO notification(type, message, user_id, is_read) VALUES ('follow', 'follow 알림 40-6', 40, 0);
INSERT INTO notification(type, message, user_id, is_read) VALUES ('qna', 'qna 알림 40-7', 40, 0);
INSERT INTO notification(type, message, user_id, is_read) VALUES ('comment', 'comment 알림 40-8', 40, 0);
INSERT INTO notification(type, message, user_id, is_read) VALUES ('follow', 'follow 알림 40-9', 40, 0);
INSERT INTO notification(type, message, user_id, is_read) VALUES ('like', 'like 알림 40-10', 40, 0);
INSERT INTO notification(type, message, user_id, is_read) VALUES ('qna', 'qna 알림 41-1', 41, 1);
INSERT INTO notification(type, message, user_id, is_read) VALUES ('follow', 'follow 알림 41-2', 41, 1);
INSERT INTO notification(type, message, user_id, is_read) VALUES ('system', 'system 알림 41-3', 41, 0);
INSERT INTO notification(type, message, user_id, is_read) VALUES ('qna', 'qna 알림 41-4', 41, 1);
INSERT INTO notification(type, message, user_id, is_read) VALUES ('playlist', 'playlist 알림 41-5', 41, 0);
INSERT INTO notification(type, message, user_id, is_read) VALUES ('follow', 'follow 알림 41-6', 41, 0);
INSERT INTO notification(type, message, user_id, is_read) VALUES ('like', 'like 알림 41-7', 41, 0);
INSERT INTO notification(type, message, user_id, is_read) VALUES ('reply', 'reply 알림 41-8', 41, 0);
INSERT INTO notification(type, message, user_id, is_read) VALUES ('reply', 'reply 알림 41-9', 41, 0);
INSERT INTO notification(type, message, user_id, is_read) VALUES ('badge', 'badge 알림 41-10', 41, 1);
INSERT INTO notification(type, message, user_id, is_read) VALUES ('mention', 'mention 알림 42-1', 42, 1);
INSERT INTO notification(type, message, user_id, is_read) VALUES ('announcement', 'announcement 알림 42-2', 42, 0);
INSERT INTO notification(type, message, user_id, is_read) VALUES ('system', 'system 알림 42-3', 42, 1);
INSERT INTO notification(type, message, user_id, is_read) VALUES ('announcement', 'announcement 알림 42-4', 42, 1);
INSERT INTO notification(type, message, user_id, is_read) VALUES ('reply', 'reply 알림 42-5', 42, 1);
INSERT INTO notification(type, message, user_id, is_read) VALUES ('comment', 'comment 알림 42-6', 42, 0);
INSERT INTO notification(type, message, user_id, is_read) VALUES ('badge', 'badge 알림 42-7', 42, 0);
INSERT INTO notification(type, message, user_id, is_read) VALUES ('like', 'like 알림 42-8', 42, 0);
INSERT INTO notification(type, message, user_id, is_read) VALUES ('system', 'system 알림 42-9', 42, 0);
INSERT INTO notification(type, message, user_id, is_read) VALUES ('badge', 'badge 알림 42-10', 42, 0);
INSERT INTO notification(type, message, user_id, is_read) VALUES ('qna', 'qna 알림 43-1', 43, 1);
INSERT INTO notification(type, message, user_id, is_read) VALUES ('system', 'system 알림 43-2', 43, 1);
INSERT INTO notification(type, message, user_id, is_read) VALUES ('comment', 'comment 알림 43-3', 43, 0);
INSERT INTO notification(type, message, user_id, is_read) VALUES ('system', 'system 알림 43-4', 43, 0);
INSERT INTO notification(type, message, user_id, is_read) VALUES ('mention', 'mention 알림 43-5', 43, 0);
INSERT INTO notification(type, message, user_id, is_read) VALUES ('reply', 'reply 알림 43-6', 43, 1);
INSERT INTO notification(type, message, user_id, is_read) VALUES ('qna', 'qna 알림 43-7', 43, 1);
INSERT INTO notification(type, message, user_id, is_read) VALUES ('system', 'system 알림 43-8', 43, 0);
INSERT INTO notification(type, message, user_id, is_read) VALUES ('announcement', 'announcement 알림 43-9', 43, 0);
INSERT INTO notification(type, message, user_id, is_read) VALUES ('reply', 'reply 알림 43-10', 43, 0);
INSERT INTO notification(type, message, user_id, is_read) VALUES ('comment', 'comment 알림 44-1', 44, 1);
INSERT INTO notification(type, message, user_id, is_read) VALUES ('system', 'system 알림 44-2', 44, 0);
INSERT INTO notification(type, message, user_id, is_read) VALUES ('qna', 'qna 알림 44-3', 44, 1);
INSERT INTO notification(type, message, user_id, is_read) VALUES ('system', 'system 알림 44-4', 44, 0);
INSERT INTO notification(type, message, user_id, is_read) VALUES ('comment', 'comment 알림 44-5', 44, 1);
INSERT INTO notification(type, message, user_id, is_read) VALUES ('mention', 'mention 알림 44-6', 44, 1);
INSERT INTO notification(type, message, user_id, is_read) VALUES ('comment', 'comment 알림 44-7', 44, 1);
INSERT INTO notification(type, message, user_id, is_read) VALUES ('mention', 'mention 알림 44-8', 44, 1);
INSERT INTO notification(type, message, user_id, is_read) VALUES ('follow', 'follow 알림 44-9', 44, 0);
INSERT INTO notification(type, message, user_id, is_read) VALUES ('announcement', 'announcement 알림 44-10', 44, 0);
INSERT INTO notification(type, message, user_id, is_read) VALUES ('like', 'like 알림 45-1', 45, 1);
INSERT INTO notification(type, message, user_id, is_read) VALUES ('reply', 'reply 알림 45-2', 45, 1);
INSERT INTO notification(type, message, user_id, is_read) VALUES ('follow', 'follow 알림 45-3', 45, 1);
INSERT INTO notification(type, message, user_id, is_read) VALUES ('follow', 'follow 알림 45-4', 45, 1);
INSERT INTO notification(type, message, user_id, is_read) VALUES ('announcement', 'announcement 알림 45-5', 45, 0);
INSERT INTO notification(type, message, user_id, is_read) VALUES ('mention', 'mention 알림 45-6', 45, 1);
INSERT INTO notification(type, message, user_id, is_read) VALUES ('badge', 'badge 알림 45-7', 45, 1);
INSERT INTO notification(type, message, user_id, is_read) VALUES ('follow', 'follow 알림 45-8', 45, 0);
INSERT INTO notification(type, message, user_id, is_read) VALUES ('reply', 'reply 알림 45-9', 45, 0);
INSERT INTO notification(type, message, user_id, is_read) VALUES ('playlist', 'playlist 알림 45-10', 45, 1);
INSERT INTO notification(type, message, user_id, is_read) VALUES ('qna', 'qna 알림 46-1', 46, 0);
INSERT INTO notification(type, message, user_id, is_read) VALUES ('system', 'system 알림 46-2', 46, 1);
INSERT INTO notification(type, message, user_id, is_read) VALUES ('badge', 'badge 알림 46-3', 46, 0);
INSERT INTO notification(type, message, user_id, is_read) VALUES ('playlist', 'playlist 알림 46-4', 46, 1);
INSERT INTO notification(type, message, user_id, is_read) VALUES ('follow', 'follow 알림 46-5', 46, 0);
INSERT INTO notification(type, message, user_id, is_read) VALUES ('comment', 'comment 알림 46-6', 46, 0);
INSERT INTO notification(type, message, user_id, is_read) VALUES ('announcement', 'announcement 알림 46-7', 46, 1);
INSERT INTO notification(type, message, user_id, is_read) VALUES ('like', 'like 알림 46-8', 46, 0);
INSERT INTO notification(type, message, user_id, is_read) VALUES ('playlist', 'playlist 알림 46-9', 46, 0);
INSERT INTO notification(type, message, user_id, is_read) VALUES ('system', 'system 알림 46-10', 46, 0);
INSERT INTO notification(type, message, user_id, is_read) VALUES ('follow', 'follow 알림 47-1', 47, 1);
INSERT INTO notification(type, message, user_id, is_read) VALUES ('playlist', 'playlist 알림 47-2', 47, 0);
INSERT INTO notification(type, message, user_id, is_read) VALUES ('like', 'like 알림 47-3', 47, 0);
INSERT INTO notification(type, message, user_id, is_read) VALUES ('qna', 'qna 알림 47-4', 47, 1);
INSERT INTO notification(type, message, user_id, is_read) VALUES ('comment', 'comment 알림 47-5', 47, 0);
INSERT INTO notification(type, message, user_id, is_read) VALUES ('follow', 'follow 알림 47-6', 47, 0);
INSERT INTO notification(type, message, user_id, is_read) VALUES ('reply', 'reply 알림 47-7', 47, 1);
INSERT INTO notification(type, message, user_id, is_read) VALUES ('playlist', 'playlist 알림 47-8', 47, 1);
INSERT INTO notification(type, message, user_id, is_read) VALUES ('system', 'system 알림 47-9', 47, 1);
INSERT INTO notification(type, message, user_id, is_read) VALUES ('system', 'system 알림 47-10', 47, 0);
INSERT INTO notification(type, message, user_id, is_read) VALUES ('mention', 'mention 알림 48-1', 48, 0);
INSERT INTO notification(type, message, user_id, is_read) VALUES ('badge', 'badge 알림 48-2', 48, 0);
INSERT INTO notification(type, message, user_id, is_read) VALUES ('system', 'system 알림 48-3', 48, 1);
INSERT INTO notification(type, message, user_id, is_read) VALUES ('badge', 'badge 알림 48-4', 48, 1);
INSERT INTO notification(type, message, user_id, is_read) VALUES ('announcement', 'announcement 알림 48-5', 48, 1);
INSERT INTO notification(type, message, user_id, is_read) VALUES ('follow', 'follow 알림 48-6', 48, 1);
INSERT INTO notification(type, message, user_id, is_read) VALUES ('mention', 'mention 알림 48-7', 48, 0);
INSERT INTO notification(type, message, user_id, is_read) VALUES ('like', 'like 알림 48-8', 48, 0);
INSERT INTO notification(type, message, user_id, is_read) VALUES ('playlist', 'playlist 알림 48-9', 48, 1);
INSERT INTO notification(type, message, user_id, is_read) VALUES ('like', 'like 알림 48-10', 48, 1);
INSERT INTO notification(type, message, user_id, is_read) VALUES ('playlist', 'playlist 알림 49-1', 49, 1);
INSERT INTO notification(type, message, user_id, is_read) VALUES ('comment', 'comment 알림 49-2', 49, 0);
INSERT INTO notification(type, message, user_id, is_read) VALUES ('like', 'like 알림 49-3', 49, 0);
INSERT INTO notification(type, message, user_id, is_read) VALUES ('badge', 'badge 알림 49-4', 49, 1);
INSERT INTO notification(type, message, user_id, is_read) VALUES ('follow', 'follow 알림 49-5', 49, 1);
INSERT INTO notification(type, message, user_id, is_read) VALUES ('system', 'system 알림 49-6', 49, 1);
INSERT INTO notification(type, message, user_id, is_read) VALUES ('qna', 'qna 알림 49-7', 49, 0);
INSERT INTO notification(type, message, user_id, is_read) VALUES ('badge', 'badge 알림 49-8', 49, 0);
INSERT INTO notification(type, message, user_id, is_read) VALUES ('announcement', 'announcement 알림 49-9', 49, 0);
INSERT INTO notification(type, message, user_id, is_read) VALUES ('mention', 'mention 알림 49-10', 49, 1);
INSERT INTO notification(type, message, user_id, is_read) VALUES ('follow', 'follow 알림 50-1', 50, 0);
INSERT INTO notification(type, message, user_id, is_read) VALUES ('qna', 'qna 알림 50-2', 50, 0);
INSERT INTO notification(type, message, user_id, is_read) VALUES ('playlist', 'playlist 알림 50-3', 50, 1);
INSERT INTO notification(type, message, user_id, is_read) VALUES ('qna', 'qna 알림 50-4', 50, 0);
INSERT INTO notification(type, message, user_id, is_read) VALUES ('follow', 'follow 알림 50-5', 50, 1);
INSERT INTO notification(type, message, user_id, is_read) VALUES ('follow', 'follow 알림 50-6', 50, 0);
INSERT INTO notification(type, message, user_id, is_read) VALUES ('like', 'like 알림 50-7', 50, 0);
INSERT INTO notification(type, message, user_id, is_read) VALUES ('comment', 'comment 알림 50-8', 50, 0);
INSERT INTO notification(type, message, user_id, is_read) VALUES ('like', 'like 알림 50-9', 50, 1);
INSERT INTO notification(type, message, user_id, is_read) VALUES ('mention', 'mention 알림 50-10', 50, 0);
INSERT INTO badge(id, name, description, icon_url, criteria) VALUES (1, '리뷰왕', '리뷰 10회', '/img/badge1.png', '10 reviews');
INSERT INTO badge(id, name, description, icon_url, criteria) VALUES (2, '플리마스터', '플리 5개 생성', '/img/badge2.png', '5 playlists');
INSERT INTO badge(id, name, description, icon_url, criteria) VALUES (3, '팔로우리더', '팔로워 20명', '/img/badge3.png', '20 followers');
INSERT INTO badge(id, name, description, icon_url, criteria) VALUES (4, 'Q&A전문가', 'Q&A 5회', '/img/badge4.png', '5 QnA');
INSERT INTO badge(id, name, description, icon_url, criteria) VALUES (5, '댓글왕', '댓글 30개', '/img/badge5.png', '30 comments');
INSERT INTO badge(id, name, description, icon_url, criteria) VALUES (6, '앨범러버', '앨범 좋아요 10', '/img/badge6.png', '10 liked album');
INSERT INTO badge(id, name, description, icon_url, criteria) VALUES (7, '트랙스타', '트랙 좋아요 10', '/img/badge7.png', '10 liked track');
INSERT INTO badge(id, name, description, icon_url, criteria) VALUES (8, '팔로우매니아', '아티스트 팔로우 10', '/img/badge8.png', '10 artist follow');
INSERT INTO badge(id, name, description, icon_url, criteria) VALUES (9, '큐레이터', '플리 좋아요 10', '/img/badge9.png', '10 liked playlist');
INSERT INTO badge(id, name, description, icon_url, criteria) VALUES (10, '논란청정수호자', '신고 5회', '/img/badge10.png', '5 reports');
INSERT INTO badge_condition(badge_id, badge_name, description, condition_type, condition_value) VALUES(1, '리뷰왕', '리뷰 10회 달성', 'REVIEW_COUNT', 10);
INSERT INTO badge_condition(badge_id, badge_name, description, condition_type, condition_value) VALUES(2, '플리마스터', '플리 5개 생성', 'PLAYLIST_COUNT', 5);
INSERT INTO badge_condition(badge_id, badge_name, description, condition_type, condition_value) VALUES(3, '팔로우리더', '팔로우 20명', 'FOLLOWER_COUNT', 20);
INSERT INTO badge_condition(badge_id, badge_name, description, condition_type, condition_value) VALUES(4, 'Q&A전문가', 'Q&A 5회', 'QNA_COUNT', 5);
INSERT INTO badge_condition(badge_id, badge_name, description, condition_type, condition_value) VALUES(5, '댓글왕', '댓글 30개', 'COMMENT_COUNT', 30);
INSERT INTO user_badge(user_id, badge_id) VALUES(1, 8);
INSERT INTO user_badge(user_id, badge_id) VALUES(2, 2);
INSERT INTO user_badge(user_id, badge_id) VALUES(3, 8);
INSERT INTO user_badge(user_id, badge_id) VALUES(4, 1);
INSERT INTO user_badge(user_id, badge_id) VALUES(5, 1);
INSERT INTO user_badge(user_id, badge_id) VALUES(6, 10);
INSERT INTO user_badge(user_id, badge_id) VALUES(7, 9);
INSERT INTO user_badge(user_id, badge_id) VALUES(8, 9);
INSERT INTO user_badge(user_id, badge_id) VALUES(9, 7);
INSERT INTO user_badge(user_id, badge_id) VALUES(10, 9);
INSERT INTO user_badge(user_id, badge_id) VALUES(11, 2);
INSERT INTO user_badge(user_id, badge_id) VALUES(12, 3);
INSERT INTO user_badge(user_id, badge_id) VALUES(13, 4);
INSERT INTO user_badge(user_id, badge_id) VALUES(14, 9);
INSERT INTO user_badge(user_id, badge_id) VALUES(15, 5);
INSERT INTO user_badge(user_id, badge_id) VALUES(16, 6);
INSERT INTO user_badge(user_id, badge_id) VALUES(17, 3);
INSERT INTO user_badge(user_id, badge_id) VALUES(18, 4);
INSERT INTO user_badge(user_id, badge_id) VALUES(19, 10);
INSERT INTO user_badge(user_id, badge_id) VALUES(20, 10);
INSERT INTO user_badge(user_id, badge_id) VALUES(21, 2);
INSERT INTO user_badge(user_id, badge_id) VALUES(22, 3);
INSERT INTO user_badge(user_id, badge_id) VALUES(23, 1);
INSERT INTO user_badge(user_id, badge_id) VALUES(24, 5);
INSERT INTO user_badge(user_id, badge_id) VALUES(25, 6);
INSERT INTO user_badge(user_id, badge_id) VALUES(26, 8);
INSERT INTO user_badge(user_id, badge_id) VALUES(27, 2);
INSERT INTO user_badge(user_id, badge_id) VALUES(28, 7);
INSERT INTO user_badge(user_id, badge_id) VALUES(29, 5);
INSERT INTO user_badge(user_id, badge_id) VALUES(30, 5);
INSERT INTO user_badge(user_id, badge_id) VALUES(31, 8);
INSERT INTO user_badge(user_id, badge_id) VALUES(32, 9);
INSERT INTO user_badge(user_id, badge_id) VALUES(33, 5);
INSERT INTO user_badge(user_id, badge_id) VALUES(34, 7);
INSERT INTO user_badge(user_id, badge_id) VALUES(35, 10);
INSERT INTO user_badge(user_id, badge_id) VALUES(36, 2);
INSERT INTO user_badge(user_id, badge_id) VALUES(37, 2);
INSERT INTO user_badge(user_id, badge_id) VALUES(38, 9);
INSERT INTO user_badge(user_id, badge_id) VALUES(39, 1);
INSERT INTO user_badge(user_id, badge_id) VALUES(40, 8);
INSERT INTO user_badge(user_id, badge_id) VALUES(41, 2);
INSERT INTO user_badge(user_id, badge_id) VALUES(42, 9);
INSERT INTO user_badge(user_id, badge_id) VALUES(43, 4);
INSERT INTO user_badge(user_id, badge_id) VALUES(44, 4);
INSERT INTO user_badge(user_id, badge_id) VALUES(45, 2);
INSERT INTO user_badge(user_id, badge_id) VALUES(46, 5);
INSERT INTO user_badge(user_id, badge_id) VALUES(47, 3);
INSERT INTO user_badge(user_id, badge_id) VALUES(48, 4);
INSERT INTO user_badge(user_id, badge_id) VALUES(49, 10);
INSERT INTO user_badge(user_id, badge_id) VALUES(50, 6);
INSERT INTO user_badge_log(user_id, badge_id, action, actor_id, reason) VALUES(1, 3, 'GRANT', 4, '자동부여');
INSERT INTO user_badge_log(user_id, badge_id, action, actor_id, reason) VALUES(2, 7, 'GRANT', 10, '자동부여');
INSERT INTO user_badge_log(user_id, badge_id, action, actor_id, reason) VALUES(3, 6, 'GRANT', 24, '자동부여');
INSERT INTO user_badge_log(user_id, badge_id, action, actor_id, reason) VALUES(4, 3, 'GRANT', 34, '자동부여');
INSERT INTO user_badge_log(user_id, badge_id, action, actor_id, reason) VALUES(5, 2, 'GRANT', 23, '자동부여');
INSERT INTO user_badge_log(user_id, badge_id, action, actor_id, reason) VALUES(6, 6, 'GRANT', 27, '자동부여');
INSERT INTO user_badge_log(user_id, badge_id, action, actor_id, reason) VALUES(7, 5, 'GRANT', 14, '자동부여');
INSERT INTO user_badge_log(user_id, badge_id, action, actor_id, reason) VALUES(8, 2, 'GRANT', 29, '자동부여');
INSERT INTO user_badge_log(user_id, badge_id, action, actor_id, reason) VALUES(9, 4, 'GRANT', 46, '자동부여');
INSERT INTO user_badge_log(user_id, badge_id, action, actor_id, reason) VALUES(10, 2, 'GRANT', 22, '자동부여');
INSERT INTO user_badge_log(user_id, badge_id, action, actor_id, reason) VALUES(11, 4, 'GRANT', 40, '자동부여');
INSERT INTO user_badge_log(user_id, badge_id, action, actor_id, reason) VALUES(12, 3, 'GRANT', 8, '자동부여');
INSERT INTO user_badge_log(user_id, badge_id, action, actor_id, reason) VALUES(13, 8, 'GRANT', 1, '자동부여');
INSERT INTO user_badge_log(user_id, badge_id, action, actor_id, reason) VALUES(14, 7, 'GRANT', 34, '자동부여');
INSERT INTO user_badge_log(user_id, badge_id, action, actor_id, reason) VALUES(15, 9, 'GRANT', 21, '자동부여');
INSERT INTO user_badge_log(user_id, badge_id, action, actor_id, reason) VALUES(16, 8, 'GRANT', 9, '자동부여');
INSERT INTO user_badge_log(user_id, badge_id, action, actor_id, reason) VALUES(17, 7, 'GRANT', 24, '자동부여');
INSERT INTO user_badge_log(user_id, badge_id, action, actor_id, reason) VALUES(18, 8, 'GRANT', 32, '자동부여');
INSERT INTO user_badge_log(user_id, badge_id, action, actor_id, reason) VALUES(19, 2, 'GRANT', 1, '자동부여');
INSERT INTO user_badge_log(user_id, badge_id, action, actor_id, reason) VALUES(20, 10, 'GRANT', 3, '자동부여');
INSERT INTO user_badge_log(user_id, badge_id, action, actor_id, reason) VALUES(21, 1, 'GRANT', 31, '자동부여');
INSERT INTO user_badge_log(user_id, badge_id, action, actor_id, reason) VALUES(22, 6, 'GRANT', 37, '자동부여');
INSERT INTO user_badge_log(user_id, badge_id, action, actor_id, reason) VALUES(23, 8, 'GRANT', 24, '자동부여');
INSERT INTO user_badge_log(user_id, badge_id, action, actor_id, reason) VALUES(24, 2, 'GRANT', 17, '자동부여');
INSERT INTO user_badge_log(user_id, badge_id, action, actor_id, reason) VALUES(25, 9, 'GRANT', 38, '자동부여');
INSERT INTO user_badge_log(user_id, badge_id, action, actor_id, reason) VALUES(26, 5, 'GRANT', 21, '자동부여');
INSERT INTO user_badge_log(user_id, badge_id, action, actor_id, reason) VALUES(27, 5, 'GRANT', 19, '자동부여');
INSERT INTO user_badge_log(user_id, badge_id, action, actor_id, reason) VALUES(28, 4, 'GRANT', 34, '자동부여');
INSERT INTO user_badge_log(user_id, badge_id, action, actor_id, reason) VALUES(29, 2, 'GRANT', 39, '자동부여');
INSERT INTO user_badge_log(user_id, badge_id, action, actor_id, reason) VALUES(30, 3, 'GRANT', 26, '자동부여');
INSERT INTO user_badge_log(user_id, badge_id, action, actor_id, reason) VALUES(31, 1, 'GRANT', 6, '자동부여');
INSERT INTO user_badge_log(user_id, badge_id, action, actor_id, reason) VALUES(32, 8, 'GRANT', 16, '자동부여');
INSERT INTO user_badge_log(user_id, badge_id, action, actor_id, reason) VALUES(33, 5, 'GRANT', 45, '자동부여');
INSERT INTO user_badge_log(user_id, badge_id, action, actor_id, reason) VALUES(34, 7, 'GRANT', 9, '자동부여');
INSERT INTO user_badge_log(user_id, badge_id, action, actor_id, reason) VALUES(35, 2, 'GRANT', 5, '자동부여');
INSERT INTO user_badge_log(user_id, badge_id, action, actor_id, reason) VALUES(36, 2, 'GRANT', 18, '자동부여');
INSERT INTO user_badge_log(user_id, badge_id, action, actor_id, reason) VALUES(37, 2, 'GRANT', 39, '자동부여');
INSERT INTO user_badge_log(user_id, badge_id, action, actor_id, reason) VALUES(38, 8, 'GRANT', 26, '자동부여');
INSERT INTO user_badge_log(user_id, badge_id, action, actor_id, reason) VALUES(39, 7, 'GRANT', 23, '자동부여');
INSERT INTO user_badge_log(user_id, badge_id, action, actor_id, reason) VALUES(40, 1, 'GRANT', 10, '자동부여');
INSERT INTO user_badge_log(user_id, badge_id, action, actor_id, reason) VALUES(41, 3, 'GRANT', 23, '자동부여');
INSERT INTO user_badge_log(user_id, badge_id, action, actor_id, reason) VALUES(42, 4, 'GRANT', 21, '자동부여');
INSERT INTO user_badge_log(user_id, badge_id, action, actor_id, reason) VALUES(43, 5, 'GRANT', 20, '자동부여');
INSERT INTO user_badge_log(user_id, badge_id, action, actor_id, reason) VALUES(44, 10, 'GRANT', 39, '자동부여');
INSERT INTO user_badge_log(user_id, badge_id, action, actor_id, reason) VALUES(45, 3, 'GRANT', 5, '자동부여');
INSERT INTO user_badge_log(user_id, badge_id, action, actor_id, reason) VALUES(46, 6, 'GRANT', 44, '자동부여');
INSERT INTO user_badge_log(user_id, badge_id, action, actor_id, reason) VALUES(47, 10, 'GRANT', 26, '자동부여');
INSERT INTO user_badge_log(user_id, badge_id, action, actor_id, reason) VALUES(48, 3, 'GRANT', 49, '자동부여');
INSERT INTO user_badge_log(user_id, badge_id, action, actor_id, reason) VALUES(49, 6, 'GRANT', 7, '자동부여');
INSERT INTO user_badge_log(user_id, badge_id, action, actor_id, reason) VALUES(50, 4, 'GRANT', 49, '자동부여');
