INSERT INTO user(username, email, password, nickname, profile_image, is_pro, enabled) VALUES ('test0001', 'test0001@test.com', '$2a$12$TrN..KcVjciCiz.5Vj96YOBljeVTTGJ9AUKmtfbGpgc9hmC7BxQ92', '닉1', '/img/profileImg.png', 0, 1);
INSERT INTO user(username, email, password, nickname, profile_image, is_pro, enabled) VALUES ('test0002', 'test0002@test.com', '$2a$12$TrN..KcVjciCiz.5Vj96YOBljeVTTGJ9AUKmtfbGpgc9hmC7BxQ92', '닉2', '/img/profileImg.png', 0, 1);
INSERT INTO user(username, email, password, nickname, profile_image, is_pro, enabled) VALUES ('test0003', 'test0003@test.com', '$2a$12$TrN..KcVjciCiz.5Vj96YOBljeVTTGJ9AUKmtfbGpgc9hmC7BxQ92', '닉3', '/img/profileImg.png', 0, 1);
INSERT INTO user(username, email, password, nickname, profile_image, is_pro, enabled) VALUES ('test0004', 'test0004@test.com', '$2a$12$TrN..KcVjciCiz.5Vj96YOBljeVTTGJ9AUKmtfbGpgc9hmC7BxQ92', '닉4', '/img/profileImg.png', 0, 1);
INSERT INTO user(username, email, password, nickname, profile_image, is_pro, enabled) VALUES ('test0005', 'test0005@test.com', '$2a$12$TrN..KcVjciCiz.5Vj96YOBljeVTTGJ9AUKmtfbGpgc9hmC7BxQ92', '닉5', '/img/profileImg.png', 0, 1);
INSERT INTO user(username, email, password, nickname, profile_image, is_pro, enabled) VALUES ('test0006', 'test0006@test.com', '$2a$12$TrN..KcVjciCiz.5Vj96YOBljeVTTGJ9AUKmtfbGpgc9hmC7BxQ92', '닉6', '/img/profileImg.png', 0, 1);
INSERT INTO user(username, email, password, nickname, profile_image, is_pro, enabled) VALUES ('test0007', 'test0007@test.com', '$2a$12$TrN..KcVjciCiz.5Vj96YOBljeVTTGJ9AUKmtfbGpgc9hmC7BxQ92', '닉7', '/img/profileImg.png', 0, 1);
INSERT INTO user(username, email, password, nickname, profile_image, is_pro, enabled) VALUES ('test0008', 'test0008@test.com', '$2a$12$TrN..KcVjciCiz.5Vj96YOBljeVTTGJ9AUKmtfbGpgc9hmC7BxQ92', '닉8', '/img/profileImg.png', 0, 1);
INSERT INTO user(username, email, password, nickname, profile_image, is_pro, enabled) VALUES ('test0009', 'test0009@test.com', '$2a$12$TrN..KcVjciCiz.5Vj96YOBljeVTTGJ9AUKmtfbGpgc9hmC7BxQ92', '닉9', '/img/profileImg.png', 0, 1);
INSERT INTO user(username, email, password, nickname, profile_image, is_pro, enabled) VALUES ('test0010', 'test0010@test.com', '$2a$12$TrN..KcVjciCiz.5Vj96YOBljeVTTGJ9AUKmtfbGpgc9hmC7BxQ92', '닉10', '/img/profileImg.png', 0, 1);
INSERT INTO user(username, email, password, nickname, profile_image, is_pro, enabled) VALUES ('test0011', 'test0011@test.com', '$2a$12$TrN..KcVjciCiz.5Vj96YOBljeVTTGJ9AUKmtfbGpgc9hmC7BxQ92', '닉11', '/img/profileImg.png', 0, 1);
INSERT INTO user(username, email, password, nickname, profile_image, is_pro, enabled) VALUES ('test0012', 'test0012@test.com', '$2a$12$TrN..KcVjciCiz.5Vj96YOBljeVTTGJ9AUKmtfbGpgc9hmC7BxQ92', '닉12', '/img/profileImg.png', 0, 1);
INSERT INTO user(username, email, password, nickname, profile_image, is_pro, enabled) VALUES ('test0013', 'test0013@test.com', '$2a$12$TrN..KcVjciCiz.5Vj96YOBljeVTTGJ9AUKmtfbGpgc9hmC7BxQ92', '닉13', '/img/profileImg.png', 0, 1);
INSERT INTO user(username, email, password, nickname, profile_image, is_pro, enabled) VALUES ('test0014', 'test0014@test.com', '$2a$12$TrN..KcVjciCiz.5Vj96YOBljeVTTGJ9AUKmtfbGpgc9hmC7BxQ92', '닉14', '/img/profileImg.png', 0, 1);
INSERT INTO user(username, email, password, nickname, profile_image, is_pro, enabled) VALUES ('test0015', 'test0015@test.com', '$2a$12$TrN..KcVjciCiz.5Vj96YOBljeVTTGJ9AUKmtfbGpgc9hmC7BxQ92', '닉15', '/img/profileImg.png', 0, 1);
INSERT INTO user(username, email, password, nickname, profile_image, is_pro, enabled) VALUES ('test0016', 'test0016@test.com', '$2a$12$TrN..KcVjciCiz.5Vj96YOBljeVTTGJ9AUKmtfbGpgc9hmC7BxQ92', '닉16', '/img/profileImg.png', 0, 1);
INSERT INTO user(username, email, password, nickname, profile_image, is_pro, enabled) VALUES ('test0017', 'test0017@test.com', '$2a$12$TrN..KcVjciCiz.5Vj96YOBljeVTTGJ9AUKmtfbGpgc9hmC7BxQ92', '닉17', '/img/profileImg.png', 0, 1);
INSERT INTO user(username, email, password, nickname, profile_image, is_pro, enabled) VALUES ('test0018', 'test0018@test.com', '$2a$12$TrN..KcVjciCiz.5Vj96YOBljeVTTGJ9AUKmtfbGpgc9hmC7BxQ92', '닉18', '/img/profileImg.png', 0, 1);
INSERT INTO user(username, email, password, nickname, profile_image, is_pro, enabled) VALUES ('test0019', 'test0019@test.com', '$2a$12$TrN..KcVjciCiz.5Vj96YOBljeVTTGJ9AUKmtfbGpgc9hmC7BxQ92', '닉19', '/img/profileImg.png', 0, 1);
INSERT INTO user(username, email, password, nickname, profile_image, is_pro, enabled) VALUES ('test0020', 'test0020@test.com', '$2a$12$TrN..KcVjciCiz.5Vj96YOBljeVTTGJ9AUKmtfbGpgc9hmC7BxQ92', '닉20', '/img/profileImg.png', 0, 1);
INSERT INTO user(username, email, password, nickname, profile_image, is_pro, enabled) VALUES ('test0021', 'test0021@test.com', '$2a$12$TrN..KcVjciCiz.5Vj96YOBljeVTTGJ9AUKmtfbGpgc9hmC7BxQ92', '닉21', '/img/profileImg.png', 0, 1);
INSERT INTO user(username, email, password, nickname, profile_image, is_pro, enabled) VALUES ('test0022', 'test0022@test.com', '$2a$12$TrN..KcVjciCiz.5Vj96YOBljeVTTGJ9AUKmtfbGpgc9hmC7BxQ92', '닉22', '/img/profileImg.png', 0, 1);
INSERT INTO user(username, email, password, nickname, profile_image, is_pro, enabled) VALUES ('test0023', 'test0023@test.com', '$2a$12$TrN..KcVjciCiz.5Vj96YOBljeVTTGJ9AUKmtfbGpgc9hmC7BxQ92', '닉23', '/img/profileImg.png', 0, 1);
INSERT INTO user(username, email, password, nickname, profile_image, is_pro, enabled) VALUES ('test0024', 'test0024@test.com', '$2a$12$TrN..KcVjciCiz.5Vj96YOBljeVTTGJ9AUKmtfbGpgc9hmC7BxQ92', '닉24', '/img/profileImg.png', 0, 1);
INSERT INTO user(username, email, password, nickname, profile_image, is_pro, enabled) VALUES ('test0025', 'test0025@test.com', '$2a$12$TrN..KcVjciCiz.5Vj96YOBljeVTTGJ9AUKmtfbGpgc9hmC7BxQ92', '닉25', '/img/profileImg.png', 0, 1);
INSERT INTO user(username, email, password, nickname, profile_image, is_pro, enabled) VALUES ('test0026', 'test0026@test.com', '$2a$12$TrN..KcVjciCiz.5Vj96YOBljeVTTGJ9AUKmtfbGpgc9hmC7BxQ92', '닉26', '/img/profileImg.png', 0, 1);
INSERT INTO user(username, email, password, nickname, profile_image, is_pro, enabled) VALUES ('test0027', 'test0027@test.com', '$2a$12$TrN..KcVjciCiz.5Vj96YOBljeVTTGJ9AUKmtfbGpgc9hmC7BxQ92', '닉27', '/img/profileImg.png', 0, 1);
INSERT INTO user(username, email, password, nickname, profile_image, is_pro, enabled) VALUES ('test0028', 'test0028@test.com', '$2a$12$TrN..KcVjciCiz.5Vj96YOBljeVTTGJ9AUKmtfbGpgc9hmC7BxQ92', '닉28', '/img/profileImg.png', 0, 1);
INSERT INTO user(username, email, password, nickname, profile_image, is_pro, enabled) VALUES ('test0029', 'test0029@test.com', '$2a$12$TrN..KcVjciCiz.5Vj96YOBljeVTTGJ9AUKmtfbGpgc9hmC7BxQ92', '닉29', '/img/profileImg.png', 0, 1);
INSERT INTO user(username, email, password, nickname, profile_image, is_pro, enabled) VALUES ('test0030', 'test0030@test.com', '$2a$12$TrN..KcVjciCiz.5Vj96YOBljeVTTGJ9AUKmtfbGpgc9hmC7BxQ92', '닉30', '/img/profileImg.png', 0, 1);
INSERT INTO user(username, email, password, nickname, profile_image, is_pro, enabled) VALUES ('test0031', 'test0031@test.com', '$2a$12$TrN..KcVjciCiz.5Vj96YOBljeVTTGJ9AUKmtfbGpgc9hmC7BxQ92', '닉31', '/img/profileImg.png', 0, 1);
INSERT INTO user(username, email, password, nickname, profile_image, is_pro, enabled) VALUES ('test0032', 'test0032@test.com', '$2a$12$TrN..KcVjciCiz.5Vj96YOBljeVTTGJ9AUKmtfbGpgc9hmC7BxQ92', '닉32', '/img/profileImg.png', 0, 1);
INSERT INTO user(username, email, password, nickname, profile_image, is_pro, enabled) VALUES ('test0033', 'test0033@test.com', '$2a$12$TrN..KcVjciCiz.5Vj96YOBljeVTTGJ9AUKmtfbGpgc9hmC7BxQ92', '닉33', '/img/profileImg.png', 0, 1);
INSERT INTO user(username, email, password, nickname, profile_image, is_pro, enabled) VALUES ('test0034', 'test0034@test.com', '$2a$12$TrN..KcVjciCiz.5Vj96YOBljeVTTGJ9AUKmtfbGpgc9hmC7BxQ92', '닉34', '/img/profileImg.png', 0, 1);
INSERT INTO user(username, email, password, nickname, profile_image, is_pro, enabled) VALUES ('test0035', 'test0035@test.com', '$2a$12$TrN..KcVjciCiz.5Vj96YOBljeVTTGJ9AUKmtfbGpgc9hmC7BxQ92', '닉35', '/img/profileImg.png', 0, 1);
INSERT INTO user(username, email, password, nickname, profile_image, is_pro, enabled) VALUES ('test0036', 'test0036@test.com', '$2a$12$TrN..KcVjciCiz.5Vj96YOBljeVTTGJ9AUKmtfbGpgc9hmC7BxQ92', '닉36', '/img/profileImg.png', 0, 1);
INSERT INTO user(username, email, password, nickname, profile_image, is_pro, enabled) VALUES ('test0037', 'test0037@test.com', '$2a$12$TrN..KcVjciCiz.5Vj96YOBljeVTTGJ9AUKmtfbGpgc9hmC7BxQ92', '닉37', '/img/profileImg.png', 0, 1);
INSERT INTO user(username, email, password, nickname, profile_image, is_pro, enabled) VALUES ('test0038', 'test0038@test.com', '$2a$12$TrN..KcVjciCiz.5Vj96YOBljeVTTGJ9AUKmtfbGpgc9hmC7BxQ92', '닉38', '/img/profileImg.png', 0, 1);
INSERT INTO user(username, email, password, nickname, profile_image, is_pro, enabled) VALUES ('test0039', 'test0039@test.com', '$2a$12$TrN..KcVjciCiz.5Vj96YOBljeVTTGJ9AUKmtfbGpgc9hmC7BxQ92', '닉39', '/img/profileImg.png', 0, 1);
INSERT INTO user(username, email, password, nickname, profile_image, is_pro, enabled) VALUES ('test0040', 'test0040@test.com', '$2a$12$TrN..KcVjciCiz.5Vj96YOBljeVTTGJ9AUKmtfbGpgc9hmC7BxQ92', '닉40', '/img/profileImg.png', 0, 1);
INSERT INTO user(username, email, password, nickname, profile_image, is_pro, enabled) VALUES ('test0041', 'test0041@test.com', '$2a$12$TrN..KcVjciCiz.5Vj96YOBljeVTTGJ9AUKmtfbGpgc9hmC7BxQ92', '닉41', '/img/profileImg.png', 0, 1);
INSERT INTO user(username, email, password, nickname, profile_image, is_pro, enabled) VALUES ('test0042', 'test0042@test.com', '$2a$12$TrN..KcVjciCiz.5Vj96YOBljeVTTGJ9AUKmtfbGpgc9hmC7BxQ92', '닉42', '/img/profileImg.png', 0, 1);
INSERT INTO user(username, email, password, nickname, profile_image, is_pro, enabled) VALUES ('test0043', 'test0043@test.com', '$2a$12$TrN..KcVjciCiz.5Vj96YOBljeVTTGJ9AUKmtfbGpgc9hmC7BxQ92', '닉43', '/img/profileImg.png', 0, 1);
INSERT INTO user(username, email, password, nickname, profile_image, is_pro, enabled) VALUES ('test0044', 'test0044@test.com', '$2a$12$TrN..KcVjciCiz.5Vj96YOBljeVTTGJ9AUKmtfbGpgc9hmC7BxQ92', '닉44', '/img/profileImg.png', 0, 1);
INSERT INTO user(username, email, password, nickname, profile_image, is_pro, enabled) VALUES ('test0045', 'test0045@test.com', '$2a$12$TrN..KcVjciCiz.5Vj96YOBljeVTTGJ9AUKmtfbGpgc9hmC7BxQ92', '닉45', '/img/profileImg.png', 0, 1);
INSERT INTO user(username, email, password, nickname, profile_image, is_pro, enabled) VALUES ('test0046', 'test0046@test.com', '$2a$12$TrN..KcVjciCiz.5Vj96YOBljeVTTGJ9AUKmtfbGpgc9hmC7BxQ92', '닉46', '/img/profileImg.png', 0, 1);
INSERT INTO user(username, email, password, nickname, profile_image, is_pro, enabled) VALUES ('test0047', 'test0047@test.com', '$2a$12$TrN..KcVjciCiz.5Vj96YOBljeVTTGJ9AUKmtfbGpgc9hmC7BxQ92', '닉47', '/img/profileImg.png', 0, 1);
INSERT INTO user(username, email, password, nickname, profile_image, is_pro, enabled) VALUES ('test0048', 'test0048@test.com', '$2a$12$TrN..KcVjciCiz.5Vj96YOBljeVTTGJ9AUKmtfbGpgc9hmC7BxQ92', '닉48', '/img/profileImg.png', 0, 1);
INSERT INTO user(username, email, password, nickname, profile_image, is_pro, enabled) VALUES ('test0049', 'test0049@test.com', '$2a$12$TrN..KcVjciCiz.5Vj96YOBljeVTTGJ9AUKmtfbGpgc9hmC7BxQ92', '닉49', '/img/profileImg.png', 0, 1);
INSERT INTO user(username, email, password, nickname, profile_image, is_pro, enabled) VALUES ('test0050', 'test0050@test.com', '$2a$12$TrN..KcVjciCiz.5Vj96YOBljeVTTGJ9AUKmtfbGpgc9hmC7BxQ92', '닉50', '/img/profileImg.png', 0, 1);
INSERT INTO user(username, email, password, nickname, profile_image, is_pro, enabled) VALUES ('test0051', 'test0051@test.com', '$2a$12$TrN..KcVjciCiz.5Vj96YOBljeVTTGJ9AUKmtfbGpgc9hmC7BxQ92', '닉51', '/img/profileImg.png', 0, 1);
INSERT INTO user(username, email, password, nickname, profile_image, is_pro, enabled) VALUES ('test0052', 'test0052@test.com', '$2a$12$TrN..KcVjciCiz.5Vj96YOBljeVTTGJ9AUKmtfbGpgc9hmC7BxQ92', '닉52', '/img/profileImg.png', 0, 1);
INSERT INTO user(username, email, password, nickname, profile_image, is_pro, enabled) VALUES ('test0053', 'test0053@test.com', '$2a$12$TrN..KcVjciCiz.5Vj96YOBljeVTTGJ9AUKmtfbGpgc9hmC7BxQ92', '닉53', '/img/profileImg.png', 0, 1);
INSERT INTO user(username, email, password, nickname, profile_image, is_pro, enabled) VALUES ('test0054', 'test0054@test.com', '$2a$12$TrN..KcVjciCiz.5Vj96YOBljeVTTGJ9AUKmtfbGpgc9hmC7BxQ92', '닉54', '/img/profileImg.png', 0, 1);
INSERT INTO user(username, email, password, nickname, profile_image, is_pro, enabled) VALUES ('test0055', 'test0055@test.com', '$2a$12$TrN..KcVjciCiz.5Vj96YOBljeVTTGJ9AUKmtfbGpgc9hmC7BxQ92', '닉55', '/img/profileImg.png', 0, 1);
INSERT INTO user(username, email, password, nickname, profile_image, is_pro, enabled) VALUES ('test0056', 'test0056@test.com', '$2a$12$TrN..KcVjciCiz.5Vj96YOBljeVTTGJ9AUKmtfbGpgc9hmC7BxQ92', '닉56', '/img/profileImg.png', 0, 1);
INSERT INTO user(username, email, password, nickname, profile_image, is_pro, enabled) VALUES ('test0057', 'test0057@test.com', '$2a$12$TrN..KcVjciCiz.5Vj96YOBljeVTTGJ9AUKmtfbGpgc9hmC7BxQ92', '닉57', '/img/profileImg.png', 0, 1);
INSERT INTO user(username, email, password, nickname, profile_image, is_pro, enabled) VALUES ('test0058', 'test0058@test.com', '$2a$12$TrN..KcVjciCiz.5Vj96YOBljeVTTGJ9AUKmtfbGpgc9hmC7BxQ92', '닉58', '/img/profileImg.png', 0, 1);
INSERT INTO user(username, email, password, nickname, profile_image, is_pro, enabled) VALUES ('test0059', 'test0059@test.com', '$2a$12$TrN..KcVjciCiz.5Vj96YOBljeVTTGJ9AUKmtfbGpgc9hmC7BxQ92', '닉59', '/img/profileImg.png', 0, 1);
INSERT INTO user(username, email, password, nickname, profile_image, is_pro, enabled) VALUES ('test0060', 'test0060@test.com', '$2a$12$TrN..KcVjciCiz.5Vj96YOBljeVTTGJ9AUKmtfbGpgc9hmC7BxQ92', '닉60', '/img/profileImg.png', 0, 1);
INSERT INTO user(username, email, password, nickname, profile_image, is_pro, enabled) VALUES ('test0061', 'test0061@test.com', '$2a$12$TrN..KcVjciCiz.5Vj96YOBljeVTTGJ9AUKmtfbGpgc9hmC7BxQ92', '닉61', '/img/profileImg.png', 0, 1);
INSERT INTO user(username, email, password, nickname, profile_image, is_pro, enabled) VALUES ('test0062', 'test0062@test.com', '$2a$12$TrN..KcVjciCiz.5Vj96YOBljeVTTGJ9AUKmtfbGpgc9hmC7BxQ92', '닉62', '/img/profileImg.png', 0, 1);
INSERT INTO user(username, email, password, nickname, profile_image, is_pro, enabled) VALUES ('test0063', 'test0063@test.com', '$2a$12$TrN..KcVjciCiz.5Vj96YOBljeVTTGJ9AUKmtfbGpgc9hmC7BxQ92', '닉63', '/img/profileImg.png', 0, 1);
INSERT INTO user(username, email, password, nickname, profile_image, is_pro, enabled) VALUES ('test0064', 'test0064@test.com', '$2a$12$TrN..KcVjciCiz.5Vj96YOBljeVTTGJ9AUKmtfbGpgc9hmC7BxQ92', '닉64', '/img/profileImg.png', 0, 1);
INSERT INTO user(username, email, password, nickname, profile_image, is_pro, enabled) VALUES ('test0065', 'test0065@test.com', '$2a$12$TrN..KcVjciCiz.5Vj96YOBljeVTTGJ9AUKmtfbGpgc9hmC7BxQ92', '닉65', '/img/profileImg.png', 0, 1);
INSERT INTO user(username, email, password, nickname, profile_image, is_pro, enabled) VALUES ('test0066', 'test0066@test.com', '$2a$12$TrN..KcVjciCiz.5Vj96YOBljeVTTGJ9AUKmtfbGpgc9hmC7BxQ92', '닉66', '/img/profileImg.png', 0, 1);
INSERT INTO user(username, email, password, nickname, profile_image, is_pro, enabled) VALUES ('test0067', 'test0067@test.com', '$2a$12$TrN..KcVjciCiz.5Vj96YOBljeVTTGJ9AUKmtfbGpgc9hmC7BxQ92', '닉67', '/img/profileImg.png', 0, 1);
INSERT INTO user(username, email, password, nickname, profile_image, is_pro, enabled) VALUES ('test0068', 'test0068@test.com', '$2a$12$TrN..KcVjciCiz.5Vj96YOBljeVTTGJ9AUKmtfbGpgc9hmC7BxQ92', '닉68', '/img/profileImg.png', 0, 1);
INSERT INTO user(username, email, password, nickname, profile_image, is_pro, enabled) VALUES ('test0069', 'test0069@test.com', '$2a$12$TrN..KcVjciCiz.5Vj96YOBljeVTTGJ9AUKmtfbGpgc9hmC7BxQ92', '닉69', '/img/profileImg.png', 0, 1);
INSERT INTO user(username, email, password, nickname, profile_image, is_pro, enabled) VALUES ('test0070', 'test0070@test.com', '$2a$12$TrN..KcVjciCiz.5Vj96YOBljeVTTGJ9AUKmtfbGpgc9hmC7BxQ92', '닉70', '/img/profileImg.png', 0, 1);
INSERT INTO user(username, email, password, nickname, profile_image, is_pro, enabled) VALUES ('test0071', 'test0071@test.com', '$2a$12$TrN..KcVjciCiz.5Vj96YOBljeVTTGJ9AUKmtfbGpgc9hmC7BxQ92', '닉71', '/img/profileImg.png', 0, 1);
INSERT INTO user(username, email, password, nickname, profile_image, is_pro, enabled) VALUES ('test0072', 'test0072@test.com', '$2a$12$TrN..KcVjciCiz.5Vj96YOBljeVTTGJ9AUKmtfbGpgc9hmC7BxQ92', '닉72', '/img/profileImg.png', 0, 1);
INSERT INTO user(username, email, password, nickname, profile_image, is_pro, enabled) VALUES ('test0073', 'test0073@test.com', '$2a$12$TrN..KcVjciCiz.5Vj96YOBljeVTTGJ9AUKmtfbGpgc9hmC7BxQ92', '닉73', '/img/profileImg.png', 0, 1);
INSERT INTO user(username, email, password, nickname, profile_image, is_pro, enabled) VALUES ('test0074', 'test0074@test.com', '$2a$12$TrN..KcVjciCiz.5Vj96YOBljeVTTGJ9AUKmtfbGpgc9hmC7BxQ92', '닉74', '/img/profileImg.png', 0, 1);
INSERT INTO user(username, email, password, nickname, profile_image, is_pro, enabled) VALUES ('test0075', 'test0075@test.com', '$2a$12$TrN..KcVjciCiz.5Vj96YOBljeVTTGJ9AUKmtfbGpgc9hmC7BxQ92', '닉75', '/img/profileImg.png', 0, 1);
INSERT INTO user(username, email, password, nickname, profile_image, is_pro, enabled) VALUES ('test0076', 'test0076@test.com', '$2a$12$TrN..KcVjciCiz.5Vj96YOBljeVTTGJ9AUKmtfbGpgc9hmC7BxQ92', '닉76', '/img/profileImg.png', 0, 1);
INSERT INTO user(username, email, password, nickname, profile_image, is_pro, enabled) VALUES ('test0077', 'test0077@test.com', '$2a$12$TrN..KcVjciCiz.5Vj96YOBljeVTTGJ9AUKmtfbGpgc9hmC7BxQ92', '닉77', '/img/profileImg.png', 0, 1);
INSERT INTO user(username, email, password, nickname, profile_image, is_pro, enabled) VALUES ('test0078', 'test0078@test.com', '$2a$12$TrN..KcVjciCiz.5Vj96YOBljeVTTGJ9AUKmtfbGpgc9hmC7BxQ92', '닉78', '/img/profileImg.png', 0, 1);
INSERT INTO user(username, email, password, nickname, profile_image, is_pro, enabled) VALUES ('test0079', 'test0079@test.com', '$2a$12$TrN..KcVjciCiz.5Vj96YOBljeVTTGJ9AUKmtfbGpgc9hmC7BxQ92', '닉79', '/img/profileImg.png', 0, 1);
INSERT INTO user(username, email, password, nickname, profile_image, is_pro, enabled) VALUES ('test0080', 'test0080@test.com', '$2a$12$TrN..KcVjciCiz.5Vj96YOBljeVTTGJ9AUKmtfbGpgc9hmC7BxQ92', '닉80', '/img/profileImg.png', 0, 1);
INSERT INTO user(username, email, password, nickname, profile_image, is_pro, enabled) VALUES ('test0081', 'test0081@test.com', '$2a$12$TrN..KcVjciCiz.5Vj96YOBljeVTTGJ9AUKmtfbGpgc9hmC7BxQ92', '닉81', '/img/profileImg.png', 0, 1);
INSERT INTO user(username, email, password, nickname, profile_image, is_pro, enabled) VALUES ('test0082', 'test0082@test.com', '$2a$12$TrN..KcVjciCiz.5Vj96YOBljeVTTGJ9AUKmtfbGpgc9hmC7BxQ92', '닉82', '/img/profileImg.png', 0, 1);
INSERT INTO user(username, email, password, nickname, profile_image, is_pro, enabled) VALUES ('test0083', 'test0083@test.com', '$2a$12$TrN..KcVjciCiz.5Vj96YOBljeVTTGJ9AUKmtfbGpgc9hmC7BxQ92', '닉83', '/img/profileImg.png', 0, 1);
INSERT INTO user(username, email, password, nickname, profile_image, is_pro, enabled) VALUES ('test0084', 'test0084@test.com', '$2a$12$TrN..KcVjciCiz.5Vj96YOBljeVTTGJ9AUKmtfbGpgc9hmC7BxQ92', '닉84', '/img/profileImg.png', 0, 1);
INSERT INTO user(username, email, password, nickname, profile_image, is_pro, enabled) VALUES ('test0085', 'test0085@test.com', '$2a$12$TrN..KcVjciCiz.5Vj96YOBljeVTTGJ9AUKmtfbGpgc9hmC7BxQ92', '닉85', '/img/profileImg.png', 0, 1);
INSERT INTO user(username, email, password, nickname, profile_image, is_pro, enabled) VALUES ('test0086', 'test0086@test.com', '$2a$12$TrN..KcVjciCiz.5Vj96YOBljeVTTGJ9AUKmtfbGpgc9hmC7BxQ92', '닉86', '/img/profileImg.png', 0, 1);
INSERT INTO user(username, email, password, nickname, profile_image, is_pro, enabled) VALUES ('test0087', 'test0087@test.com', '$2a$12$TrN..KcVjciCiz.5Vj96YOBljeVTTGJ9AUKmtfbGpgc9hmC7BxQ92', '닉87', '/img/profileImg.png', 0, 1);
INSERT INTO user(username, email, password, nickname, profile_image, is_pro, enabled) VALUES ('test0088', 'test0088@test.com', '$2a$12$TrN..KcVjciCiz.5Vj96YOBljeVTTGJ9AUKmtfbGpgc9hmC7BxQ92', '닉88', '/img/profileImg.png', 0, 1);
INSERT INTO user(username, email, password, nickname, profile_image, is_pro, enabled) VALUES ('test0089', 'test0089@test.com', '$2a$12$TrN..KcVjciCiz.5Vj96YOBljeVTTGJ9AUKmtfbGpgc9hmC7BxQ92', '닉89', '/img/profileImg.png', 0, 1);
INSERT INTO user(username, email, password, nickname, profile_image, is_pro, enabled) VALUES ('test0090', 'test0090@test.com', '$2a$12$TrN..KcVjciCiz.5Vj96YOBljeVTTGJ9AUKmtfbGpgc9hmC7BxQ92', '닉90', '/img/profileImg.png', 0, 1);
INSERT INTO user(username, email, password, nickname, profile_image, is_pro, enabled) VALUES ('test0091', 'test0091@test.com', '$2a$12$TrN..KcVjciCiz.5Vj96YOBljeVTTGJ9AUKmtfbGpgc9hmC7BxQ92', '닉91', '/img/profileImg.png', 0, 1);
INSERT INTO user(username, email, password, nickname, profile_image, is_pro, enabled) VALUES ('test0092', 'test0092@test.com', '$2a$12$TrN..KcVjciCiz.5Vj96YOBljeVTTGJ9AUKmtfbGpgc9hmC7BxQ92', '닉92', '/img/profileImg.png', 0, 1);
INSERT INTO user(username, email, password, nickname, profile_image, is_pro, enabled) VALUES ('test0093', 'test0093@test.com', '$2a$12$TrN..KcVjciCiz.5Vj96YOBljeVTTGJ9AUKmtfbGpgc9hmC7BxQ92', '닉93', '/img/profileImg.png', 0, 1);
INSERT INTO user(username, email, password, nickname, profile_image, is_pro, enabled) VALUES ('test0094', 'test0094@test.com', '$2a$12$TrN..KcVjciCiz.5Vj96YOBljeVTTGJ9AUKmtfbGpgc9hmC7BxQ92', '닉94', '/img/profileImg.png', 0, 1);
INSERT INTO user(username, email, password, nickname, profile_image, is_pro, enabled) VALUES ('test0095', 'test0095@test.com', '$2a$12$TrN..KcVjciCiz.5Vj96YOBljeVTTGJ9AUKmtfbGpgc9hmC7BxQ92', '닉95', '/img/profileImg.png', 0, 1);
INSERT INTO user(username, email, password, nickname, profile_image, is_pro, enabled) VALUES ('test0096', 'test0096@test.com', '$2a$12$TrN..KcVjciCiz.5Vj96YOBljeVTTGJ9AUKmtfbGpgc9hmC7BxQ92', '닉96', '/img/profileImg.png', 0, 1);
INSERT INTO user(username, email, password, nickname, profile_image, is_pro, enabled) VALUES ('test0097', 'test0097@test.com', '$2a$12$TrN..KcVjciCiz.5Vj96YOBljeVTTGJ9AUKmtfbGpgc9hmC7BxQ92', '닉97', '/img/profileImg.png', 0, 1);
INSERT INTO user(username, email, password, nickname, profile_image, is_pro, enabled) VALUES ('test0098', 'test0098@test.com', '$2a$12$TrN..KcVjciCiz.5Vj96YOBljeVTTGJ9AUKmtfbGpgc9hmC7BxQ92', '닉98', '/img/profileImg.png', 0, 1);
INSERT INTO user(username, email, password, nickname, profile_image, is_pro, enabled) VALUES ('test0099', 'test0099@test.com', '$2a$12$TrN..KcVjciCiz.5Vj96YOBljeVTTGJ9AUKmtfbGpgc9hmC7BxQ92', '닉99', '/img/profileImg.png', 0, 1);
INSERT INTO user(username, email, password, nickname, profile_image, is_pro, enabled) VALUES ('test0100', 'test0100@test.com', '$2a$12$TrN..KcVjciCiz.5Vj96YOBljeVTTGJ9AUKmtfbGpgc9hmC7BxQ92', '닉100', '/img/profileImg.png', 0, 1);
INSERT INTO user_auth(username, auth) VALUES ('test0001', 'ROLE_USER');
INSERT INTO user_auth(username, auth) VALUES ('test0002', 'ROLE_USER');
INSERT INTO user_auth(username, auth) VALUES ('test0003', 'ROLE_ADMIN');
INSERT INTO user_auth(username, auth) VALUES ('test0004', 'ROLE_USER');
INSERT INTO user_auth(username, auth) VALUES ('test0005', 'ROLE_USER');
INSERT INTO user_auth(username, auth) VALUES ('test0006', 'ROLE_USER');
INSERT INTO user_auth(username, auth) VALUES ('test0007', 'ROLE_USER');
INSERT INTO user_auth(username, auth) VALUES ('test0008', 'ROLE_USER');
INSERT INTO user_auth(username, auth) VALUES ('test0009', 'ROLE_USER');
INSERT INTO user_auth(username, auth) VALUES ('test0010', 'ROLE_ADMIN');
INSERT INTO user_auth(username, auth) VALUES ('test0011', 'ROLE_USER');
INSERT INTO user_auth(username, auth) VALUES ('test0012', 'ROLE_USER');
INSERT INTO user_auth(username, auth) VALUES ('test0013', 'ROLE_USER');
INSERT INTO user_auth(username, auth) VALUES ('test0014', 'ROLE_USER');
INSERT INTO user_auth(username, auth) VALUES ('test0015', 'ROLE_USER');
INSERT INTO user_auth(username, auth) VALUES ('test0016', 'ROLE_USER');
INSERT INTO user_auth(username, auth) VALUES ('test0017', 'ROLE_USER');
INSERT INTO user_auth(username, auth) VALUES ('test0018', 'ROLE_USER');
INSERT INTO user_auth(username, auth) VALUES ('test0019', 'ROLE_USER');
INSERT INTO user_auth(username, auth) VALUES ('test0020', 'ROLE_USER');
INSERT INTO user_auth(username, auth) VALUES ('test0021', 'ROLE_USER');
INSERT INTO user_auth(username, auth) VALUES ('test0022', 'ROLE_USER');
INSERT INTO user_auth(username, auth) VALUES ('test0023', 'ROLE_USER');
INSERT INTO user_auth(username, auth) VALUES ('test0024', 'ROLE_USER');
INSERT INTO user_auth(username, auth) VALUES ('test0025', 'ROLE_USER');
INSERT INTO user_auth(username, auth) VALUES ('test0026', 'ROLE_USER');
INSERT INTO user_auth(username, auth) VALUES ('test0027', 'ROLE_USER');
INSERT INTO user_auth(username, auth) VALUES ('test0028', 'ROLE_USER');
INSERT INTO user_auth(username, auth) VALUES ('test0029', 'ROLE_ADMIN');
INSERT INTO user_auth(username, auth) VALUES ('test0030', 'ROLE_USER');
INSERT INTO user_auth(username, auth) VALUES ('test0031', 'ROLE_USER');
INSERT INTO user_auth(username, auth) VALUES ('test0032', 'ROLE_ADMIN');
INSERT INTO user_auth(username, auth) VALUES ('test0033', 'ROLE_USER');
INSERT INTO user_auth(username, auth) VALUES ('test0034', 'ROLE_USER');
INSERT INTO user_auth(username, auth) VALUES ('test0035', 'ROLE_USER');
INSERT INTO user_auth(username, auth) VALUES ('test0036', 'ROLE_ADMIN');
INSERT INTO user_auth(username, auth) VALUES ('test0037', 'ROLE_USER');
INSERT INTO user_auth(username, auth) VALUES ('test0038', 'ROLE_ADMIN');
INSERT INTO user_auth(username, auth) VALUES ('test0039', 'ROLE_USER');
INSERT INTO user_auth(username, auth) VALUES ('test0040', 'ROLE_USER');
INSERT INTO user_auth(username, auth) VALUES ('test0041', 'ROLE_USER');
INSERT INTO user_auth(username, auth) VALUES ('test0042', 'ROLE_USER');
INSERT INTO user_auth(username, auth) VALUES ('test0043', 'ROLE_USER');
INSERT INTO user_auth(username, auth) VALUES ('test0044', 'ROLE_USER');
INSERT INTO user_auth(username, auth) VALUES ('test0045', 'ROLE_USER');
INSERT INTO user_auth(username, auth) VALUES ('test0046', 'ROLE_USER');
INSERT INTO user_auth(username, auth) VALUES ('test0047', 'ROLE_USER');
INSERT INTO user_auth(username, auth) VALUES ('test0048', 'ROLE_USER');
INSERT INTO user_auth(username, auth) VALUES ('test0049', 'ROLE_USER');
INSERT INTO user_auth(username, auth) VALUES ('test0050', 'ROLE_USER');
INSERT INTO user_auth(username, auth) VALUES ('test0051', 'ROLE_USER');
INSERT INTO user_auth(username, auth) VALUES ('test0052', 'ROLE_USER');
INSERT INTO user_auth(username, auth) VALUES ('test0053', 'ROLE_USER');
INSERT INTO user_auth(username, auth) VALUES ('test0054', 'ROLE_USER');
INSERT INTO user_auth(username, auth) VALUES ('test0055', 'ROLE_USER');
INSERT INTO user_auth(username, auth) VALUES ('test0056', 'ROLE_USER');
INSERT INTO user_auth(username, auth) VALUES ('test0057', 'ROLE_USER');
INSERT INTO user_auth(username, auth) VALUES ('test0058', 'ROLE_USER');
INSERT INTO user_auth(username, auth) VALUES ('test0059', 'ROLE_USER');
INSERT INTO user_auth(username, auth) VALUES ('test0060', 'ROLE_USER');
INSERT INTO user_auth(username, auth) VALUES ('test0061', 'ROLE_USER');
INSERT INTO user_auth(username, auth) VALUES ('test0062', 'ROLE_USER');
INSERT INTO user_auth(username, auth) VALUES ('test0063', 'ROLE_USER');
INSERT INTO user_auth(username, auth) VALUES ('test0064', 'ROLE_ADMIN');
INSERT INTO user_auth(username, auth) VALUES ('test0065', 'ROLE_USER');
INSERT INTO user_auth(username, auth) VALUES ('test0066', 'ROLE_USER');
INSERT INTO user_auth(username, auth) VALUES ('test0067', 'ROLE_USER');
INSERT INTO user_auth(username, auth) VALUES ('test0068', 'ROLE_USER');
INSERT INTO user_auth(username, auth) VALUES ('test0069', 'ROLE_USER');
INSERT INTO user_auth(username, auth) VALUES ('test0070', 'ROLE_USER');
INSERT INTO user_auth(username, auth) VALUES ('test0071', 'ROLE_USER');
INSERT INTO user_auth(username, auth) VALUES ('test0072', 'ROLE_USER');
INSERT INTO user_auth(username, auth) VALUES ('test0073', 'ROLE_USER');
INSERT INTO user_auth(username, auth) VALUES ('test0074', 'ROLE_USER');
INSERT INTO user_auth(username, auth) VALUES ('test0075', 'ROLE_USER');
INSERT INTO user_auth(username, auth) VALUES ('test0076', 'ROLE_ADMIN');
INSERT INTO user_auth(username, auth) VALUES ('test0077', 'ROLE_USER');
INSERT INTO user_auth(username, auth) VALUES ('test0078', 'ROLE_USER');
INSERT INTO user_auth(username, auth) VALUES ('test0079', 'ROLE_USER');
INSERT INTO user_auth(username, auth) VALUES ('test0080', 'ROLE_USER');
INSERT INTO user_auth(username, auth) VALUES ('test0081', 'ROLE_USER');
INSERT INTO user_auth(username, auth) VALUES ('test0082', 'ROLE_USER');
INSERT INTO user_auth(username, auth) VALUES ('test0083', 'ROLE_USER');
INSERT INTO user_auth(username, auth) VALUES ('test0084', 'ROLE_USER');
INSERT INTO user_auth(username, auth) VALUES ('test0085', 'ROLE_USER');
INSERT INTO user_auth(username, auth) VALUES ('test0086', 'ROLE_USER');
INSERT INTO user_auth(username, auth) VALUES ('test0087', 'ROLE_USER');
INSERT INTO user_auth(username, auth) VALUES ('test0088', 'ROLE_USER');
INSERT INTO user_auth(username, auth) VALUES ('test0089', 'ROLE_USER');
INSERT INTO user_auth(username, auth) VALUES ('test0090', 'ROLE_USER');
INSERT INTO user_auth(username, auth) VALUES ('test0091', 'ROLE_USER');
INSERT INTO user_auth(username, auth) VALUES ('test0092', 'ROLE_USER');
INSERT INTO user_auth(username, auth) VALUES ('test0093', 'ROLE_USER');
INSERT INTO user_auth(username, auth) VALUES ('test0094', 'ROLE_USER');
INSERT INTO user_auth(username, auth) VALUES ('test0095', 'ROLE_USER');
INSERT INTO user_auth(username, auth) VALUES ('test0096', 'ROLE_USER');
INSERT INTO user_auth(username, auth) VALUES ('test0097', 'ROLE_USER');
INSERT INTO user_auth(username, auth) VALUES ('test0098', 'ROLE_USER');
INSERT INTO user_auth(username, auth) VALUES ('test0099', 'ROLE_USER');
INSERT INTO user_auth(username, auth) VALUES ('test0100', 'ROLE_USER');
INSERT INTO playlist_detail(playlist_id, track_id, order_no) VALUES(1, '5ZDKPFRZC6QlJpf8bCIXTs', 1);
INSERT INTO playlist_detail(playlist_id, track_id, order_no) VALUES(1, '6gzR5GdZTevJT8OWW0NeGa', 2);
INSERT INTO playlist_detail(playlist_id, track_id, order_no) VALUES(1, '7rC5Pl8rQSX4myONQHYPBK', 3);
INSERT INTO playlist(id, user_id, title, description, thumbnail_url, is_public) VALUES (2, 1, '플리1_2', 'desc1_2', '/img/profileImg.png', 1);
INSERT INTO playlist_detail(playlist_id, track_id, order_no) VALUES(2, '6krYS8KtmNAYyb5uTZiYW4', 1);
INSERT INTO playlist_detail(playlist_id, track_id, order_no) VALUES(2, '4gQBXN2GBRpemMuxg5y3h9', 2);
INSERT INTO playlist_detail(playlist_id, track_id, order_no) VALUES(2, '2SEJ2NT4dzggwtmsmVUUYb', 3);
INSERT INTO playlist(id, user_id, title, description, thumbnail_url, is_public) VALUES (3, 1, '플리1_3', 'desc1_3', '/img/profileImg.png', 1);
INSERT INTO playlist_detail(playlist_id, track_id, order_no) VALUES(3, '2mgzUVvDpb1zMSB4glLQ6T', 1);
INSERT INTO playlist_detail(playlist_id, track_id, order_no) VALUES(3, '717s9KFmHhyy5t3xkStS56', 2);
INSERT INTO playlist_detail(playlist_id, track_id, order_no) VALUES(3, '2pZcdLQkRmH9T3oajmlxuO', 3);
INSERT INTO playlist(id, user_id, title, description, thumbnail_url, is_public) VALUES (4, 2, '플리2_1', 'desc2_1', '/img/profileImg.png', 1);
INSERT INTO playlist_detail(playlist_id, track_id, order_no) VALUES(4, '48RN2EOOyG2Gs5Pyla7ZJj', 1);
INSERT INTO playlist_detail(playlist_id, track_id, order_no) VALUES(4, '2pt2kyz1awkjq3CJxt1SnE', 2);
INSERT INTO playlist_detail(playlist_id, track_id, order_no) VALUES(4, '21J5UuwP43cOhx4S5DMPRp', 3);
INSERT INTO playlist(id, user_id, title, description, thumbnail_url, is_public) VALUES (5, 2, '플리2_2', 'desc2_2', '/img/profileImg.png', 1);
INSERT INTO playlist_detail(playlist_id, track_id, order_no) VALUES(5, '4z66pUh3MsTiZIofVjKLuE', 1);
INSERT INTO playlist_detail(playlist_id, track_id, order_no) VALUES(5, '5PMcoXXq1foyS8VFmJQvjt', 2);
INSERT INTO playlist_detail(playlist_id, track_id, order_no) VALUES(5, '4DAA64qpKvOZHlGC4VGCF2', 3);
INSERT INTO playlist(id, user_id, title, description, thumbnail_url, is_public) VALUES (6, 2, '플리2_3', 'desc2_3', '/img/profileImg.png', 1);
INSERT INTO playlist_detail(playlist_id, track_id, order_no) VALUES(6, '2VdSktBqFfkW7y6q5Ik4Z4', 1);
INSERT INTO playlist_detail(playlist_id, track_id, order_no) VALUES(6, '3xrYWQcYn1mcix1xc3m4BR', 2);
INSERT INTO playlist_detail(playlist_id, track_id, order_no) VALUES(6, '3iONHeDoMOEB5ctRtrufAk', 3);
INSERT INTO playlist(id, user_id, title, description, thumbnail_url, is_public) VALUES (7, 3, '플리3_1', 'desc3_1', '/img/profileImg.png', 1);
INSERT INTO playlist_detail(playlist_id, track_id, order_no) VALUES(7, '21J5UuwP43cOhx4S5DMPRp', 1);
INSERT INTO playlist_detail(playlist_id, track_id, order_no) VALUES(7, '3weHnt82LuCTMa2AnZFM78', 2);
INSERT INTO playlist_detail(playlist_id, track_id, order_no) VALUES(7, '24FUBxaAYSBlWsbSnEzDcn', 3);
INSERT INTO playlist(id, user_id, title, description, thumbnail_url, is_public) VALUES (8, 3, '플리3_2', 'desc3_2', '/img/profileImg.png', 1);
INSERT INTO playlist_detail(playlist_id, track_id, order_no) VALUES(8, '3y8jFVB4SVPiOXWRnOWiWj', 1);
INSERT INTO playlist_detail(playlist_id, track_id, order_no) VALUES(8, '5n03LAVixLBSDcSo0UMhc1', 2);
INSERT INTO playlist_detail(playlist_id, track_id, order_no) VALUES(8, '4Poz3qJ8a4NJWDGWDS3a94', 3);
INSERT INTO playlist(id, user_id, title, description, thumbnail_url, is_public) VALUES (9, 3, '플리3_3', 'desc3_3', '/img/profileImg.png', 1);
INSERT INTO playlist_detail(playlist_id, track_id, order_no) VALUES(9, '6saOZuU1qAiPKfeWglYuEi', 1);
INSERT INTO playlist_detail(playlist_id, track_id, order_no) VALUES(9, '4h90qkbnW1Qq6pBhoPvwko', 2);
INSERT INTO playlist_detail(playlist_id, track_id, order_no) VALUES(9, '7nEHTOQJqKCx7Dvgng3l8t', 3);
INSERT INTO playlist(id, user_id, title, description, thumbnail_url, is_public) VALUES (10, 4, '플리4_1', 'desc4_1', '/img/profileImg.png', 1);
INSERT INTO playlist_detail(playlist_id, track_id, order_no) VALUES(10, '4e0uZkMYa8e8HJ5TEUN417', 1);
INSERT INTO playlist_detail(playlist_id, track_id, order_no) VALUES(10, '50LbU49cudbIw8SBdE9DDQ', 2);
INSERT INTO playlist_detail(playlist_id, track_id, order_no) VALUES(10, '4F7A0DXBrmUAkp32uenhZt', 3);
INSERT INTO playlist(id, user_id, title, description, thumbnail_url, is_public) VALUES (11, 4, '플리4_2', 'desc4_2', '/img/profileImg.png', 1);
INSERT INTO playlist_detail(playlist_id, track_id, order_no) VALUES(11, '2YI8oiiImLkZvVgP33xrjD', 1);
INSERT INTO playlist_detail(playlist_id, track_id, order_no) VALUES(11, '3RkNXZvOSMMElmmXztDc94', 2);
INSERT INTO playlist_detail(playlist_id, track_id, order_no) VALUES(11, '6PQmdkH9fRdQkWaVInbwKS', 3);
INSERT INTO playlist(id, user_id, title, description, thumbnail_url, is_public) VALUES (12, 4, '플리4_3', 'desc4_3', '/img/profileImg.png', 1);
INSERT INTO playlist_detail(playlist_id, track_id, order_no) VALUES(12, '3YB8sWCxfQyjevEwCrWdiU', 1);
INSERT INTO playlist_detail(playlist_id, track_id, order_no) VALUES(12, '5PTfZsGlsDDPH8i3PdQnXJ', 2);
INSERT INTO playlist_detail(playlist_id, track_id, order_no) VALUES(12, '4bhdXu37gtEm2q68PBIHtY', 3);
INSERT INTO playlist(id, user_id, title, description, thumbnail_url, is_public) VALUES (13, 5, '플리5_1', 'desc5_1', '/img/profileImg.png', 1);
INSERT INTO playlist_detail(playlist_id, track_id, order_no) VALUES(13, '7H3cuCPaX9WHZXQ0Q9RlxH', 1);
INSERT INTO playlist_detail(playlist_id, track_id, order_no) VALUES(13, '6ImxYXeLDQPIv4qo7bMhSk', 2);
INSERT INTO playlist_detail(playlist_id, track_id, order_no) VALUES(13, '64TkpV7m7f09JY7K436pju', 3);
INSERT INTO playlist(id, user_id, title, description, thumbnail_url, is_public) VALUES (14, 5, '플리5_2', 'desc5_2', '/img/profileImg.png', 1);
INSERT INTO playlist_detail(playlist_id, track_id, order_no) VALUES(14, '5idmfDT06TjCQ1SPDsa5qh', 1);
INSERT INTO playlist_detail(playlist_id, track_id, order_no) VALUES(14, '7yoHYSunDSmdYrORIOYVHX', 2);
INSERT INTO playlist_detail(playlist_id, track_id, order_no) VALUES(14, '1S9DHKpS73KFVN7nnIql3f', 3);
INSERT INTO playlist(id, user_id, title, description, thumbnail_url, is_public) VALUES (15, 5, '플리5_3', 'desc5_3', '/img/profileImg.png', 1);
INSERT INTO playlist_detail(playlist_id, track_id, order_no) VALUES(15, '1aRyIsgzfUdSGAGz8zgFR2', 1);
INSERT INTO playlist_detail(playlist_id, track_id, order_no) VALUES(15, '6DO4hUFQKjYzyQ8sD2ovfu', 2);
INSERT INTO playlist_detail(playlist_id, track_id, order_no) VALUES(15, '0r9tyybf8eV2cvSpBnQH0e', 3);
INSERT INTO playlist(id, user_id, title, description, thumbnail_url, is_public) VALUES (16, 6, '플리6_1', 'desc6_1', '/img/profileImg.png', 1);
INSERT INTO playlist_detail(playlist_id, track_id, order_no) VALUES(16, '1mjAD7IYvI5UGiB7WnppMf', 1);
INSERT INTO playlist_detail(playlist_id, track_id, order_no) VALUES(16, '4jzrYUhlzXROpV5M944Yvu', 2);
INSERT INTO playlist_detail(playlist_id, track_id, order_no) VALUES(16, '3kbfF595mo5Ly6P57KnMLC', 3);
INSERT INTO playlist(id, user_id, title, description, thumbnail_url, is_public) VALUES (17, 6, '플리6_2', 'desc6_2', '/img/profileImg.png', 1);
INSERT INTO playlist_detail(playlist_id, track_id, order_no) VALUES(17, '3D7izPzeEcz7lBhcCZJccl', 1);
INSERT INTO playlist_detail(playlist_id, track_id, order_no) VALUES(17, '3DV2xXDpxZKF0taEowHh5D', 2);
INSERT INTO playlist_detail(playlist_id, track_id, order_no) VALUES(17, '0kHlKWunEQ5zoQmKHNJT6P', 3);
INSERT INTO playlist(id, user_id, title, description, thumbnail_url, is_public) VALUES (18, 6, '플리6_3', 'desc6_3', '/img/profileImg.png', 1);
INSERT INTO playlist_detail(playlist_id, track_id, order_no) VALUES(18, '0xl1w2q4VLojeXp4JfazPL', 1);
INSERT INTO playlist_detail(playlist_id, track_id, order_no) VALUES(18, '2x1zfAwLW8p0XQdZ6uC4Hq', 2);
INSERT INTO playlist_detail(playlist_id, track_id, order_no) VALUES(18, '7qmvLmX9tyaTiBAVNI6YEn', 3);
INSERT INTO playlist(id, user_id, title, description, thumbnail_url, is_public) VALUES (19, 7, '플리7_1', 'desc7_1', '/img/profileImg.png', 1);
INSERT INTO playlist_detail(playlist_id, track_id, order_no) VALUES(19, '1eoHLwYFCgpemHFQuMsV9w', 1);
INSERT INTO playlist_detail(playlist_id, track_id, order_no) VALUES(19, '7DJiHj3AaaG0Rw35sibG96', 2);
INSERT INTO playlist_detail(playlist_id, track_id, order_no) VALUES(19, '7woEDtme8YkFiWeyiinIjy', 3);
INSERT INTO playlist(id, user_id, title, description, thumbnail_url, is_public) VALUES (20, 7, '플리7_2', 'desc7_2', '/img/profileImg.png', 1);
INSERT INTO playlist_detail(playlist_id, track_id, order_no) VALUES(20, '6xIsHPRHdbzU6UMVFn4wh8', 1);
INSERT INTO playlist_detail(playlist_id, track_id, order_no) VALUES(20, '0Nwar8rweBUyfyuoyjjUvk', 2);
INSERT INTO playlist_detail(playlist_id, track_id, order_no) VALUES(20, '2aSC2xhRxOLiiZZVjhbylH', 3);
INSERT INTO playlist(id, user_id, title, description, thumbnail_url, is_public) VALUES (21, 7, '플리7_3', 'desc7_3', '/img/profileImg.png', 1);
INSERT INTO playlist_detail(playlist_id, track_id, order_no) VALUES(21, '7470s7SMyvDU6wHH6bG1yN', 1);
INSERT INTO playlist_detail(playlist_id, track_id, order_no) VALUES(21, '0ifooM33X1iBxVYyOkSbXW', 2);
INSERT INTO playlist_detail(playlist_id, track_id, order_no) VALUES(21, '41a7dZcq30Ss5kPMayWRV0', 3);
INSERT INTO playlist(id, user_id, title, description, thumbnail_url, is_public) VALUES (22, 8, '플리8_1', 'desc8_1', '/img/profileImg.png', 1);
INSERT INTO playlist_detail(playlist_id, track_id, order_no) VALUES(22, '4bF4MxTGnNj8dTW0LZmAx5', 1);
INSERT INTO playlist_detail(playlist_id, track_id, order_no) VALUES(22, '5LByxLn1X1Q9vr0xa4ZLYf', 2);
INSERT INTO playlist_detail(playlist_id, track_id, order_no) VALUES(22, '3a8tAZFJxlmBwOtrf5L1oC', 3);
INSERT INTO playlist(id, user_id, title, description, thumbnail_url, is_public) VALUES (23, 8, '플리8_2', 'desc8_2', '/img/profileImg.png', 1);
INSERT INTO playlist_detail(playlist_id, track_id, order_no) VALUES(23, '5dHpbFmZjWucrol0M7aNGU', 1);
INSERT INTO playlist_detail(playlist_id, track_id, order_no) VALUES(23, '7sBwAWyXfiIgrYQ8BaJESH', 2);
INSERT INTO playlist_detail(playlist_id, track_id, order_no) VALUES(23, '6fIYR2aSdWgQRgYmQ1Wahh', 3);
INSERT INTO playlist(id, user_id, title, description, thumbnail_url, is_public) VALUES (24, 8, '플리8_3', 'desc8_3', '/img/profileImg.png', 1);
INSERT INTO playlist_detail(playlist_id, track_id, order_no) VALUES(24, '23TP6Un2LWuBH13dCymqAt', 1);
INSERT INTO playlist_detail(playlist_id, track_id, order_no) VALUES(24, '4Z3DK6g92f9DGfVHKoEF9a', 2);
INSERT INTO playlist_detail(playlist_id, track_id, order_no) VALUES(24, '7oSjDQf4kkFTxWWgdrgy3h', 3);
INSERT INTO playlist(id, user_id, title, description, thumbnail_url, is_public) VALUES (25, 9, '플리9_1', 'desc9_1', '/img/profileImg.png', 1);
INSERT INTO playlist_detail(playlist_id, track_id, order_no) VALUES(25, '7aqfrAY2p9BUSiupwk3svU', 1);
INSERT INTO playlist_detail(playlist_id, track_id, order_no) VALUES(25, '54wv48DETGI2gSJkqTCSyJ', 2);
INSERT INTO playlist_detail(playlist_id, track_id, order_no) VALUES(25, '03rwnftfgpYVO6QDWOZcG6', 3);
INSERT INTO playlist(id, user_id, title, description, thumbnail_url, is_public) VALUES (26, 9, '플리9_2', 'desc9_2', '/img/profileImg.png', 1);
INSERT INTO playlist_detail(playlist_id, track_id, order_no) VALUES(26, '03rwnftfgpYVO6QDWOZcG6', 1);
INSERT INTO playlist_detail(playlist_id, track_id, order_no) VALUES(26, '20E7RyoUockrRsSorCsESR', 2);
INSERT INTO playlist_detail(playlist_id, track_id, order_no) VALUES(26, '6fSvz9yrQY407xmr7cdjuA', 3);
INSERT INTO playlist(id, user_id, title, description, thumbnail_url, is_public) VALUES (27, 9, '플리9_3', 'desc9_3', '/img/profileImg.png', 1);
INSERT INTO playlist_detail(playlist_id, track_id, order_no) VALUES(27, '3RaCGXCiiMufRPoexXxGkV', 1);
INSERT INTO playlist_detail(playlist_id, track_id, order_no) VALUES(27, '2X32KinciUCloLWMGpTCFU', 2);
INSERT INTO playlist_detail(playlist_id, track_id, order_no) VALUES(27, '6ZprqcYFC6D9eIZaCoqrSn', 3);
INSERT INTO playlist(id, user_id, title, description, thumbnail_url, is_public) VALUES (28, 10, '플리10_1', 'desc10_1', '/img/profileImg.png', 1);
INSERT INTO playlist_detail(playlist_id, track_id, order_no) VALUES(28, '2lru9kAhhVCuz7lkm3VRAH', 1);
INSERT INTO playlist_detail(playlist_id, track_id, order_no) VALUES(28, '7DrZotCVwheRlevj6tJDxZ', 2);
INSERT INTO playlist_detail(playlist_id, track_id, order_no) VALUES(28, '0DULYwlJVbkTTqA8ji6uSR', 3);
INSERT INTO playlist(id, user_id, title, description, thumbnail_url, is_public) VALUES (29, 10, '플리10_2', 'desc10_2', '/img/profileImg.png', 1);
INSERT INTO playlist_detail(playlist_id, track_id, order_no) VALUES(29, '0G9Umz9jxpkOpfGnhuAyAU', 1);
INSERT INTO playlist_detail(playlist_id, track_id, order_no) VALUES(29, '4s7QLoImIwmPi9L6dq1nVW', 2);
INSERT INTO playlist_detail(playlist_id, track_id, order_no) VALUES(29, '4Msr8L0gHGDsLSBlk7pSPU', 3);
INSERT INTO playlist(id, user_id, title, description, thumbnail_url, is_public) VALUES (30, 10, '플리10_3', 'desc10_3', '/img/profileImg.png', 1);
INSERT INTO playlist_detail(playlist_id, track_id, order_no) VALUES(30, '3IHt4j5uAEl7iBu8Utn985', 1);
INSERT INTO playlist_detail(playlist_id, track_id, order_no) VALUES(30, '04Hw5Dz4VHROkOtVxqMXGk', 2);
INSERT INTO playlist_detail(playlist_id, track_id, order_no) VALUES(30, '4mU5iXHeLgbR94siF7p1sY', 3);
INSERT INTO playlist(id, user_id, title, description, thumbnail_url, is_public) VALUES (31, 11, '플리11_1', 'desc11_1', '/img/profileImg.png', 1);
INSERT INTO playlist_detail(playlist_id, track_id, order_no) VALUES(31, '3uO7ElBnVSrqUteXcWqBXF', 1);
INSERT INTO playlist_detail(playlist_id, track_id, order_no) VALUES(31, '4Poz3qJ8a4NJWDGWDS3a94', 2);
INSERT INTO playlist_detail(playlist_id, track_id, order_no) VALUES(31, '57qiTKh8bVX0VtfUNTQqhw', 3);
INSERT INTO playlist(id, user_id, title, description, thumbnail_url, is_public) VALUES (32, 11, '플리11_2', 'desc11_2', '/img/profileImg.png', 1);
INSERT INTO playlist_detail(playlist_id, track_id, order_no) VALUES(32, '6cViXqp01e3FrAaseuiSAV', 1);
INSERT INTO playlist_detail(playlist_id, track_id, order_no) VALUES(32, '25C86uEjQ0fjj3bvsxIusO', 2);
INSERT INTO playlist_detail(playlist_id, track_id, order_no) VALUES(32, '3CA9pLiwRIGtUBiMjbZmRw', 3);
INSERT INTO playlist(id, user_id, title, description, thumbnail_url, is_public) VALUES (33, 11, '플리11_3', 'desc11_3', '/img/profileImg.png', 1);
INSERT INTO playlist_detail(playlist_id, track_id, order_no) VALUES(33, '0KqCs7XM8rsaRg9Kv8PbUa', 1);
INSERT INTO playlist_detail(playlist_id, track_id, order_no) VALUES(33, '2mrZYZGmPFV3QOyYPZ1zsn', 2);
INSERT INTO playlist_detail(playlist_id, track_id, order_no) VALUES(33, '0GjbixPkXeAT7WnkjeK0OW', 3);
INSERT INTO playlist(id, user_id, title, description, thumbnail_url, is_public) VALUES (34, 12, '플리12_1', 'desc12_1', '/img/profileImg.png', 1);
INSERT INTO playlist_detail(playlist_id, track_id, order_no) VALUES(34, '58gGH6ezvusTaqWKJRqHPC', 1);
INSERT INTO playlist_detail(playlist_id, track_id, order_no) VALUES(34, '37zcCimcUGurQoLEAuN8nR', 2);
INSERT INTO playlist_detail(playlist_id, track_id, order_no) VALUES(34, '343YBumqHu19cGoGARUTsd', 3);
INSERT INTO playlist(id, user_id, title, description, thumbnail_url, is_public) VALUES (35, 12, '플리12_2', 'desc12_2', '/img/profileImg.png', 1);
INSERT INTO playlist_detail(playlist_id, track_id, order_no) VALUES(35, '7bvkyTwVkylUGJvz1UMjFk', 1);
INSERT INTO playlist_detail(playlist_id, track_id, order_no) VALUES(35, '7kJyHFVVZMv1wQYRU9de9d', 2);
INSERT INTO playlist_detail(playlist_id, track_id, order_no) VALUES(35, '6VMnrvyjB5TpALix4Bgoqk', 3);
INSERT INTO playlist(id, user_id, title, description, thumbnail_url, is_public) VALUES (36, 12, '플리12_3', 'desc12_3', '/img/profileImg.png', 1);
INSERT INTO playlist_detail(playlist_id, track_id, order_no) VALUES(36, '3cjF2OFRmip8spwZYQRKxP', 1);
INSERT INTO playlist_detail(playlist_id, track_id, order_no) VALUES(36, '3WXyY2PxX88kpBtB0GH61w', 2);
INSERT INTO playlist_detail(playlist_id, track_id, order_no) VALUES(36, '47vfGRaXEGzcM2vI7JC2OO', 3);
INSERT INTO playlist(id, user_id, title, description, thumbnail_url, is_public) VALUES (37, 13, '플리13_1', 'desc13_1', '/img/profileImg.png', 1);
INSERT INTO playlist_detail(playlist_id, track_id, order_no) VALUES(37, '37rYTgp8QkSMyDPgIkGNkf', 1);
INSERT INTO playlist_detail(playlist_id, track_id, order_no) VALUES(37, '1kHAbyXgMowPPZfpxDImL3', 2);
INSERT INTO playlist_detail(playlist_id, track_id, order_no) VALUES(37, '23FnV9ThaK01oNWc3E87yh', 3);
INSERT INTO playlist(id, user_id, title, description, thumbnail_url, is_public) VALUES (38, 13, '플리13_2', 'desc13_2', '/img/profileImg.png', 1);
INSERT INTO playlist_detail(playlist_id, track_id, order_no) VALUES(38, '1IA9021Q5gkRwTM99Xtsqh', 1);
INSERT INTO playlist_detail(playlist_id, track_id, order_no) VALUES(38, '6i5fDaCzwxRrZtuvvcqoIf', 2);
INSERT INTO playlist_detail(playlist_id, track_id, order_no) VALUES(38, '2aSC2xhRxOLiiZZVjhbylH', 3);
INSERT INTO playlist(id, user_id, title, description, thumbnail_url, is_public) VALUES (39, 13, '플리13_3', 'desc13_3', '/img/profileImg.png', 1);
INSERT INTO playlist_detail(playlist_id, track_id, order_no) VALUES(39, '48RN2EOOyG2Gs5Pyla7ZJj', 1);
INSERT INTO playlist_detail(playlist_id, track_id, order_no) VALUES(39, '7DKS0rX27cCEPsK0R6tFWS', 2);
INSERT INTO playlist_detail(playlist_id, track_id, order_no) VALUES(39, '67yDGKXKIkyBhwbey8AmEU', 3);
INSERT INTO playlist(id, user_id, title, description, thumbnail_url, is_public) VALUES (40, 14, '플리14_1', 'desc14_1', '/img/profileImg.png', 1);
INSERT INTO playlist_detail(playlist_id, track_id, order_no) VALUES(40, '0sTBOp1hdayTjw6UOyPyi6', 1);
INSERT INTO playlist_detail(playlist_id, track_id, order_no) VALUES(40, '64TkpV7m7f09JY7K436pju', 2);
INSERT INTO playlist_detail(playlist_id, track_id, order_no) VALUES(40, '1oYV1xSoGhxG0AY4SJVT76', 3);
INSERT INTO playlist(id, user_id, title, description, thumbnail_url, is_public) VALUES (41, 14, '플리14_2', 'desc14_2', '/img/profileImg.png', 1);
INSERT INTO playlist_detail(playlist_id, track_id, order_no) VALUES(41, '1nSzCAvAvzJj5oIt7m90G0', 1);
INSERT INTO playlist_detail(playlist_id, track_id, order_no) VALUES(41, '46CYSG1HW7aAEj2okqQDGz', 2);
INSERT INTO playlist_detail(playlist_id, track_id, order_no) VALUES(41, '4q75XguyPrsduy70hcBVFu', 3);
INSERT INTO playlist(id, user_id, title, description, thumbnail_url, is_public) VALUES (42, 14, '플리14_3', 'desc14_3', '/img/profileImg.png', 1);
INSERT INTO playlist_detail(playlist_id, track_id, order_no) VALUES(42, '0qBeDyhZu5oER3MEu3lQ3P', 1);
INSERT INTO playlist_detail(playlist_id, track_id, order_no) VALUES(42, '4k2iYdpCZYH3eQX2bVKOku', 2);
INSERT INTO playlist_detail(playlist_id, track_id, order_no) VALUES(42, '5qwjdbcy6uaZpQNSbB7zXB', 3);
INSERT INTO playlist(id, user_id, title, description, thumbnail_url, is_public) VALUES (43, 15, '플리15_1', 'desc15_1', '/img/profileImg.png', 1);
INSERT INTO playlist_detail(playlist_id, track_id, order_no) VALUES(43, '2mrZYZGmPFV3QOyYPZ1zsn', 1);
INSERT INTO playlist_detail(playlist_id, track_id, order_no) VALUES(43, '4ksuI04WMvUnJbHQjgs3L5', 2);
INSERT INTO playlist_detail(playlist_id, track_id, order_no) VALUES(43, '34scBtso4UA1hjju5t5FYE', 3);
INSERT INTO playlist(id, user_id, title, description, thumbnail_url, is_public) VALUES (44, 15, '플리15_2', 'desc15_2', '/img/profileImg.png', 1);
INSERT INTO playlist_detail(playlist_id, track_id, order_no) VALUES(44, '1L0OmJV0LnPDWuHCIGmBV6', 1);
INSERT INTO playlist_detail(playlist_id, track_id, order_no) VALUES(44, '0awWj9Wzj375IL5etqa1Dk', 2);
INSERT INTO playlist_detail(playlist_id, track_id, order_no) VALUES(44, '2j1lH8K6luee5lvCPNKQ1u', 3);
INSERT INTO playlist(id, user_id, title, description, thumbnail_url, is_public) VALUES (45, 15, '플리15_3', 'desc15_3', '/img/profileImg.png', 1);
INSERT INTO playlist_detail(playlist_id, track_id, order_no) VALUES(45, '4MTzEtZG2iinE0ulL3pyup', 1);
INSERT INTO playlist_detail(playlist_id, track_id, order_no) VALUES(45, '7rC5Pl8rQSX4myONQHYPBK', 2);
INSERT INTO playlist_detail(playlist_id, track_id, order_no) VALUES(45, '3IDZYcnTpLKKaB0KoW3BoE', 3);
INSERT INTO playlist(id, user_id, title, description, thumbnail_url, is_public) VALUES (46, 16, '플리16_1', 'desc16_1', '/img/profileImg.png', 1);
INSERT INTO playlist_detail(playlist_id, track_id, order_no) VALUES(46, '6IskVxt4kTLI1OBqcsIRg0', 1);
INSERT INTO playlist_detail(playlist_id, track_id, order_no) VALUES(46, '4VMRsbfZzd3SfQtaJ1Wpwi', 2);
INSERT INTO playlist_detail(playlist_id, track_id, order_no) VALUES(46, '0g2Bbgy7P41pFjMWJuzsf4', 3);
INSERT INTO playlist(id, user_id, title, description, thumbnail_url, is_public) VALUES (47, 16, '플리16_2', 'desc16_2', '/img/profileImg.png', 1);
INSERT INTO playlist_detail(playlist_id, track_id, order_no) VALUES(47, '1wUnuiXMMvhudmzvcCtlZP', 1);
INSERT INTO playlist_detail(playlist_id, track_id, order_no) VALUES(47, '6lBwIazZrd0hGXq6HFN8YF', 2);
INSERT INTO playlist_detail(playlist_id, track_id, order_no) VALUES(47, '7LT5HRxYa3QGKibJfdhDh6', 3);
INSERT INTO playlist(id, user_id, title, description, thumbnail_url, is_public) VALUES (48, 16, '플리16_3', 'desc16_3', '/img/profileImg.png', 1);
INSERT INTO playlist_detail(playlist_id, track_id, order_no) VALUES(48, '2zrhoHlFKxFTRF5aMyxMoQ', 1);
INSERT INTO playlist_detail(playlist_id, track_id, order_no) VALUES(48, '38eKmp6QjELXKgLh0pePfG', 2);
INSERT INTO playlist_detail(playlist_id, track_id, order_no) VALUES(48, '27LqJ29VMqwKQQC2CE9FHr', 3);
INSERT INTO playlist(id, user_id, title, description, thumbnail_url, is_public) VALUES (49, 17, '플리17_1', 'desc17_1', '/img/profileImg.png', 1);
INSERT INTO playlist_detail(playlist_id, track_id, order_no) VALUES(49, '3DCc4HPrVukBeaDGe3Cosk', 1);
INSERT INTO playlist_detail(playlist_id, track_id, order_no) VALUES(49, '1wFFFzJ5EsKbBWZriAcubN', 2);
INSERT INTO playlist_detail(playlist_id, track_id, order_no) VALUES(49, '3dQEShIMs5TW8H3eUh11r7', 3);
INSERT INTO playlist(id, user_id, title, description, thumbnail_url, is_public) VALUES (50, 17, '플리17_2', 'desc17_2', '/img/profileImg.png', 1);
INSERT INTO playlist_detail(playlist_id, track_id, order_no) VALUES(50, '43iKgGbmfqPLh3mxUlospI', 1);
INSERT INTO playlist_detail(playlist_id, track_id, order_no) VALUES(50, '3uO7ElBnVSrqUteXcWqBXF', 2);
INSERT INTO playlist_detail(playlist_id, track_id, order_no) VALUES(50, '2Ghp894n1laIf2w98VeAOJ', 3);
INSERT INTO playlist(id, user_id, title, description, thumbnail_url, is_public) VALUES (51, 17, '플리17_3', 'desc17_3', '/img/profileImg.png', 1);
INSERT INTO playlist_detail(playlist_id, track_id, order_no) VALUES(51, '5eMbkNvdn4VbUQaJmqyalo', 1);
INSERT INTO playlist_detail(playlist_id, track_id, order_no) VALUES(51, '6bh0MGGMNKeyjN8yWkImVQ', 2);
INSERT INTO playlist_detail(playlist_id, track_id, order_no) VALUES(51, '5P3o95Jf0YBQRQ4j2XPpfC', 3);
INSERT INTO playlist(id, user_id, title, description, thumbnail_url, is_public) VALUES (52, 18, '플리18_1', 'desc18_1', '/img/profileImg.png', 1);
INSERT INTO playlist_detail(playlist_id, track_id, order_no) VALUES(52, '3sDIlJZzYNHtnSuuOxvTal', 1);
INSERT INTO playlist_detail(playlist_id, track_id, order_no) VALUES(52, '2h3ZotklPN6aD7OuHz7bFZ', 2);
INSERT INTO playlist_detail(playlist_id, track_id, order_no) VALUES(52, '2cniVkzQqT9Bm957QH9WXM', 3);
INSERT INTO playlist(id, user_id, title, description, thumbnail_url, is_public) VALUES (53, 18, '플리18_2', 'desc18_2', '/img/profileImg.png', 1);
INSERT INTO playlist_detail(playlist_id, track_id, order_no) VALUES(53, '1wUnuiXMMvhudmzvcCtlZP', 1);
INSERT INTO playlist_detail(playlist_id, track_id, order_no) VALUES(53, '0wzPHTgOtFIDhk2rD3Au4x', 2);
INSERT INTO playlist_detail(playlist_id, track_id, order_no) VALUES(53, '5R08wmXUd31d6InEtWZEKi', 3);
INSERT INTO playlist(id, user_id, title, description, thumbnail_url, is_public) VALUES (54, 18, '플리18_3', 'desc18_3', '/img/profileImg.png', 1);
INSERT INTO playlist_detail(playlist_id, track_id, order_no) VALUES(54, '716nouwS8Bg17xgo5Sj4Th', 1);
INSERT INTO playlist_detail(playlist_id, track_id, order_no) VALUES(54, '0zqy3ss4CwD6u4QPksS0nI', 2);
INSERT INTO playlist_detail(playlist_id, track_id, order_no) VALUES(54, '76gUmNLXGQVOsGhfcshkFP', 3);
INSERT INTO playlist(id, user_id, title, description, thumbnail_url, is_public) VALUES (55, 19, '플리19_1', 'desc19_1', '/img/profileImg.png', 1);
INSERT INTO playlist_detail(playlist_id, track_id, order_no) VALUES(55, '3weHnt82LuCTMa2AnZFM78', 1);
INSERT INTO playlist_detail(playlist_id, track_id, order_no) VALUES(55, '0FIDCNYYjNvPVimz5icugS', 2);
INSERT INTO playlist_detail(playlist_id, track_id, order_no) VALUES(55, '4PA16FAl8LPmFmOhARawdV', 3);
INSERT INTO playlist(id, user_id, title, description, thumbnail_url, is_public) VALUES (56, 19, '플리19_2', 'desc19_2', '/img/profileImg.png', 1);
INSERT INTO playlist_detail(playlist_id, track_id, order_no) VALUES(56, '1h345CZmt3uU9bym4GETWd', 1);
INSERT INTO playlist_detail(playlist_id, track_id, order_no) VALUES(56, '0YDUEgoZd0ES5ru0UOCWQW', 2);
INSERT INTO playlist_detail(playlist_id, track_id, order_no) VALUES(56, '3YB8sWCxfQyjevEwCrWdiU', 3);
INSERT INTO playlist(id, user_id, title, description, thumbnail_url, is_public) VALUES (57, 19, '플리19_3', 'desc19_3', '/img/profileImg.png', 1);
INSERT INTO playlist_detail(playlist_id, track_id, order_no) VALUES(57, '3TBFOYhRrY2lL4lcmtvIrU', 1);
INSERT INTO playlist_detail(playlist_id, track_id, order_no) VALUES(57, '1rKQjUhF9zFJmuUotr3VkV', 2);
INSERT INTO playlist_detail(playlist_id, track_id, order_no) VALUES(57, '4GjPsuW89QcC2RDFX3upTV', 3);
INSERT INTO playlist(id, user_id, title, description, thumbnail_url, is_public) VALUES (58, 20, '플리20_1', 'desc20_1', '/img/profileImg.png', 1);
INSERT INTO playlist_detail(playlist_id, track_id, order_no) VALUES(58, '2X0AvJYmIKm1XwpV4R5x0Y', 1);
INSERT INTO playlist_detail(playlist_id, track_id, order_no) VALUES(58, '63p3Slj0shAFP0Q7dQetj5', 2);
INSERT INTO playlist_detail(playlist_id, track_id, order_no) VALUES(58, '3RUVLIRUNA3KHLt8pd8PL6', 3);
INSERT INTO playlist(id, user_id, title, description, thumbnail_url, is_public) VALUES (59, 20, '플리20_2', 'desc20_2', '/img/profileImg.png', 1);
INSERT INTO playlist_detail(playlist_id, track_id, order_no) VALUES(59, '4k47x4UkxG215nFLMFna8A', 1);
INSERT INTO playlist_detail(playlist_id, track_id, order_no) VALUES(59, '0MzhwexwISJcZjCl1XQDKR', 2);
INSERT INTO playlist_detail(playlist_id, track_id, order_no) VALUES(59, '0BjwL3YD48FtGt9rC5t5fY', 3);
INSERT INTO playlist(id, user_id, title, description, thumbnail_url, is_public) VALUES (60, 20, '플리20_3', 'desc20_3', '/img/profileImg.png', 1);
INSERT INTO playlist_detail(playlist_id, track_id, order_no) VALUES(60, '5Ermk04tSk2Z7mfVDcP6EG', 1);
INSERT INTO playlist_detail(playlist_id, track_id, order_no) VALUES(60, '0AYt6NMyyLd0rLuvr0UkMH', 2);
INSERT INTO playlist_detail(playlist_id, track_id, order_no) VALUES(60, '28irpKCCK9nn9DZSik2zEx', 3);
INSERT INTO playlist(id, user_id, title, description, thumbnail_url, is_public) VALUES (61, 21, '플리21_1', 'desc21_1', '/img/profileImg.png', 1);
INSERT INTO playlist_detail(playlist_id, track_id, order_no) VALUES(61, '7hxvMTEUOXEKDZ3nnUqbdJ', 1);
INSERT INTO playlist_detail(playlist_id, track_id, order_no) VALUES(61, '40iJIUlhi6renaREYGeIDS', 2);
INSERT INTO playlist_detail(playlist_id, track_id, order_no) VALUES(61, '0AYt6NMyyLd0rLuvr0UkMH', 3);
INSERT INTO playlist(id, user_id, title, description, thumbnail_url, is_public) VALUES (62, 21, '플리21_2', 'desc21_2', '/img/profileImg.png', 1);
INSERT INTO playlist_detail(playlist_id, track_id, order_no) VALUES(62, '7uVKvaDWDpss7Ldj9kypLX', 1);
INSERT INTO playlist_detail(playlist_id, track_id, order_no) VALUES(62, '7sBwAWyXfiIgrYQ8BaJESH', 2);
INSERT INTO playlist_detail(playlist_id, track_id, order_no) VALUES(62, '5ocSQW5sIUIOFojwXEz9Ki', 3);
INSERT INTO playlist(id, user_id, title, description, thumbnail_url, is_public) VALUES (63, 21, '플리21_3', 'desc21_3', '/img/profileImg.png', 1);
INSERT INTO playlist_detail(playlist_id, track_id, order_no) VALUES(63, '7bvkyTwVkylUGJvz1UMjFk', 1);
INSERT INTO playlist_detail(playlist_id, track_id, order_no) VALUES(63, '2Ghp894n1laIf2w98VeAOJ', 2);
INSERT INTO playlist_detail(playlist_id, track_id, order_no) VALUES(63, '4XTXamS1g4g93jPxyuFJJ6', 3);
INSERT INTO playlist(id, user_id, title, description, thumbnail_url, is_public) VALUES (64, 22, '플리22_1', 'desc22_1', '/img/profileImg.png', 1);
INSERT INTO playlist_detail(playlist_id, track_id, order_no) VALUES(64, '47vfGRaXEGzcM2vI7JC2OO', 1);
INSERT INTO playlist_detail(playlist_id, track_id, order_no) VALUES(64, '0sf62tS5AFYKV32QtcykFa', 2);
INSERT INTO playlist_detail(playlist_id, track_id, order_no) VALUES(64, '78Af1SkRTxLg3fgb3Js3nV', 3);
INSERT INTO playlist(id, user_id, title, description, thumbnail_url, is_public) VALUES (65, 22, '플리22_2', 'desc22_2', '/img/profileImg.png', 1);
INSERT INTO playlist_detail(playlist_id, track_id, order_no) VALUES(65, '7KxWAxnc5v27PO8YyhySn8', 1);
INSERT INTO playlist_detail(playlist_id, track_id, order_no) VALUES(65, '5LAKjqbB5uurPpxFEicd9S', 2);
INSERT INTO playlist_detail(playlist_id, track_id, order_no) VALUES(65, '5InOp6q2vvx0fShv3bzFLZ', 3);
INSERT INTO playlist(id, user_id, title, description, thumbnail_url, is_public) VALUES (66, 22, '플리22_3', 'desc22_3', '/img/profileImg.png', 1);
INSERT INTO playlist_detail(playlist_id, track_id, order_no) VALUES(66, '4Msr8L0gHGDsLSBlk7pSPU', 1);
INSERT INTO playlist_detail(playlist_id, track_id, order_no) VALUES(66, '4AZ4Y1QAOLBwnWaX9cguoF', 2);
INSERT INTO playlist_detail(playlist_id, track_id, order_no) VALUES(66, '3gj1hwjku4JaoamjJVqIIl', 3);
INSERT INTO playlist(id, user_id, title, description, thumbnail_url, is_public) VALUES (67, 23, '플리23_1', 'desc23_1', '/img/profileImg.png', 1);
INSERT INTO playlist_detail(playlist_id, track_id, order_no) VALUES(67, '1Tnw0ItH1Macok8gblnPPd', 1);
INSERT INTO playlist_detail(playlist_id, track_id, order_no) VALUES(67, '7MjSipTto9QljYzZnloXOn', 2);
INSERT INTO playlist_detail(playlist_id, track_id, order_no) VALUES(67, '7bi5vk9KoY6Flkat31ViYD', 3);
INSERT INTO playlist(id, user_id, title, description, thumbnail_url, is_public) VALUES (68, 23, '플리23_2', 'desc23_2', '/img/profileImg.png', 1);
INSERT INTO playlist_detail(playlist_id, track_id, order_no) VALUES(68, '3kdEGx81MR9ftxRbF3Zf84', 1);
INSERT INTO playlist_detail(playlist_id, track_id, order_no) VALUES(68, '4YS0JF9kSLe15ggwOQqQit', 2);
INSERT INTO playlist_detail(playlist_id, track_id, order_no) VALUES(68, '4fen6YZEyvpi9X75JXarFL', 3);
INSERT INTO playlist(id, user_id, title, description, thumbnail_url, is_public) VALUES (69, 23, '플리23_3', 'desc23_3', '/img/profileImg.png', 1);
INSERT INTO playlist_detail(playlist_id, track_id, order_no) VALUES(69, '44mXea90sdkzwv2qqDuOKX', 1);
INSERT INTO playlist_detail(playlist_id, track_id, order_no) VALUES(69, '67yDGKXKIkyBhwbey8AmEU', 2);
INSERT INTO playlist_detail(playlist_id, track_id, order_no) VALUES(69, '4BhGTc3Cgay2U1QcTS7vQe', 3);
INSERT INTO playlist(id, user_id, title, description, thumbnail_url, is_public) VALUES (70, 24, '플리24_1', 'desc24_1', '/img/profileImg.png', 1);
INSERT INTO playlist_detail(playlist_id, track_id, order_no) VALUES(70, '0B5OTb36fzLayn6XQHg5A1', 1);
INSERT INTO playlist_detail(playlist_id, track_id, order_no) VALUES(70, '4mOWnjz30frv1pKMM6DNfv', 2);
INSERT INTO playlist_detail(playlist_id, track_id, order_no) VALUES(70, '2lru9kAhhVCuz7lkm3VRAH', 3);
INSERT INTO playlist(id, user_id, title, description, thumbnail_url, is_public) VALUES (71, 24, '플리24_2', 'desc24_2', '/img/profileImg.png', 1);
INSERT INTO playlist_detail(playlist_id, track_id, order_no) VALUES(71, '5idmfDT06TjCQ1SPDsa5qh', 1);
INSERT INTO playlist_detail(playlist_id, track_id, order_no) VALUES(71, '4JoV6ys443Oxx4SUxlA8yt', 2);
INSERT INTO playlist_detail(playlist_id, track_id, order_no) VALUES(71, '1bAvtmTl0F9loyz9AwPwp7', 3);
INSERT INTO playlist(id, user_id, title, description, thumbnail_url, is_public) VALUES (72, 24, '플리24_3', 'desc24_3', '/img/profileImg.png', 1);
INSERT INTO playlist_detail(playlist_id, track_id, order_no) VALUES(72, '031EUIoek6o9JgkGqLOq1g', 1);
INSERT INTO playlist_detail(playlist_id, track_id, order_no) VALUES(72, '40MXr7BMh3ShPf2b9giSRt', 2);
INSERT INTO playlist_detail(playlist_id, track_id, order_no) VALUES(72, '5zJl9VWCSdpu3ZJayP8CdB', 3);
INSERT INTO playlist(id, user_id, title, description, thumbnail_url, is_public) VALUES (73, 25, '플리25_1', 'desc25_1', '/img/profileImg.png', 1);
INSERT INTO playlist_detail(playlist_id, track_id, order_no) VALUES(73, '7KxWAxnc5v27PO8YyhySn8', 1);
INSERT INTO playlist_detail(playlist_id, track_id, order_no) VALUES(73, '5Ee4IyhPaOVRMc15fUOeG9', 2);
INSERT INTO playlist_detail(playlist_id, track_id, order_no) VALUES(73, '3kbfF595mo5Ly6P57KnMLC', 3);
INSERT INTO playlist(id, user_id, title, description, thumbnail_url, is_public) VALUES (74, 25, '플리25_2', 'desc25_2', '/img/profileImg.png', 1);
INSERT INTO playlist_detail(playlist_id, track_id, order_no) VALUES(74, '5sBDrrtLGbV64QJnEqfjer', 1);
INSERT INTO playlist_detail(playlist_id, track_id, order_no) VALUES(74, '5KNNUrjAuBzPhNZ5JHjSJI', 2);
INSERT INTO playlist_detail(playlist_id, track_id, order_no) VALUES(74, '5pa3YnjQ4rHeHAyoCEYYNX', 3);
INSERT INTO playlist(id, user_id, title, description, thumbnail_url, is_public) VALUES (75, 25, '플리25_3', 'desc25_3', '/img/profileImg.png', 1);
INSERT INTO playlist_detail(playlist_id, track_id, order_no) VALUES(75, '2pSZy7Zx2AT1wGtbCfvVtQ', 1);
INSERT INTO playlist_detail(playlist_id, track_id, order_no) VALUES(75, '6tCd8bPvYnceDG7W9M1RMk', 2);
INSERT INTO playlist_detail(playlist_id, track_id, order_no) VALUES(75, '6UjfByV1lDLW0SOVQA4NAi', 3);
INSERT INTO playlist(id, user_id, title, description, thumbnail_url, is_public) VALUES (76, 26, '플리26_1', 'desc26_1', '/img/profileImg.png', 1);
INSERT INTO playlist_detail(playlist_id, track_id, order_no) VALUES(76, '3vAdBZvbr3bFBiSLT4iVap', 1);
INSERT INTO playlist_detail(playlist_id, track_id, order_no) VALUES(76, '3fUfgvE2JbbvVNlfiDJzNM', 2);
INSERT INTO playlist_detail(playlist_id, track_id, order_no) VALUES(76, '0B0tYbVp7pDQAqKDhgMeaL', 3);
INSERT INTO playlist(id, user_id, title, description, thumbnail_url, is_public) VALUES (77, 26, '플리26_2', 'desc26_2', '/img/profileImg.png', 1);
INSERT INTO playlist_detail(playlist_id, track_id, order_no) VALUES(77, '2FauI2onZLXgsr9dz6HWKn', 1);
INSERT INTO playlist_detail(playlist_id, track_id, order_no) VALUES(77, '4mtl4zf8EsbFElYAybIcrK', 2);
INSERT INTO playlist_detail(playlist_id, track_id, order_no) VALUES(77, '21J5UuwP43cOhx4S5DMPRp', 3);
INSERT INTO playlist(id, user_id, title, description, thumbnail_url, is_public) VALUES (78, 26, '플리26_3', 'desc26_3', '/img/profileImg.png', 1);
INSERT INTO playlist_detail(playlist_id, track_id, order_no) VALUES(78, '3D7izPzeEcz7lBhcCZJccl', 1);
INSERT INTO playlist_detail(playlist_id, track_id, order_no) VALUES(78, '6tB01QHgH9YuVA8TomAzni', 2);
INSERT INTO playlist_detail(playlist_id, track_id, order_no) VALUES(78, '0r9tyybf8eV2cvSpBnQH0e', 3);
INSERT INTO playlist(id, user_id, title, description, thumbnail_url, is_public) VALUES (79, 27, '플리27_1', 'desc27_1', '/img/profileImg.png', 1);
INSERT INTO playlist_detail(playlist_id, track_id, order_no) VALUES(79, '5qw6fieMlvOWhpMcoldr7C', 1);
INSERT INTO playlist_detail(playlist_id, track_id, order_no) VALUES(79, '5LUI2ZPwvJezp4bQ9DtIGK', 2);
INSERT INTO playlist_detail(playlist_id, track_id, order_no) VALUES(79, '3i2w6O98pzUUmqRJavWF6f', 3);
INSERT INTO playlist(id, user_id, title, description, thumbnail_url, is_public) VALUES (80, 27, '플리27_2', 'desc27_2', '/img/profileImg.png', 1);
INSERT INTO playlist_detail(playlist_id, track_id, order_no) VALUES(80, '0DULYwlJVbkTTqA8ji6uSR', 1);
INSERT INTO playlist_detail(playlist_id, track_id, order_no) VALUES(80, '2vgUijXOTRMnWXDtvgMp2b', 2);
INSERT INTO playlist_detail(playlist_id, track_id, order_no) VALUES(80, '0B0tYbVp7pDQAqKDhgMeaL', 3);
INSERT INTO playlist(id, user_id, title, description, thumbnail_url, is_public) VALUES (81, 27, '플리27_3', 'desc27_3', '/img/profileImg.png', 1);
INSERT INTO playlist_detail(playlist_id, track_id, order_no) VALUES(81, '5bKPVy1ZIAucDWYcK2ZEDE', 1);
INSERT INTO playlist_detail(playlist_id, track_id, order_no) VALUES(81, '4fen6YZEyvpi9X75JXarFL', 2);
INSERT INTO playlist_detail(playlist_id, track_id, order_no) VALUES(81, '7ck44AbzxRnmxi0zAbw6gs', 3);
INSERT INTO playlist(id, user_id, title, description, thumbnail_url, is_public) VALUES (82, 28, '플리28_1', 'desc28_1', '/img/profileImg.png', 1);
INSERT INTO playlist_detail(playlist_id, track_id, order_no) VALUES(82, '03j354P848KtNU2FVSwkDG', 1);
INSERT INTO playlist_detail(playlist_id, track_id, order_no) VALUES(82, '5PTfZsGlsDDPH8i3PdQnXJ', 2);
INSERT INTO playlist_detail(playlist_id, track_id, order_no) VALUES(82, '3iRYyU6LhuBD2uXsDjEsRw', 3);
INSERT INTO playlist(id, user_id, title, description, thumbnail_url, is_public) VALUES (83, 28, '플리28_2', 'desc28_2', '/img/profileImg.png', 1);
INSERT INTO playlist_detail(playlist_id, track_id, order_no) VALUES(83, '4iEeJKOE5zjsRbWBGkj9lS', 1);
INSERT INTO playlist_detail(playlist_id, track_id, order_no) VALUES(83, '5e574bhjycX1eH2l4Auage', 2);
INSERT INTO playlist_detail(playlist_id, track_id, order_no) VALUES(83, '2KkwatFSB6jXTAOt653W0e', 3);
INSERT INTO playlist(id, user_id, title, description, thumbnail_url, is_public) VALUES (84, 28, '플리28_3', 'desc28_3', '/img/profileImg.png', 1);
INSERT INTO playlist_detail(playlist_id, track_id, order_no) VALUES(84, '1eoHLwYFCgpemHFQuMsV9w', 1);
INSERT INTO playlist_detail(playlist_id, track_id, order_no) VALUES(84, '1ywwObadN3168Hibf5yblZ', 2);
INSERT INTO playlist_detail(playlist_id, track_id, order_no) VALUES(84, '19D8LNpWwIPpi6hs9BG7dq', 3);
INSERT INTO playlist(id, user_id, title, description, thumbnail_url, is_public) VALUES (85, 29, '플리29_1', 'desc29_1', '/img/profileImg.png', 1);
INSERT INTO playlist_detail(playlist_id, track_id, order_no) VALUES(85, '11YovYUVkZdLyOFncbecWL', 1);
INSERT INTO playlist_detail(playlist_id, track_id, order_no) VALUES(85, '7KeE0mNu7ONWN4xTWtwt4Q', 2);
INSERT INTO playlist_detail(playlist_id, track_id, order_no) VALUES(85, '6saOZuU1qAiPKfeWglYuEi', 3);
INSERT INTO playlist(id, user_id, title, description, thumbnail_url, is_public) VALUES (86, 29, '플리29_2', 'desc29_2', '/img/profileImg.png', 1);
INSERT INTO playlist_detail(playlist_id, track_id, order_no) VALUES(86, '0WtNwdHv8UiDSVKDr3yRXn', 1);
INSERT INTO playlist_detail(playlist_id, track_id, order_no) VALUES(86, '4gowy3WT6D1yhMLgRBlf9C', 2);
INSERT INTO playlist_detail(playlist_id, track_id, order_no) VALUES(86, '28N8gvR5Mo8d23XL4cFptk', 3);
INSERT INTO playlist(id, user_id, title, description, thumbnail_url, is_public) VALUES (87, 29, '플리29_3', 'desc29_3', '/img/profileImg.png', 1);
INSERT INTO playlist_detail(playlist_id, track_id, order_no) VALUES(87, '1aRyIsgzfUdSGAGz8zgFR2', 1);
INSERT INTO playlist_detail(playlist_id, track_id, order_no) VALUES(87, '0K3w6WNawZlv6Izmsrye8o', 2);
INSERT INTO playlist_detail(playlist_id, track_id, order_no) VALUES(87, '3Oi1pDSYLVkz3i8jOXaQdt', 3);
INSERT INTO playlist(id, user_id, title, description, thumbnail_url, is_public) VALUES (88, 30, '플리30_1', 'desc30_1', '/img/profileImg.png', 1);
INSERT INTO playlist_detail(playlist_id, track_id, order_no) VALUES(88, '3MJdKvdoEFwKyrD4rznLAI', 1);
INSERT INTO playlist_detail(playlist_id, track_id, order_no) VALUES(88, '6qVqWJxIpsabUKBILG7d6N', 2);
INSERT INTO playlist_detail(playlist_id, track_id, order_no) VALUES(88, '6N8W7Dbcsg9tRDxn0wjFkR', 3);
INSERT INTO playlist(id, user_id, title, description, thumbnail_url, is_public) VALUES (89, 30, '플리30_2', 'desc30_2', '/img/profileImg.png', 1);
INSERT INTO playlist_detail(playlist_id, track_id, order_no) VALUES(89, '0wwPcA6wtMf6HUMpIRdeP7', 1);
INSERT INTO playlist_detail(playlist_id, track_id, order_no) VALUES(89, '6tCd8bPvYnceDG7W9M1RMk', 2);
INSERT INTO playlist_detail(playlist_id, track_id, order_no) VALUES(89, '2tUL6dZf1mywCj5WvCPZw6', 3);
INSERT INTO playlist(id, user_id, title, description, thumbnail_url, is_public) VALUES (90, 30, '플리30_3', 'desc30_3', '/img/profileImg.png', 1);
INSERT INTO playlist_detail(playlist_id, track_id, order_no) VALUES(90, '3k9WRYmrEqCyrtzE4Lf3hv', 1);
INSERT INTO playlist_detail(playlist_id, track_id, order_no) VALUES(90, '6hYigmTwbw1OoCiSPfu9EH', 2);
INSERT INTO playlist_detail(playlist_id, track_id, order_no) VALUES(90, '0bcZ7xN9IcjSNxLerzR2yl', 3);
INSERT INTO playlist(id, user_id, title, description, thumbnail_url, is_public) VALUES (91, 31, '플리31_1', 'desc31_1', '/img/profileImg.png', 1);
INSERT INTO playlist_detail(playlist_id, track_id, order_no) VALUES(91, '0FPYpKHJ3SuxKLaToGajtY', 1);
INSERT INTO playlist_detail(playlist_id, track_id, order_no) VALUES(91, '59PATAuhwksxKQUsUHCp3X', 2);
INSERT INTO playlist_detail(playlist_id, track_id, order_no) VALUES(91, '5pJgTFVTia5c8B65Cfw85d', 3);
INSERT INTO playlist(id, user_id, title, description, thumbnail_url, is_public) VALUES (92, 31, '플리31_2', 'desc31_2', '/img/profileImg.png', 1);
INSERT INTO playlist_detail(playlist_id, track_id, order_no) VALUES(92, '1I2MEjnS9c4OPMnKWbIuYs', 1);
INSERT INTO playlist_detail(playlist_id, track_id, order_no) VALUES(92, '5n03LAVixLBSDcSo0UMhc1', 2);
INSERT INTO playlist_detail(playlist_id, track_id, order_no) VALUES(92, '5PMcoXXq1foyS8VFmJQvjt', 3);
INSERT INTO playlist(id, user_id, title, description, thumbnail_url, is_public) VALUES (93, 31, '플리31_3', 'desc31_3', '/img/profileImg.png', 1);
INSERT INTO playlist_detail(playlist_id, track_id, order_no) VALUES(93, '3IOVhVnwfw2xglOYei2JAn', 1);
INSERT INTO playlist_detail(playlist_id, track_id, order_no) VALUES(93, '7ttkH1wGR3R3llS9txSgY3', 2);
INSERT INTO playlist_detail(playlist_id, track_id, order_no) VALUES(93, '2BcMwX1MPV6ZHP4tUT9uq6', 3);
INSERT INTO playlist(id, user_id, title, description, thumbnail_url, is_public) VALUES (94, 32, '플리32_1', 'desc32_1', '/img/profileImg.png', 1);
INSERT INTO playlist_detail(playlist_id, track_id, order_no) VALUES(94, '2AGottAzfC8bHzF7kEJ3Wa', 1);
INSERT INTO playlist_detail(playlist_id, track_id, order_no) VALUES(94, '3YB8sWCxfQyjevEwCrWdiU', 2);
INSERT INTO playlist_detail(playlist_id, track_id, order_no) VALUES(94, '0NWqNXBJTpXbkI5rPWNy3p', 3);
INSERT INTO playlist(id, user_id, title, description, thumbnail_url, is_public) VALUES (95, 32, '플리32_2', 'desc32_2', '/img/profileImg.png', 1);
INSERT INTO playlist_detail(playlist_id, track_id, order_no) VALUES(95, '7n3BFJwucmfA5pPMtEoNKb', 1);
INSERT INTO playlist_detail(playlist_id, track_id, order_no) VALUES(95, '56v8WEnGzLByGsDAXDiv4d', 2);
INSERT INTO playlist_detail(playlist_id, track_id, order_no) VALUES(95, '0xl1w2q4VLojeXp4JfazPL', 3);
INSERT INTO playlist(id, user_id, title, description, thumbnail_url, is_public) VALUES (96, 32, '플리32_3', 'desc32_3', '/img/profileImg.png', 1);
INSERT INTO playlist_detail(playlist_id, track_id, order_no) VALUES(96, '6jfCSH3je1KU6IYlBc2vVH', 1);
INSERT INTO playlist_detail(playlist_id, track_id, order_no) VALUES(96, '7sT7kZEYd1MrmzLLIRVZas', 2);
INSERT INTO playlist_detail(playlist_id, track_id, order_no) VALUES(96, '3dojEtzUKwDAzLyRDdi8WD', 3);
INSERT INTO playlist(id, user_id, title, description, thumbnail_url, is_public) VALUES (97, 33, '플리33_1', 'desc33_1', '/img/profileImg.png', 1);
INSERT INTO playlist_detail(playlist_id, track_id, order_no) VALUES(97, '76yLBykniz0SSNv0jj17M2', 1);
INSERT INTO playlist_detail(playlist_id, track_id, order_no) VALUES(97, '7fKRGSEsy6Y5e1gE7trjAv', 2);
INSERT INTO playlist_detail(playlist_id, track_id, order_no) VALUES(97, '4V239n5yBIZAyvxisyvfAx', 3);
INSERT INTO playlist(id, user_id, title, description, thumbnail_url, is_public) VALUES (98, 33, '플리33_2', 'desc33_2', '/img/profileImg.png', 1);
INSERT INTO playlist_detail(playlist_id, track_id, order_no) VALUES(98, '15ztraEuvqoyZIbu5lgevU', 1);
INSERT INTO playlist_detail(playlist_id, track_id, order_no) VALUES(98, '1dKXBUKx7oCB2UXlkihNn8', 2);
INSERT INTO playlist_detail(playlist_id, track_id, order_no) VALUES(98, '3nHat22UwPywIevUrXIhy1', 3);
INSERT INTO playlist(id, user_id, title, description, thumbnail_url, is_public) VALUES (99, 33, '플리33_3', 'desc33_3', '/img/profileImg.png', 1);
INSERT INTO playlist_detail(playlist_id, track_id, order_no) VALUES(99, '2qLcJOLrh6Djda4uLbldSA', 1);
INSERT INTO playlist_detail(playlist_id, track_id, order_no) VALUES(99, '1h345CZmt3uU9bym4GETWd', 2);
INSERT INTO playlist_detail(playlist_id, track_id, order_no) VALUES(99, '06Ai7l5EODiJQ6dMFfh2Vj', 3);
INSERT INTO playlist(id, user_id, title, description, thumbnail_url, is_public) VALUES (100, 34, '플리34_1', 'desc34_1', '/img/profileImg.png', 1);
INSERT INTO playlist_detail(playlist_id, track_id, order_no) VALUES(100, '4oeaIftdpT3JuZLcCkKmVE', 1);
INSERT INTO playlist_detail(playlist_id, track_id, order_no) VALUES(100, '5nvRWKWqHFMAxAxPTzDr0R', 2);
INSERT INTO playlist_detail(playlist_id, track_id, order_no) VALUES(100, '0Fhjm06qP0LUF6NHzNfmOp', 3);
INSERT INTO playlist(id, user_id, title, description, thumbnail_url, is_public) VALUES (101, 34, '플리34_2', 'desc34_2', '/img/profileImg.png', 1);
INSERT INTO playlist_detail(playlist_id, track_id, order_no) VALUES(101, '6aH5nGord27nkzlp99vYiB', 1);
INSERT INTO playlist_detail(playlist_id, track_id, order_no) VALUES(101, '11L064movtyopGdLiX4sVg', 2);
INSERT INTO playlist_detail(playlist_id, track_id, order_no) VALUES(101, '1JdqLu74P8HXiie7i8e0ks', 3);
INSERT INTO playlist(id, user_id, title, description, thumbnail_url, is_public) VALUES (102, 34, '플리34_3', 'desc34_3', '/img/profileImg.png', 1);
INSERT INTO playlist_detail(playlist_id, track_id, order_no) VALUES(102, '1GMufNnkKAnPLnqKJ5HHxW', 1);
INSERT INTO playlist_detail(playlist_id, track_id, order_no) VALUES(102, '6V9TlCdwLeQes4FX5zxz3f', 2);
INSERT INTO playlist_detail(playlist_id, track_id, order_no) VALUES(102, '1rKQjUhF9zFJmuUotr3VkV', 3);
INSERT INTO playlist(id, user_id, title, description, thumbnail_url, is_public) VALUES (103, 35, '플리35_1', 'desc35_1', '/img/profileImg.png', 1);
INSERT INTO playlist_detail(playlist_id, track_id, order_no) VALUES(103, '7bGF2hNOP6SROacsxo1fCk', 1);
INSERT INTO playlist_detail(playlist_id, track_id, order_no) VALUES(103, '5594ru3efvd674gEeSaJYU', 2);
INSERT INTO playlist_detail(playlist_id, track_id, order_no) VALUES(103, '6a4GH1gljLL7VvmO9u5O92', 3);
INSERT INTO playlist(id, user_id, title, description, thumbnail_url, is_public) VALUES (104, 35, '플리35_2', 'desc35_2', '/img/profileImg.png', 1);
INSERT INTO playlist_detail(playlist_id, track_id, order_no) VALUES(104, '3qN5qMTKyEEmiTZD38BNTT', 1);
INSERT INTO playlist_detail(playlist_id, track_id, order_no) VALUES(104, '7p2wRa4m9KVXEXUlkJLhUi', 2);
INSERT INTO playlist_detail(playlist_id, track_id, order_no) VALUES(104, '5XbA7TAqsD0fj0dGBrbb0D', 3);
INSERT INTO playlist(id, user_id, title, description, thumbnail_url, is_public) VALUES (105, 35, '플리35_3', 'desc35_3', '/img/profileImg.png', 1);
INSERT INTO playlist_detail(playlist_id, track_id, order_no) VALUES(105, '5qw6fieMlvOWhpMcoldr7C', 1);
INSERT INTO playlist_detail(playlist_id, track_id, order_no) VALUES(105, '7H3cuCPaX9WHZXQ0Q9RlxH', 2);
INSERT INTO playlist_detail(playlist_id, track_id, order_no) VALUES(105, '0mL82sxCRjrs3br407IdJh', 3);
INSERT INTO playlist(id, user_id, title, description, thumbnail_url, is_public) VALUES (106, 36, '플리36_1', 'desc36_1', '/img/profileImg.png', 1);
INSERT INTO playlist_detail(playlist_id, track_id, order_no) VALUES(106, '4ppTAJUbNXELZcoUaL90wo', 1);
INSERT INTO playlist_detail(playlist_id, track_id, order_no) VALUES(106, '2vy9Ry1TNjCD85TiCbTz0r', 2);
INSERT INTO playlist_detail(playlist_id, track_id, order_no) VALUES(106, '1G73gINM14qd8cE3Lf8V1z', 3);
INSERT INTO playlist(id, user_id, title, description, thumbnail_url, is_public) VALUES (107, 36, '플리36_2', 'desc36_2', '/img/profileImg.png', 1);
INSERT INTO playlist_detail(playlist_id, track_id, order_no) VALUES(107, '3V8wDzLWWl1O1Hdldf3TsF', 1);
INSERT INTO playlist_detail(playlist_id, track_id, order_no) VALUES(107, '2nibvvDdAQkVraYP00z2RS', 2);
INSERT INTO playlist_detail(playlist_id, track_id, order_no) VALUES(107, '1HnhCD1u0c4dHSMazmWGyM', 3);
INSERT INTO playlist(id, user_id, title, description, thumbnail_url, is_public) VALUES (108, 36, '플리36_3', 'desc36_3', '/img/profileImg.png', 1);
INSERT INTO playlist_detail(playlist_id, track_id, order_no) VALUES(108, '1IIW2rIolLy3kJpx4QOJRN', 1);
INSERT INTO playlist_detail(playlist_id, track_id, order_no) VALUES(108, '2HSmyk2qMN8WQjuGhaQgCk', 2);
INSERT INTO playlist_detail(playlist_id, track_id, order_no) VALUES(108, '3xrYWQcYn1mcix1xc3m4BR', 3);
INSERT INTO playlist(id, user_id, title, description, thumbnail_url, is_public) VALUES (109, 37, '플리37_1', 'desc37_1', '/img/profileImg.png', 1);
INSERT INTO playlist_detail(playlist_id, track_id, order_no) VALUES(109, '4ghGrdxwqLA6ZoCiu0u4IR', 1);
INSERT INTO playlist_detail(playlist_id, track_id, order_no) VALUES(109, '3XuUzHVw3f2wZRE6RyoMtM', 2);
INSERT INTO playlist_detail(playlist_id, track_id, order_no) VALUES(109, '2mgzUVvDpb1zMSB4glLQ6T', 3);
INSERT INTO playlist(id, user_id, title, description, thumbnail_url, is_public) VALUES (110, 37, '플리37_2', 'desc37_2', '/img/profileImg.png', 1);
INSERT INTO playlist_detail(playlist_id, track_id, order_no) VALUES(110, '3dbLT62Cvs46Ju7a8gpr36', 1);
INSERT INTO playlist_detail(playlist_id, track_id, order_no) VALUES(110, '0koCW3qYu6cpHvLA61AEPQ', 2);
INSERT INTO playlist_detail(playlist_id, track_id, order_no) VALUES(110, '7jslhIiELQkgW9IHeYNOWE', 3);
INSERT INTO playlist(id, user_id, title, description, thumbnail_url, is_public) VALUES (111, 37, '플리37_3', 'desc37_3', '/img/profileImg.png', 1);
INSERT INTO playlist_detail(playlist_id, track_id, order_no) VALUES(111, '0ArVfVP8B5svkfj8clHNzB', 1);
INSERT INTO playlist_detail(playlist_id, track_id, order_no) VALUES(111, '4rmVZajAF7PkrCagGPHbqa', 2);
INSERT INTO playlist_detail(playlist_id, track_id, order_no) VALUES(111, '0awY0gg3Mla7fUbavFrVco', 3);
INSERT INTO playlist(id, user_id, title, description, thumbnail_url, is_public) VALUES (112, 38, '플리38_1', 'desc38_1', '/img/profileImg.png', 1);
INSERT INTO playlist_detail(playlist_id, track_id, order_no) VALUES(112, '3kgqHVqfiabABjaFi9Tnhn', 1);
INSERT INTO playlist_detail(playlist_id, track_id, order_no) VALUES(112, '4rmVZajAF7PkrCagGPHbqa', 2);
INSERT INTO playlist_detail(playlist_id, track_id, order_no) VALUES(112, '0iURDeNo6p5nSZfSQa0CX0', 3);
INSERT INTO playlist(id, user_id, title, description, thumbnail_url, is_public) VALUES (113, 38, '플리38_2', 'desc38_2', '/img/profileImg.png', 1);
INSERT INTO playlist_detail(playlist_id, track_id, order_no) VALUES(113, '3RXUgPNIbUgFxsDWuBQEt6', 1);
INSERT INTO playlist_detail(playlist_id, track_id, order_no) VALUES(113, '4v7SAP4KD96BFLWiCd1vF0', 2);
INSERT INTO playlist_detail(playlist_id, track_id, order_no) VALUES(113, '31kNjKUQC8pMaEyY4BSdba', 3);
INSERT INTO playlist(id, user_id, title, description, thumbnail_url, is_public) VALUES (114, 38, '플리38_3', 'desc38_3', '/img/profileImg.png', 1);
INSERT INTO playlist_detail(playlist_id, track_id, order_no) VALUES(114, '2KkwatFSB6jXTAOt653W0e', 1);
INSERT INTO playlist_detail(playlist_id, track_id, order_no) VALUES(114, '5Ee4IyhPaOVRMc15fUOeG9', 2);
INSERT INTO playlist_detail(playlist_id, track_id, order_no) VALUES(114, '6NEoeBLQbOMw92qMeLfI40', 3);
INSERT INTO playlist(id, user_id, title, description, thumbnail_url, is_public) VALUES (115, 39, '플리39_1', 'desc39_1', '/img/profileImg.png', 1);
INSERT INTO playlist_detail(playlist_id, track_id, order_no) VALUES(115, '0K3w6WNawZlv6Izmsrye8o', 1);
INSERT INTO playlist_detail(playlist_id, track_id, order_no) VALUES(115, '0FIDCNYYjNvPVimz5icugS', 2);
INSERT INTO playlist_detail(playlist_id, track_id, order_no) VALUES(115, '3r9jWD2MMaRN3ptJGt4nec', 3);
INSERT INTO playlist(id, user_id, title, description, thumbnail_url, is_public) VALUES (116, 39, '플리39_2', 'desc39_2', '/img/profileImg.png', 1);
INSERT INTO playlist_detail(playlist_id, track_id, order_no) VALUES(116, '7p2wRa4m9KVXEXUlkJLhUi', 1);
INSERT INTO playlist_detail(playlist_id, track_id, order_no) VALUES(116, '7G0by64JaYIEnkFqDb1cZ6', 2);
INSERT INTO playlist_detail(playlist_id, track_id, order_no) VALUES(116, '6saOZuU1qAiPKfeWglYuEi', 3);
INSERT INTO playlist(id, user_id, title, description, thumbnail_url, is_public) VALUES (117, 39, '플리39_3', 'desc39_3', '/img/profileImg.png', 1);
INSERT INTO playlist_detail(playlist_id, track_id, order_no) VALUES(117, '7Gvjyorf9YUq4RgJ3hAYuk', 1);
INSERT INTO playlist_detail(playlist_id, track_id, order_no) VALUES(117, '7skxtd9x0d05fjz4D7w3t2', 2);
INSERT INTO playlist_detail(playlist_id, track_id, order_no) VALUES(117, '7G0by64JaYIEnkFqDb1cZ6', 3);
INSERT INTO playlist(id, user_id, title, description, thumbnail_url, is_public) VALUES (118, 40, '플리40_1', 'desc40_1', '/img/profileImg.png', 1);
INSERT INTO playlist_detail(playlist_id, track_id, order_no) VALUES(118, '44mXea90sdkzwv2qqDuOKX', 1);
INSERT INTO playlist_detail(playlist_id, track_id, order_no) VALUES(118, '3SLIkSNtoRyCaoQbitw88X', 2);
INSERT INTO playlist_detail(playlist_id, track_id, order_no) VALUES(118, '4ppTAJUbNXELZcoUaL90wo', 3);
INSERT INTO playlist(id, user_id, title, description, thumbnail_url, is_public) VALUES (119, 40, '플리40_2', 'desc40_2', '/img/profileImg.png', 1);
INSERT INTO playlist_detail(playlist_id, track_id, order_no) VALUES(119, '3IHt4j5uAEl7iBu8Utn985', 1);
INSERT INTO playlist_detail(playlist_id, track_id, order_no) VALUES(119, '1wUnuiXMMvhudmzvcCtlZP', 2);
INSERT INTO playlist_detail(playlist_id, track_id, order_no) VALUES(119, '0KqCs7XM8rsaRg9Kv8PbUa', 3);
INSERT INTO playlist(id, user_id, title, description, thumbnail_url, is_public) VALUES (120, 40, '플리40_3', 'desc40_3', '/img/profileImg.png', 1);
INSERT INTO playlist_detail(playlist_id, track_id, order_no) VALUES(120, '5Ggfa9cpkpfp5D6Rg0Yyw1', 1);
INSERT INTO playlist_detail(playlist_id, track_id, order_no) VALUES(120, '31kNjKUQC8pMaEyY4BSdba', 2);
INSERT INTO playlist_detail(playlist_id, track_id, order_no) VALUES(120, '2T0cn0hvGrG8vqqB8sK4zX', 3);
INSERT INTO playlist(id, user_id, title, description, thumbnail_url, is_public) VALUES (121, 41, '플리41_1', 'desc41_1', '/img/profileImg.png', 1);
INSERT INTO playlist_detail(playlist_id, track_id, order_no) VALUES(121, '7kkTxGgEzFzNVMORmTN06P', 1);
INSERT INTO playlist_detail(playlist_id, track_id, order_no) VALUES(121, '3t8pnImpBpOwxdtYBpKvA9', 2);
INSERT INTO playlist_detail(playlist_id, track_id, order_no) VALUES(121, '1nH2PkJL1XoUq8oE6tBZoU', 3);
INSERT INTO playlist(id, user_id, title, description, thumbnail_url, is_public) VALUES (122, 41, '플리41_2', 'desc41_2', '/img/profileImg.png', 1);
INSERT INTO playlist_detail(playlist_id, track_id, order_no) VALUES(122, '12d5QFwzh60IIHlsSnAvps', 1);
INSERT INTO playlist_detail(playlist_id, track_id, order_no) VALUES(122, '6s64FyS9n0XYbGMLH3LOWU', 2);
INSERT INTO playlist_detail(playlist_id, track_id, order_no) VALUES(122, '1t2qYCAjUAoGfeFeoBlK51', 3);
INSERT INTO playlist(id, user_id, title, description, thumbnail_url, is_public) VALUES (123, 41, '플리41_3', 'desc41_3', '/img/profileImg.png', 1);
INSERT INTO playlist_detail(playlist_id, track_id, order_no) VALUES(123, '0GaBIpyHvytM1UBYmqXu08', 1);
INSERT INTO playlist_detail(playlist_id, track_id, order_no) VALUES(123, '7kJyHFVVZMv1wQYRU9de9d', 3);
INSERT INTO playlist(id, user_id, title, description, thumbnail_url, is_public) VALUES (124, 42, '플리42_1', 'desc42_1', '/img/profileImg.png', 1);
INSERT INTO playlist_detail(playlist_id, track_id, order_no) VALUES(124, '44mXea90sdkzwv2qqDuOKX', 1);
INSERT INTO playlist_detail(playlist_id, track_id, order_no) VALUES(124, '1OHoBC4icbuNhpSxP400sv', 2);
INSERT INTO playlist_detail(playlist_id, track_id, order_no) VALUES(124, '59PATAuhwksxKQUsUHCp3X', 3);
INSERT INTO playlist(id, user_id, title, description, thumbnail_url, is_public) VALUES (125, 42, '플리42_2', 'desc42_2', '/img/profileImg.png', 1);
INSERT INTO playlist_detail(playlist_id, track_id, order_no) VALUES(125, '3N3d4OWbPVxTQVBFqNyykk', 1);
INSERT INTO playlist_detail(playlist_id, track_id, order_no) VALUES(125, '0z7S7ArhLtHl2vzXyYPfIH', 2);
INSERT INTO playlist_detail(playlist_id, track_id, order_no) VALUES(125, '7J1P951xPFJa07HNTDnmxy', 3);
INSERT INTO playlist(id, user_id, title, description, thumbnail_url, is_public) VALUES (126, 42, '플리42_3', 'desc42_3', '/img/profileImg.png', 1);
INSERT INTO playlist_detail(playlist_id, track_id, order_no) VALUES(126, '2j1lH8K6luee5lvCPNKQ1u', 1);
INSERT INTO playlist_detail(playlist_id, track_id, order_no) VALUES(126, '2tUL6dZf1mywCj5WvCPZw6', 2);
INSERT INTO playlist_detail(playlist_id, track_id, order_no) VALUES(126, '6DO4hUFQKjYzyQ8sD2ovfu', 3);
INSERT INTO playlist(id, user_id, title, description, thumbnail_url, is_public) VALUES (127, 43, '플리43_1', 'desc43_1', '/img/profileImg.png', 1);
INSERT INTO playlist_detail(playlist_id, track_id, order_no) VALUES(127, '5GK7eDDTVz7CTge1wJrDQW', 1);
INSERT INTO playlist_detail(playlist_id, track_id, order_no) VALUES(127, '0B0tYbVp7pDQAqKDhgMeaL', 2);
INSERT INTO playlist_detail(playlist_id, track_id, order_no) VALUES(127, '6rVCUwfnuYTAsX4P9fIdIu', 3);
INSERT INTO playlist(id, user_id, title, description, thumbnail_url, is_public) VALUES (128, 43, '플리43_2', 'desc43_2', '/img/profileImg.png', 1);
INSERT INTO playlist_detail(playlist_id, track_id, order_no) VALUES(128, '3i2w6O98pzUUmqRJavWF6f', 1);
INSERT INTO playlist_detail(playlist_id, track_id, order_no) VALUES(128, '127QTOFJsJQp5LbJbu3A1y', 2);
INSERT INTO playlist_detail(playlist_id, track_id, order_no) VALUES(128, '7D5ElMtI2mcfvAKo5lstZ4', 3);
INSERT INTO playlist(id, user_id, title, description, thumbnail_url, is_public) VALUES (129, 43, '플리43_3', 'desc43_3', '/img/profileImg.png', 1);
INSERT INTO playlist_detail(playlist_id, track_id, order_no) VALUES(129, '0BjwL3YD48FtGt9rC5t5fY', 1);
INSERT INTO playlist_detail(playlist_id, track_id, order_no) VALUES(129, '7DJiHj3AaaG0Rw35sibG96', 2);
INSERT INTO playlist_detail(playlist_id, track_id, order_no) VALUES(129, '0ei3uNcwJOiUocuks1vWcb', 3);
INSERT INTO playlist(id, user_id, title, description, thumbnail_url, is_public) VALUES (130, 44, '플리44_1', 'desc44_1', '/img/profileImg.png', 1);
INSERT INTO playlist_detail(playlist_id, track_id, order_no) VALUES(130, '34QlcZ3BZxRrZh4x3jMm1A', 1);
INSERT INTO playlist_detail(playlist_id, track_id, order_no) VALUES(130, '4HG1YiGBseVKzjyKcmAJen', 2);
INSERT INTO playlist_detail(playlist_id, track_id, order_no) VALUES(130, '37F0uwRSrdzkBiuj0D5UHI', 3);
INSERT INTO playlist(id, user_id, title, description, thumbnail_url, is_public) VALUES (131, 44, '플리44_2', 'desc44_2', '/img/profileImg.png', 1);
INSERT INTO playlist_detail(playlist_id, track_id, order_no) VALUES(131, '4cRBqWBjuccCowYVHFlXK6', 1);
INSERT INTO playlist_detail(playlist_id, track_id, order_no) VALUES(131, '58yC1Q6XKjmHeWkEWh9O6B', 2);
INSERT INTO playlist_detail(playlist_id, track_id, order_no) VALUES(131, '6sJ6EoG4vyUC1tW718ww7f', 3);
INSERT INTO playlist(id, user_id, title, description, thumbnail_url, is_public) VALUES (132, 44, '플리44_3', 'desc44_3', '/img/profileImg.png', 1);
INSERT INTO playlist_detail(playlist_id, track_id, order_no) VALUES(132, '6M3PsepEj5gyJoIi7Xvr7u', 1);
INSERT INTO playlist_detail(playlist_id, track_id, order_no) VALUES(132, '7hRlTK3mgFTBEjX7DjqBsI', 2);
INSERT INTO playlist_detail(playlist_id, track_id, order_no) VALUES(132, '4k2iYdpCZYH3eQX2bVKOku', 3);
INSERT INTO playlist(id, user_id, title, description, thumbnail_url, is_public) VALUES (133, 45, '플리45_1', 'desc45_1', '/img/profileImg.png', 1);
INSERT INTO playlist_detail(playlist_id, track_id, order_no) VALUES(133, '5PjyQ1UDDAT4mIiTYI320C', 1);
INSERT INTO playlist_detail(playlist_id, track_id, order_no) VALUES(133, '0u24lLekIGJ0CifIrHdD8N', 2);
INSERT INTO playlist_detail(playlist_id, track_id, order_no) VALUES(133, '6jfCSH3je1KU6IYlBc2vVH', 3);
INSERT INTO playlist(id, user_id, title, description, thumbnail_url, is_public) VALUES (134, 45, '플리45_2', 'desc45_2', '/img/profileImg.png', 1);
INSERT INTO playlist_detail(playlist_id, track_id, order_no) VALUES(134, '2gyHr9WqZeMtzJOpWGuGo6', 1);
INSERT INTO playlist_detail(playlist_id, track_id, order_no) VALUES(134, '6H0uHtgOFj6EGmnJfVwXpx', 2);
INSERT INTO playlist_detail(playlist_id, track_id, order_no) VALUES(134, '4XTXamS1g4g93jPxyuFJJ6', 3);
INSERT INTO playlist(id, user_id, title, description, thumbnail_url, is_public) VALUES (135, 45, '플리45_3', 'desc45_3', '/img/profileImg.png', 1);
INSERT INTO playlist_detail(playlist_id, track_id, order_no) VALUES(135, '0QTSn3s6sd9Cq0N7Ir1wdA', 1);
INSERT INTO playlist_detail(playlist_id, track_id, order_no) VALUES(135, '7gNB9Xa5NBY2Y8tFmpOlwk', 2);
INSERT INTO playlist_detail(playlist_id, track_id, order_no) VALUES(135, '6RQm1foz7qduRVaCQBZdzf', 3);
INSERT INTO playlist(id, user_id, title, description, thumbnail_url, is_public) VALUES (136, 46, '플리46_1', 'desc46_1', '/img/profileImg.png', 1);
INSERT INTO playlist_detail(playlist_id, track_id, order_no) VALUES(136, '2YaDRtIlQiZ5WDDB2YuEOC', 1);
INSERT INTO playlist_detail(playlist_id, track_id, order_no) VALUES(136, '40MXr7BMh3ShPf2b9giSRt', 2);
INSERT INTO playlist_detail(playlist_id, track_id, order_no) VALUES(136, '1GaV3vb90TFmiSJFuljrN1', 3);
INSERT INTO playlist(id, user_id, title, description, thumbnail_url, is_public) VALUES (137, 46, '플리46_2', 'desc46_2', '/img/profileImg.png', 1);
INSERT INTO playlist_detail(playlist_id, track_id, order_no) VALUES(137, '7qmvLmX9tyaTiBAVNI6YEn', 1);
INSERT INTO playlist_detail(playlist_id, track_id, order_no) VALUES(137, '0w3Mfe4PIVjuFjJbe3OlYv', 2);
INSERT INTO playlist_detail(playlist_id, track_id, order_no) VALUES(137, '1gZADNt16Oh23jWyMYRk4p', 3);
INSERT INTO playlist(id, user_id, title, description, thumbnail_url, is_public) VALUES (138, 46, '플리46_3', 'desc46_3', '/img/profileImg.png', 1);
INSERT INTO playlist_detail(playlist_id, track_id, order_no) VALUES(138, '0wzPHTgOtFIDhk2rD3Au4x', 1);
INSERT INTO playlist_detail(playlist_id, track_id, order_no) VALUES(138, '5zJl9VWCSdpu3ZJayP8CdB', 2);
INSERT INTO playlist_detail(playlist_id, track_id, order_no) VALUES(138, '2Mdwtq37upAaTrghSA1RnF', 3);
INSERT INTO playlist(id, user_id, title, description, thumbnail_url, is_public) VALUES (139, 47, '플리47_1', 'desc47_1', '/img/profileImg.png', 1);
INSERT INTO playlist_detail(playlist_id, track_id, order_no) VALUES(139, '6s64FyS9n0XYbGMLH3LOWU', 1);
INSERT INTO playlist_detail(playlist_id, track_id, order_no) VALUES(139, '4h90qkbnW1Qq6pBhoPvwko', 2);
INSERT INTO playlist_detail(playlist_id, track_id, order_no) VALUES(139, '4523QJggj8ZHat1ABu747i', 3);
INSERT INTO playlist(id, user_id, title, description, thumbnail_url, is_public) VALUES (140, 47, '플리47_2', 'desc47_2', '/img/profileImg.png', 1);
INSERT INTO playlist_detail(playlist_id, track_id, order_no) VALUES(140, '6n3HGiq4v35D6eFOSwqYuo', 1);
INSERT INTO playlist_detail(playlist_id, track_id, order_no) VALUES(140, '3dojEtzUKwDAzLyRDdi8WD', 2);
INSERT INTO playlist_detail(playlist_id, track_id, order_no) VALUES(140, '1us5wNgZc0YLT8RQQs2Q7L', 3);
INSERT INTO playlist(id, user_id, title, description, thumbnail_url, is_public) VALUES (141, 47, '플리47_3', 'desc47_3', '/img/profileImg.png', 1);
INSERT INTO playlist_detail(playlist_id, track_id, order_no) VALUES(141, '4dQKl7ixo4Aw395DDW1Rmy', 1);
INSERT INTO playlist_detail(playlist_id, track_id, order_no) VALUES(141, '3DV2xXDpxZKF0taEowHh5D', 2);
INSERT INTO playlist_detail(playlist_id, track_id, order_no) VALUES(141, '4kJn7armCJDav48yCu3yKh', 3);
INSERT INTO playlist(id, user_id, title, description, thumbnail_url, is_public) VALUES (142, 48, '플리48_1', 'desc48_1', '/img/profileImg.png', 1);
INSERT INTO playlist_detail(playlist_id, track_id, order_no) VALUES(142, '6s64FyS9n0XYbGMLH3LOWU', 1);
INSERT INTO playlist_detail(playlist_id, track_id, order_no) VALUES(142, '6NwhtCYkfwWlcR62Ac4E7y', 2);
INSERT INTO playlist_detail(playlist_id, track_id, order_no) VALUES(142, '19D8LNpWwIPpi6hs9BG7dq', 3);
INSERT INTO playlist(id, user_id, title, description, thumbnail_url, is_public) VALUES (143, 48, '플리48_2', 'desc48_2', '/img/profileImg.png', 1);
INSERT INTO playlist_detail(playlist_id, track_id, order_no) VALUES(143, '5ZicFGBDAi9J2YCVesboUp', 1);
INSERT INTO playlist_detail(playlist_id, track_id, order_no) VALUES(143, '7h2fuB9cDFhdq9q3DsjiwY', 2);
INSERT INTO playlist_detail(playlist_id, track_id, order_no) VALUES(143, '6ojrylBvc8SkXGjr02FjRX', 3);
INSERT INTO playlist(id, user_id, title, description, thumbnail_url, is_public) VALUES (144, 48, '플리48_3', 'desc48_3', '/img/profileImg.png', 1);
INSERT INTO playlist_detail(playlist_id, track_id, order_no) VALUES(144, '5rzI6Jnlhx8DgVgsOLorfW', 1);
INSERT INTO playlist_detail(playlist_id, track_id, order_no) VALUES(144, '0BsZkMfQV2hoVbAjbSanr9', 2);
INSERT INTO playlist_detail(playlist_id, track_id, order_no) VALUES(144, '7zZb7Eh3OcB1JPEHvf0Lyw', 3);
INSERT INTO playlist(id, user_id, title, description, thumbnail_url, is_public) VALUES (145, 49, '플리49_1', 'desc49_1', '/img/profileImg.png', 1);
INSERT INTO playlist_detail(playlist_id, track_id, order_no) VALUES(145, '7y6c07pgjZvtHI9kuMVqk1', 1);
INSERT INTO playlist_detail(playlist_id, track_id, order_no) VALUES(145, '3IDZYcnTpLKKaB0KoW3BoE', 2);
INSERT INTO playlist_detail(playlist_id, track_id, order_no) VALUES(145, '59LCK6UpQY1qhGPEp66AZp', 3);
INSERT INTO playlist(id, user_id, title, description, thumbnail_url, is_public) VALUES (146, 49, '플리49_2', 'desc49_2', '/img/profileImg.png', 1);
INSERT INTO playlist_detail(playlist_id, track_id, order_no) VALUES(146, '4QOZCYcZYf35zWewgZrlOE', 1);
INSERT INTO playlist_detail(playlist_id, track_id, order_no) VALUES(146, '7bvkyTwVkylUGJvz1UMjFk', 2);
INSERT INTO playlist_detail(playlist_id, track_id, order_no) VALUES(146, '3sDIlJZzYNHtnSuuOxvTal', 3);
INSERT INTO playlist(id, user_id, title, description, thumbnail_url, is_public) VALUES (147, 49, '플리49_3', 'desc49_3', '/img/profileImg.png', 1);
INSERT INTO playlist_detail(playlist_id, track_id, order_no) VALUES(147, '3Gk1LfB771PIEGgsEa7gcV', 1);
INSERT INTO playlist_detail(playlist_id, track_id, order_no) VALUES(147, '5WlVx0a6VedSJ60JFYpRBp', 2);
INSERT INTO playlist_detail(playlist_id, track_id, order_no) VALUES(147, '1XsRwo2it6QHdV2OiT6IzF', 3);
INSERT INTO playlist(id, user_id, title, description, thumbnail_url, is_public) VALUES (148, 50, '플리50_1', 'desc50_1', '/img/profileImg.png', 1);
INSERT INTO playlist_detail(playlist_id, track_id, order_no) VALUES(148, '39PgM7eFpkCYFENXgdFQnG', 1);
INSERT INTO playlist_detail(playlist_id, track_id, order_no) VALUES(148, '16FRIbCsgA60AiJpTh2wYX', 2);
INSERT INTO playlist_detail(playlist_id, track_id, order_no) VALUES(148, '37zcCimcUGurQoLEAuN8nR', 3);
INSERT INTO playlist(id, user_id, title, description, thumbnail_url, is_public) VALUES (149, 50, '플리50_2', 'desc50_2', '/img/profileImg.png', 1);
INSERT INTO playlist_detail(playlist_id, track_id, order_no) VALUES(149, '6zzdyvVWjGrQBraSvuqJPY', 1);
INSERT INTO playlist_detail(playlist_id, track_id, order_no) VALUES(149, '5673WA8EEUSPx1ir26lhGW', 2);
INSERT INTO playlist_detail(playlist_id, track_id, order_no) VALUES(149, '7EdJ8z6IBotTjO50DfzzuV', 3);
INSERT INTO playlist(id, user_id, title, description, thumbnail_url, is_public) VALUES (150, 50, '플리50_3', 'desc50_3', '/img/profileImg.png', 1);
INSERT INTO playlist_detail(playlist_id, track_id, order_no) VALUES(150, '1eoHLwYFCgpemHFQuMsV9w', 1);
INSERT INTO playlist_detail(playlist_id, track_id, order_no) VALUES(150, '0ymDgXNt5qdPZmeSpAf3P0', 2);
INSERT INTO playlist_detail(playlist_id, track_id, order_no) VALUES(150, '2GunxLIF4vI2rV218VktP6', 3);
INSERT INTO playlist(id, user_id, title, description, thumbnail_url, is_public) VALUES (151, 51, '플리51_1', 'desc51_1', '/img/profileImg.png', 1);
INSERT INTO playlist_detail(playlist_id, track_id, order_no) VALUES(151, '0UJRzax7oFLoK8Sb9IcPcm', 1);
INSERT INTO playlist_detail(playlist_id, track_id, order_no) VALUES(151, '0bcZ7xN9IcjSNxLerzR2yl', 2);
INSERT INTO playlist_detail(playlist_id, track_id, order_no) VALUES(151, '5sBDrrtLGbV64QJnEqfjer', 3);
INSERT INTO playlist(id, user_id, title, description, thumbnail_url, is_public) VALUES (152, 51, '플리51_2', 'desc51_2', '/img/profileImg.png', 1);
INSERT INTO playlist_detail(playlist_id, track_id, order_no) VALUES(152, '4523QJggj8ZHat1ABu747i', 1);
INSERT INTO playlist_detail(playlist_id, track_id, order_no) VALUES(152, '6AIxmLiDNHFQgZstB4lzDB', 2);
INSERT INTO playlist_detail(playlist_id, track_id, order_no) VALUES(152, '6L2krdgbmcdsFX9unFWv5d', 3);
INSERT INTO playlist(id, user_id, title, description, thumbnail_url, is_public) VALUES (153, 51, '플리51_3', 'desc51_3', '/img/profileImg.png', 1);
INSERT INTO playlist_detail(playlist_id, track_id, order_no) VALUES(153, '0Fsl0mlmjIrAwjIwjFQ8NC', 1);
INSERT INTO playlist_detail(playlist_id, track_id, order_no) VALUES(153, '2yg9UN4eo5eMVJ7OB4RWj3', 2);
INSERT INTO playlist_detail(playlist_id, track_id, order_no) VALUES(153, '7MjSipTto9QljYzZnloXOn', 3);
INSERT INTO playlist(id, user_id, title, description, thumbnail_url, is_public) VALUES (154, 52, '플리52_1', 'desc52_1', '/img/profileImg.png', 1);
INSERT INTO playlist_detail(playlist_id, track_id, order_no) VALUES(154, '2pIUpMhHL6L9Z5lnKxJJr9', 1);
INSERT INTO playlist_detail(playlist_id, track_id, order_no) VALUES(154, '1xWhryugRBpNXx4o947UVh', 2);
INSERT INTO playlist_detail(playlist_id, track_id, order_no) VALUES(154, '0luScPN4CGX9SjAhvM6PcH', 3);
INSERT INTO playlist(id, user_id, title, description, thumbnail_url, is_public) VALUES (155, 52, '플리52_2', 'desc52_2', '/img/profileImg.png', 1);
INSERT INTO playlist_detail(playlist_id, track_id, order_no) VALUES(155, '1HnhCD1u0c4dHSMazmWGyM', 1);
INSERT INTO playlist_detail(playlist_id, track_id, order_no) VALUES(155, '2SLwbpExuoBDZBpjfefCtV', 2);
INSERT INTO playlist_detail(playlist_id, track_id, order_no) VALUES(155, '71VKjJjn76sn5Tt8X8Ay8c', 3);
INSERT INTO playlist(id, user_id, title, description, thumbnail_url, is_public) VALUES (156, 52, '플리52_3', 'desc52_3', '/img/profileImg.png', 1);
INSERT INTO playlist_detail(playlist_id, track_id, order_no) VALUES(156, '3DCc4HPrVukBeaDGe3Cosk', 1);
INSERT INTO playlist_detail(playlist_id, track_id, order_no) VALUES(156, '0JGoOLSl8A80mSPBL7ya9U', 2);
INSERT INTO playlist_detail(playlist_id, track_id, order_no) VALUES(156, '0MzhwexwISJcZjCl1XQDKR', 3);
INSERT INTO playlist(id, user_id, title, description, thumbnail_url, is_public) VALUES (157, 53, '플리53_1', 'desc53_1', '/img/profileImg.png', 1);
INSERT INTO playlist_detail(playlist_id, track_id, order_no) VALUES(157, '42m3eP1JJhtzffal9B136J', 1);
INSERT INTO playlist_detail(playlist_id, track_id, order_no) VALUES(157, '0FPVmgKKm0vsCD2Zd7eMqp', 2);
INSERT INTO playlist_detail(playlist_id, track_id, order_no) VALUES(157, '2fkeWbM6iqTw7oGHTYm2lw', 3);
INSERT INTO playlist(id, user_id, title, description, thumbnail_url, is_public) VALUES (158, 53, '플리53_2', 'desc53_2', '/img/profileImg.png', 1);
INSERT INTO playlist_detail(playlist_id, track_id, order_no) VALUES(158, '5rzI6Jnlhx8DgVgsOLorfW', 1);
INSERT INTO playlist_detail(playlist_id, track_id, order_no) VALUES(158, '4Vdlt72CFQprR2kf2jeSaL', 2);
INSERT INTO playlist_detail(playlist_id, track_id, order_no) VALUES(158, '7v1X2PGU3uZXu7tzFTTsSh', 3);
INSERT INTO playlist(id, user_id, title, description, thumbnail_url, is_public) VALUES (159, 53, '플리53_3', 'desc53_3', '/img/profileImg.png', 1);
INSERT INTO playlist_detail(playlist_id, track_id, order_no) VALUES(159, '4Poz3qJ8a4NJWDGWDS3a94', 1);
INSERT INTO playlist_detail(playlist_id, track_id, order_no) VALUES(159, '7cJm6ENCOTONwAMBPN1U9r', 2);
INSERT INTO playlist_detail(playlist_id, track_id, order_no) VALUES(159, '5Cp75TUMrHF6c8xbhdligS', 3);
INSERT INTO playlist(id, user_id, title, description, thumbnail_url, is_public) VALUES (160, 54, '플리54_1', 'desc54_1', '/img/profileImg.png', 1);
INSERT INTO playlist_detail(playlist_id, track_id, order_no) VALUES(160, '5LAKjqbB5uurPpxFEicd9S', 1);
INSERT INTO playlist_detail(playlist_id, track_id, order_no) VALUES(160, '1GMufNnkKAnPLnqKJ5HHxW', 2);
INSERT INTO playlist_detail(playlist_id, track_id, order_no) VALUES(160, '5Bk9c44CuJAsekptAplhWD', 3);
INSERT INTO playlist(id, user_id, title, description, thumbnail_url, is_public) VALUES (161, 54, '플리54_2', 'desc54_2', '/img/profileImg.png', 1);
INSERT INTO playlist_detail(playlist_id, track_id, order_no) VALUES(161, '4SaGaLbcshvQ4admgCkYdP', 1);
INSERT INTO playlist_detail(playlist_id, track_id, order_no) VALUES(161, '1t2qYCAjUAoGfeFeoBlK51', 2);
INSERT INTO playlist_detail(playlist_id, track_id, order_no) VALUES(161, '7yAy2gL2rtatS56jzkakhr', 3);
INSERT INTO playlist(id, user_id, title, description, thumbnail_url, is_public) VALUES (162, 54, '플리54_3', 'desc54_3', '/img/profileImg.png', 1);
INSERT INTO playlist_detail(playlist_id, track_id, order_no) VALUES(162, '48RN2EOOyG2Gs5Pyla7ZJj', 1);
INSERT INTO playlist_detail(playlist_id, track_id, order_no) VALUES(162, '3Z1L6Ydho7WZHFWHsdDsiA', 2);
INSERT INTO playlist_detail(playlist_id, track_id, order_no) VALUES(162, '4EDijkJdHBZZ0GwJ12iTAj', 3);
INSERT INTO playlist(id, user_id, title, description, thumbnail_url, is_public) VALUES (163, 55, '플리55_1', 'desc55_1', '/img/profileImg.png', 1);
INSERT INTO playlist_detail(playlist_id, track_id, order_no) VALUES(163, '2xqYe0JXuRj68Cu9pw1Htq', 1);
INSERT INTO playlist_detail(playlist_id, track_id, order_no) VALUES(163, '7LrJvgTAuXnRgJvnsrHx57', 2);
INSERT INTO playlist_detail(playlist_id, track_id, order_no) VALUES(163, '39PgM7eFpkCYFENXgdFQnG', 3);
INSERT INTO playlist(id, user_id, title, description, thumbnail_url, is_public) VALUES (164, 55, '플리55_2', 'desc55_2', '/img/profileImg.png', 1);
INSERT INTO playlist_detail(playlist_id, track_id, order_no) VALUES(164, '1CPZ5BxNNd0n0nF4Orb9JS', 1);
INSERT INTO playlist_detail(playlist_id, track_id, order_no) VALUES(164, '1cKHdTo9u0ZymJdPGSh6nq', 2);
INSERT INTO playlist_detail(playlist_id, track_id, order_no) VALUES(164, '4523QJggj8ZHat1ABu747i', 3);
INSERT INTO playlist(id, user_id, title, description, thumbnail_url, is_public) VALUES (165, 55, '플리55_3', 'desc55_3', '/img/profileImg.png', 1);
INSERT INTO playlist_detail(playlist_id, track_id, order_no) VALUES(165, '4oeaIftdpT3JuZLcCkKmVE', 1);
INSERT INTO playlist_detail(playlist_id, track_id, order_no) VALUES(165, '5M1n6xeBtHTgg50ztjGgRw', 2);
INSERT INTO playlist_detail(playlist_id, track_id, order_no) VALUES(165, '5c5FujzDDLo3XYss4OO3hi', 3);
INSERT INTO playlist(id, user_id, title, description, thumbnail_url, is_public) VALUES (166, 56, '플리56_1', 'desc56_1', '/img/profileImg.png', 1);
INSERT INTO playlist_detail(playlist_id, track_id, order_no) VALUES(166, '4c2xt1trwYZpMqPWY35Xi9', 1);
INSERT INTO playlist_detail(playlist_id, track_id, order_no) VALUES(166, '3NxAG2ni1lLa8RKL6a0INc', 2);
INSERT INTO playlist_detail(playlist_id, track_id, order_no) VALUES(166, '6a8vt3DULkInboV43feS5I', 3);
INSERT INTO playlist(id, user_id, title, description, thumbnail_url, is_public) VALUES (167, 56, '플리56_2', 'desc56_2', '/img/profileImg.png', 1);
INSERT INTO playlist_detail(playlist_id, track_id, order_no) VALUES(167, '3y8jFVB4SVPiOXWRnOWiWj', 1);
INSERT INTO playlist_detail(playlist_id, track_id, order_no) VALUES(167, '0Fsl0mlmjIrAwjIwjFQ8NC', 2);
INSERT INTO playlist_detail(playlist_id, track_id, order_no) VALUES(167, '6tohHT5sQRMjdWHMNn190u', 3);
INSERT INTO playlist(id, user_id, title, description, thumbnail_url, is_public) VALUES (168, 56, '플리56_3', 'desc56_3', '/img/profileImg.png', 1);
INSERT INTO playlist_detail(playlist_id, track_id, order_no) VALUES(168, '3Upq1Ljn7YpFS6jJL13glH', 1);
INSERT INTO playlist_detail(playlist_id, track_id, order_no) VALUES(168, '6rVCUwfnuYTAsX4P9fIdIu', 2);
INSERT INTO playlist_detail(playlist_id, track_id, order_no) VALUES(168, '2j1lH8K6luee5lvCPNKQ1u', 3);
INSERT INTO playlist(id, user_id, title, description, thumbnail_url, is_public) VALUES (169, 57, '플리57_1', 'desc57_1', '/img/profileImg.png', 1);
INSERT INTO playlist_detail(playlist_id, track_id, order_no) VALUES(169, '2DSy4HfDQoBsPPcRSoeM16', 1);
INSERT INTO playlist_detail(playlist_id, track_id, order_no) VALUES(169, '1JdqLu74P8HXiie7i8e0ks', 2);
INSERT INTO playlist_detail(playlist_id, track_id, order_no) VALUES(169, '1S9DHKpS73KFVN7nnIql3f', 3);
INSERT INTO playlist(id, user_id, title, description, thumbnail_url, is_public) VALUES (170, 57, '플리57_2', 'desc57_2', '/img/profileImg.png', 1);
INSERT INTO playlist_detail(playlist_id, track_id, order_no) VALUES(170, '5LnXWeA9tuWKI2C1H74iiJ', 1);
INSERT INTO playlist_detail(playlist_id, track_id, order_no) VALUES(170, '7KxWAxnc5v27PO8YyhySn8', 2);
INSERT INTO playlist_detail(playlist_id, track_id, order_no) VALUES(170, '1nSzCAvAvzJj5oIt7m90G0', 3);
INSERT INTO playlist(id, user_id, title, description, thumbnail_url, is_public) VALUES (171, 57, '플리57_3', 'desc57_3', '/img/profileImg.png', 1);
INSERT INTO playlist_detail(playlist_id, track_id, order_no) VALUES(171, '5ScbulRnixQ2XAdvrPMFjz', 1);
INSERT INTO playlist_detail(playlist_id, track_id, order_no) VALUES(171, '34scBtso4UA1hjju5t5FYE', 2);
INSERT INTO playlist_detail(playlist_id, track_id, order_no) VALUES(171, '1gGU3FKR2pXcYpaLb4fAVn', 3);
INSERT INTO playlist(id, user_id, title, description, thumbnail_url, is_public) VALUES (172, 58, '플리58_1', 'desc58_1', '/img/profileImg.png', 1);
INSERT INTO playlist_detail(playlist_id, track_id, order_no) VALUES(172, '2uUnODsWs7UZhXjmcKM9J6', 1);
INSERT INTO playlist_detail(playlist_id, track_id, order_no) VALUES(172, '1lwYe6UZTE4anFP1MCBbf8', 2);
INSERT INTO playlist_detail(playlist_id, track_id, order_no) VALUES(172, '3DV2xXDpxZKF0taEowHh5D', 3);
INSERT INTO playlist(id, user_id, title, description, thumbnail_url, is_public) VALUES (173, 58, '플리58_2', 'desc58_2', '/img/profileImg.png', 1);
INSERT INTO playlist_detail(playlist_id, track_id, order_no) VALUES(173, '2eWQpIEAfotVXiIZPtvMqr', 1);
INSERT INTO playlist_detail(playlist_id, track_id, order_no) VALUES(173, '5RlqhZfTao31aQUO2QjpkG', 2);
INSERT INTO playlist_detail(playlist_id, track_id, order_no) VALUES(173, '7470s7SMyvDU6wHH6bG1yN', 3);
INSERT INTO playlist(id, user_id, title, description, thumbnail_url, is_public) VALUES (174, 58, '플리58_3', 'desc58_3', '/img/profileImg.png', 1);
INSERT INTO playlist_detail(playlist_id, track_id, order_no) VALUES(174, '1S9DHKpS73KFVN7nnIql3f', 1);
INSERT INTO playlist_detail(playlist_id, track_id, order_no) VALUES(174, '3X37NtwadSS0RM20dh2IgP', 2);
INSERT INTO playlist_detail(playlist_id, track_id, order_no) VALUES(174, '0yvvXndlocJeq0ODgfKSaq', 3);
INSERT INTO playlist(id, user_id, title, description, thumbnail_url, is_public) VALUES (175, 59, '플리59_1', 'desc59_1', '/img/profileImg.png', 1);
INSERT INTO playlist_detail(playlist_id, track_id, order_no) VALUES(175, '0nAZGkBGKQCXyaoSJfRhC1', 1);
INSERT INTO playlist_detail(playlist_id, track_id, order_no) VALUES(175, '1jT1njjQ3JU6DYonYRG8MU', 2);
INSERT INTO playlist_detail(playlist_id, track_id, order_no) VALUES(175, '3vAdBZvbr3bFBiSLT4iVap', 3);
INSERT INTO playlist(id, user_id, title, description, thumbnail_url, is_public) VALUES (176, 59, '플리59_2', 'desc59_2', '/img/profileImg.png', 1);
INSERT INTO playlist_detail(playlist_id, track_id, order_no) VALUES(176, '1PDP7mLiAMwhfmgIwzhOm2', 1);
INSERT INTO playlist_detail(playlist_id, track_id, order_no) VALUES(176, '5syO3TqduLpA8GcQqPfLAE', 2);
INSERT INTO playlist_detail(playlist_id, track_id, order_no) VALUES(176, '3uO7ElBnVSrqUteXcWqBXF', 3);
INSERT INTO playlist(id, user_id, title, description, thumbnail_url, is_public) VALUES (177, 59, '플리59_3', 'desc59_3', '/img/profileImg.png', 1);
INSERT INTO playlist_detail(playlist_id, track_id, order_no) VALUES(177, '1AqyAbANWcx0B4f0WpYeM2', 1);
INSERT INTO playlist_detail(playlist_id, track_id, order_no) VALUES(177, '3y8jFVB4SVPiOXWRnOWiWj', 2);
INSERT INTO playlist_detail(playlist_id, track_id, order_no) VALUES(177, '7hNt3FV7cxcagH4TSWaHze', 3);
INSERT INTO playlist(id, user_id, title, description, thumbnail_url, is_public) VALUES (178, 60, '플리60_1', 'desc60_1', '/img/profileImg.png', 1);
INSERT INTO playlist_detail(playlist_id, track_id, order_no) VALUES(178, '6hAznmvhIfHE4vSZYsyONI', 1);
INSERT INTO playlist_detail(playlist_id, track_id, order_no) VALUES(178, '0C9WCzHmvl6GvIIn7Tq3pn', 2);
INSERT INTO playlist_detail(playlist_id, track_id, order_no) VALUES(178, '7noW8HUez2ndOvFq5kBD1S', 3);
INSERT INTO playlist(id, user_id, title, description, thumbnail_url, is_public) VALUES (179, 60, '플리60_2', 'desc60_2', '/img/profileImg.png', 1);
INSERT INTO playlist_detail(playlist_id, track_id, order_no) VALUES(179, '7kJyHFVVZMv1wQYRU9de9d', 1);
INSERT INTO playlist_detail(playlist_id, track_id, order_no) VALUES(179, '1dUHF4RyMmMTveJ0Rby6Xm', 2);
INSERT INTO playlist_detail(playlist_id, track_id, order_no) VALUES(179, '34D6FJysnQioVingDKufuf', 3);
INSERT INTO playlist(id, user_id, title, description, thumbnail_url, is_public) VALUES (180, 60, '플리60_3', 'desc60_3', '/img/profileImg.png', 1);
INSERT INTO playlist_detail(playlist_id, track_id, order_no) VALUES(180, '2HSmyk2qMN8WQjuGhaQgCk', 1);
INSERT INTO playlist_detail(playlist_id, track_id, order_no) VALUES(180, '4SAdGgCEZ5S8wtcDcGxjDN', 2);
INSERT INTO playlist_detail(playlist_id, track_id, order_no) VALUES(180, '2d8xiUGjUalhOp4t6M2i0w', 3);
INSERT INTO playlist(id, user_id, title, description, thumbnail_url, is_public) VALUES (181, 61, '플리61_1', 'desc61_1', '/img/profileImg.png', 1);
INSERT INTO playlist_detail(playlist_id, track_id, order_no) VALUES(181, '5kdt3O2kCcXE7mSGKaiW6V', 1);
INSERT INTO playlist_detail(playlist_id, track_id, order_no) VALUES(181, '7noW8HUez2ndOvFq5kBD1S', 2);
INSERT INTO playlist_detail(playlist_id, track_id, order_no) VALUES(181, '37vULhf6YM1HbrqcZmbxOV', 3);
INSERT INTO playlist(id, user_id, title, description, thumbnail_url, is_public) VALUES (182, 61, '플리61_2', 'desc61_2', '/img/profileImg.png', 1);
INSERT INTO playlist_detail(playlist_id, track_id, order_no) VALUES(182, '5RlqhZfTao31aQUO2QjpkG', 1);
INSERT INTO playlist_detail(playlist_id, track_id, order_no) VALUES(182, '28irpKCCK9nn9DZSik2zEx', 2);
INSERT INTO playlist_detail(playlist_id, track_id, order_no) VALUES(182, '1NlK2NtpuUazpziLhnJwEV', 3);
INSERT INTO playlist(id, user_id, title, description, thumbnail_url, is_public) VALUES (183, 61, '플리61_3', 'desc61_3', '/img/profileImg.png', 1);
INSERT INTO playlist_detail(playlist_id, track_id, order_no) VALUES(183, '0r9tyybf8eV2cvSpBnQH0e', 1);
INSERT INTO playlist_detail(playlist_id, track_id, order_no) VALUES(183, '6BCDS43QqQkK6TWg9F2YhO', 2);
INSERT INTO playlist_detail(playlist_id, track_id, order_no) VALUES(183, '0G9Umz9jxpkOpfGnhuAyAU', 3);
INSERT INTO playlist(id, user_id, title, description, thumbnail_url, is_public) VALUES (184, 62, '플리62_1', 'desc62_1', '/img/profileImg.png', 1);
INSERT INTO playlist_detail(playlist_id, track_id, order_no) VALUES(184, '21tsRwilbdY4zybfafpt9n', 1);
INSERT INTO playlist_detail(playlist_id, track_id, order_no) VALUES(184, '7zYINyILSPRlfVbV78rUI0', 2);
INSERT INTO playlist_detail(playlist_id, track_id, order_no) VALUES(184, '3rE5PBReux0vbrIqbWFLnt', 3);
INSERT INTO playlist(id, user_id, title, description, thumbnail_url, is_public) VALUES (185, 62, '플리62_2', 'desc62_2', '/img/profileImg.png', 1);
INSERT INTO playlist_detail(playlist_id, track_id, order_no) VALUES(185, '2T9O6E83LKAWNAs4FD4TqD', 1);
INSERT INTO playlist_detail(playlist_id, track_id, order_no) VALUES(185, '6DO4hUFQKjYzyQ8sD2ovfu', 2);
INSERT INTO playlist_detail(playlist_id, track_id, order_no) VALUES(185, '6NEoeBLQbOMw92qMeLfI40', 3);
INSERT INTO playlist(id, user_id, title, description, thumbnail_url, is_public) VALUES (186, 62, '플리62_3', 'desc62_3', '/img/profileImg.png', 1);
INSERT INTO playlist_detail(playlist_id, track_id, order_no) VALUES(186, '56v8WEnGzLByGsDAXDiv4d', 1);
INSERT INTO playlist_detail(playlist_id, track_id, order_no) VALUES(186, '4bF4MxTGnNj8dTW0LZmAx5', 2);
INSERT INTO playlist_detail(playlist_id, track_id, order_no) VALUES(186, '0qBeDyhZu5oER3MEu3lQ3P', 3);
INSERT INTO playlist(id, user_id, title, description, thumbnail_url, is_public) VALUES (187, 63, '플리63_1', 'desc63_1', '/img/profileImg.png', 1);
INSERT INTO playlist_detail(playlist_id, track_id, order_no) VALUES(187, '6tB01QHgH9YuVA8TomAzni', 1);
INSERT INTO playlist_detail(playlist_id, track_id, order_no) VALUES(187, '7pxDPXacBRqfV0ZGh9WtFD', 2);
INSERT INTO playlist_detail(playlist_id, track_id, order_no) VALUES(187, '0YRxvM2dnH5ikS3nIxGUnj', 3);
INSERT INTO playlist(id, user_id, title, description, thumbnail_url, is_public) VALUES (188, 63, '플리63_2', 'desc63_2', '/img/profileImg.png', 1);
INSERT INTO playlist_detail(playlist_id, track_id, order_no) VALUES(188, '54KjiczcYLLYNVX49JtFKA', 1);
INSERT INTO playlist_detail(playlist_id, track_id, order_no) VALUES(188, '4AZ4Y1QAOLBwnWaX9cguoF', 2);
INSERT INTO playlist_detail(playlist_id, track_id, order_no) VALUES(188, '6GRwto16rPuypVyb2Z5rLh', 3);
INSERT INTO playlist(id, user_id, title, description, thumbnail_url, is_public) VALUES (189, 63, '플리63_3', 'desc63_3', '/img/profileImg.png', 1);
INSERT INTO playlist_detail(playlist_id, track_id, order_no) VALUES(189, '44uutxt81rrT9V9vsK32FN', 1);
INSERT INTO playlist_detail(playlist_id, track_id, order_no) VALUES(189, '1kNdtonJXHorsVpWerK8C2', 2);
INSERT INTO playlist_detail(playlist_id, track_id, order_no) VALUES(189, '5dkjKoFSjCeGmR1P7wGlxF', 3);
INSERT INTO playlist(id, user_id, title, description, thumbnail_url, is_public) VALUES (190, 64, '플리64_1', 'desc64_1', '/img/profileImg.png', 1);
INSERT INTO playlist_detail(playlist_id, track_id, order_no) VALUES(190, '0Ul7obXHe7Ri1xRuQUZNwX', 1);
INSERT INTO playlist_detail(playlist_id, track_id, order_no) VALUES(190, '54uNtM77iZ5gawWBQGnEar', 2);
INSERT INTO playlist_detail(playlist_id, track_id, order_no) VALUES(190, '6a4GH1gljLL7VvmO9u5O92', 3);
INSERT INTO playlist(id, user_id, title, description, thumbnail_url, is_public) VALUES (191, 64, '플리64_2', 'desc64_2', '/img/profileImg.png', 1);
INSERT INTO playlist_detail(playlist_id, track_id, order_no) VALUES(191, '0MHStU0muAIEMbwdnebYu2', 1);
INSERT INTO playlist_detail(playlist_id, track_id, order_no) VALUES(191, '7HX1VOiPj1oMlgZ3OQ92B6', 2);
INSERT INTO playlist_detail(playlist_id, track_id, order_no) VALUES(191, '1oYV1xSoGhxG0AY4SJVT76', 3);
INSERT INTO playlist(id, user_id, title, description, thumbnail_url, is_public) VALUES (192, 64, '플리64_3', 'desc64_3', '/img/profileImg.png', 1);
INSERT INTO playlist_detail(playlist_id, track_id, order_no) VALUES(192, '1WFj1P1TUJJXH1R41PP9Vg', 1);
INSERT INTO playlist_detail(playlist_id, track_id, order_no) VALUES(192, '2lru9kAhhVCuz7lkm3VRAH', 2);
INSERT INTO playlist_detail(playlist_id, track_id, order_no) VALUES(192, '0LukDtOZSbHMxt69F4AZHO', 3);
INSERT INTO playlist(id, user_id, title, description, thumbnail_url, is_public) VALUES (193, 65, '플리65_1', 'desc65_1', '/img/profileImg.png', 1);
INSERT INTO playlist_detail(playlist_id, track_id, order_no) VALUES(193, '11L064movtyopGdLiX4sVg', 1);
INSERT INTO playlist_detail(playlist_id, track_id, order_no) VALUES(193, '5JA4q7xkeSxmhgfAkPWnWW', 2);
INSERT INTO playlist_detail(playlist_id, track_id, order_no) VALUES(193, '4SaGaLbcshvQ4admgCkYdP', 3);
INSERT INTO playlist(id, user_id, title, description, thumbnail_url, is_public) VALUES (194, 65, '플리65_2', 'desc65_2', '/img/profileImg.png', 1);
INSERT INTO playlist_detail(playlist_id, track_id, order_no) VALUES(194, '3kOtREqmcGaEA2KhqffFnw', 1);
INSERT INTO playlist_detail(playlist_id, track_id, order_no) VALUES(194, '3JZjcKImHcmOI9ylL4zrSc', 2);
INSERT INTO playlist_detail(playlist_id, track_id, order_no) VALUES(194, '4MTzEtZG2iinE0ulL3pyup', 3);
INSERT INTO playlist(id, user_id, title, description, thumbnail_url, is_public) VALUES (195, 65, '플리65_3', 'desc65_3', '/img/profileImg.png', 1);
INSERT INTO playlist_detail(playlist_id, track_id, order_no) VALUES(195, '0g2Bbgy7P41pFjMWJuzsf4', 1);
INSERT INTO playlist_detail(playlist_id, track_id, order_no) VALUES(195, '4pHQ9RYFhn3W0ha5KEuMnj', 2);
INSERT INTO playlist_detail(playlist_id, track_id, order_no) VALUES(195, '7LT5HRxYa3QGKibJfdhDh6', 3);
INSERT INTO playlist(id, user_id, title, description, thumbnail_url, is_public) VALUES (196, 66, '플리66_1', 'desc66_1', '/img/profileImg.png', 1);
INSERT INTO playlist_detail(playlist_id, track_id, order_no) VALUES(196, '2yD6jt9CQQApZc9MAVHeJn', 1);
INSERT INTO playlist_detail(playlist_id, track_id, order_no) VALUES(196, '2durxb17bXcmQJHSt8JAdO', 2);
INSERT INTO playlist_detail(playlist_id, track_id, order_no) VALUES(196, '7bvkyTwVkylUGJvz1UMjFk', 3);
INSERT INTO playlist(id, user_id, title, description, thumbnail_url, is_public) VALUES (197, 66, '플리66_2', 'desc66_2', '/img/profileImg.png', 1);
INSERT INTO playlist_detail(playlist_id, track_id, order_no) VALUES(197, '29fsVDL9T36N0tyD7ByLdI', 1);
INSERT INTO playlist_detail(playlist_id, track_id, order_no) VALUES(197, '2X32KinciUCloLWMGpTCFU', 2);
INSERT INTO playlist_detail(playlist_id, track_id, order_no) VALUES(197, '4BhGTc3Cgay2U1QcTS7vQe', 3);
INSERT INTO playlist(id, user_id, title, description, thumbnail_url, is_public) VALUES (198, 66, '플리66_3', 'desc66_3', '/img/profileImg.png', 1);
INSERT INTO playlist_detail(playlist_id, track_id, order_no) VALUES(198, '6Yj7Zhxt73uvwFFvzQXdxO', 1);
INSERT INTO playlist_detail(playlist_id, track_id, order_no) VALUES(198, '4cRBqWBjuccCowYVHFlXK6', 2);
INSERT INTO playlist_detail(playlist_id, track_id, order_no) VALUES(198, '6CfrYuD3YRDYdYvH9jNtXY', 3);
INSERT INTO playlist(id, user_id, title, description, thumbnail_url, is_public) VALUES (199, 67, '플리67_1', 'desc67_1', '/img/profileImg.png', 1);
INSERT INTO playlist_detail(playlist_id, track_id, order_no) VALUES(199, '4523QJggj8ZHat1ABu747i', 1);
INSERT INTO playlist_detail(playlist_id, track_id, order_no) VALUES(199, '4mOWnjz30frv1pKMM6DNfv', 2);
INSERT INTO playlist_detail(playlist_id, track_id, order_no) VALUES(199, '0FPVmgKKm0vsCD2Zd7eMqp', 3);
INSERT INTO playlist(id, user_id, title, description, thumbnail_url, is_public) VALUES (200, 67, '플리67_2', 'desc67_2', '/img/profileImg.png', 1);
INSERT INTO playlist_detail(playlist_id, track_id, order_no) VALUES(200, '0AYt6NMyyLd0rLuvr0UkMH', 1);
INSERT INTO playlist_detail(playlist_id, track_id, order_no) VALUES(200, '3CktmDvZGj21m3pNFj5Lr3', 2);
INSERT INTO playlist_detail(playlist_id, track_id, order_no) VALUES(200, '23TP6Un2LWuBH13dCymqAt', 3);
INSERT INTO playlist(id, user_id, title, description, thumbnail_url, is_public) VALUES (201, 67, '플리67_3', 'desc67_3', '/img/profileImg.png', 1);
INSERT INTO playlist_detail(playlist_id, track_id, order_no) VALUES(201, '3N3d4OWbPVxTQVBFqNyykk', 1);
INSERT INTO playlist_detail(playlist_id, track_id, order_no) VALUES(201, '3YQLmSVH53eao8Whgzipuy', 2);
INSERT INTO playlist_detail(playlist_id, track_id, order_no) VALUES(201, '4gowy3WT6D1yhMLgRBlf9C', 3);
INSERT INTO playlist(id, user_id, title, description, thumbnail_url, is_public) VALUES (202, 68, '플리68_1', 'desc68_1', '/img/profileImg.png', 1);
INSERT INTO playlist_detail(playlist_id, track_id, order_no) VALUES(202, '57GsLpRtEtrzcPGPop20rS', 1);
INSERT INTO playlist_detail(playlist_id, track_id, order_no) VALUES(202, '2rOJPyasbcVXcsLheZEVt0', 2);
INSERT INTO playlist_detail(playlist_id, track_id, order_no) VALUES(202, '2hcohLIysMxofYziluXCoX', 3);
INSERT INTO playlist(id, user_id, title, description, thumbnail_url, is_public) VALUES (203, 68, '플리68_2', 'desc68_2', '/img/profileImg.png', 1);
INSERT INTO playlist_detail(playlist_id, track_id, order_no) VALUES(203, '5zJl9VWCSdpu3ZJayP8CdB', 1);
INSERT INTO playlist_detail(playlist_id, track_id, order_no) VALUES(203, '2mgzUVvDpb1zMSB4glLQ6T', 2);
INSERT INTO playlist_detail(playlist_id, track_id, order_no) VALUES(203, '1us5wNgZc0YLT8RQQs2Q7L', 3);
INSERT INTO playlist(id, user_id, title, description, thumbnail_url, is_public) VALUES (204, 68, '플리68_3', 'desc68_3', '/img/profileImg.png', 1);
INSERT INTO playlist_detail(playlist_id, track_id, order_no) VALUES(204, '1ImRS2KtSaDZcj9vQTxwFA', 1);
INSERT INTO playlist_detail(playlist_id, track_id, order_no) VALUES(204, '6i5fDaCzwxRrZtuvvcqoIf', 2);
INSERT INTO playlist_detail(playlist_id, track_id, order_no) VALUES(204, '7uVKvaDWDpss7Ldj9kypLX', 3);
INSERT INTO playlist(id, user_id, title, description, thumbnail_url, is_public) VALUES (205, 69, '플리69_1', 'desc69_1', '/img/profileImg.png', 1);
INSERT INTO playlist_detail(playlist_id, track_id, order_no) VALUES(205, '4m1ljdrm6B5j4mz61vw2rN', 1);
INSERT INTO playlist_detail(playlist_id, track_id, order_no) VALUES(205, '6XZ8C5etRn0kiS1wwuW0SO', 2);
INSERT INTO playlist_detail(playlist_id, track_id, order_no) VALUES(205, '0WdJTI3UVvUMbLwPk5ObKI', 3);
INSERT INTO playlist(id, user_id, title, description, thumbnail_url, is_public) VALUES (206, 69, '플리69_2', 'desc69_2', '/img/profileImg.png', 1);
INSERT INTO playlist_detail(playlist_id, track_id, order_no) VALUES(206, '0nAZGkBGKQCXyaoSJfRhC1', 1);
INSERT INTO playlist_detail(playlist_id, track_id, order_no) VALUES(206, '2WC4sK0ryyysQhtDok9Ytr', 2);
INSERT INTO playlist_detail(playlist_id, track_id, order_no) VALUES(206, '6LFW4dEsLeiGluniXRgVYr', 3);
INSERT INTO playlist(id, user_id, title, description, thumbnail_url, is_public) VALUES (207, 69, '플리69_3', 'desc69_3', '/img/profileImg.png', 1);
INSERT INTO playlist_detail(playlist_id, track_id, order_no) VALUES(207, '0YRxvM2dnH5ikS3nIxGUnj', 1);
INSERT INTO playlist_detail(playlist_id, track_id, order_no) VALUES(207, '7bi5vk9KoY6Flkat31ViYD', 2);
INSERT INTO playlist_detail(playlist_id, track_id, order_no) VALUES(207, '6hYigmTwbw1OoCiSPfu9EH', 3);
INSERT INTO playlist(id, user_id, title, description, thumbnail_url, is_public) VALUES (208, 70, '플리70_1', 'desc70_1', '/img/profileImg.png', 1);
INSERT INTO playlist_detail(playlist_id, track_id, order_no) VALUES(208, '0dkB3lhbWvyCq7nQTMokQ0', 1);
INSERT INTO playlist_detail(playlist_id, track_id, order_no) VALUES(208, '0SZZOg2yCKMN4VMAsrIDaK', 2);
INSERT INTO playlist_detail(playlist_id, track_id, order_no) VALUES(208, '2v0AG62ZHtD3I4YmTb3WYM', 3);
INSERT INTO playlist(id, user_id, title, description, thumbnail_url, is_public) VALUES (209, 70, '플리70_2', 'desc70_2', '/img/profileImg.png', 1);
INSERT INTO playlist_detail(playlist_id, track_id, order_no) VALUES(209, '5hFWGFM4sAebbkwR74loGH', 1);
INSERT INTO playlist_detail(playlist_id, track_id, order_no) VALUES(209, '4Z3DK6g92f9DGfVHKoEF9a', 2);
INSERT INTO playlist_detail(playlist_id, track_id, order_no) VALUES(209, '7v1X2PGU3uZXu7tzFTTsSh', 3);
INSERT INTO playlist(id, user_id, title, description, thumbnail_url, is_public) VALUES (210, 70, '플리70_3', 'desc70_3', '/img/profileImg.png', 1);
INSERT INTO playlist_detail(playlist_id, track_id, order_no) VALUES(210, '0w3Mfe4PIVjuFjJbe3OlYv', 1);
INSERT INTO playlist_detail(playlist_id, track_id, order_no) VALUES(210, '72Oliqc3JRn4MddvndTh7P', 2);
INSERT INTO playlist_detail(playlist_id, track_id, order_no) VALUES(210, '1oeUB0uN1MpMPJnGxb77xG', 3);
INSERT INTO playlist(id, user_id, title, description, thumbnail_url, is_public) VALUES (211, 71, '플리71_1', 'desc71_1', '/img/profileImg.png', 1);
INSERT INTO playlist_detail(playlist_id, track_id, order_no) VALUES(211, '6vLEVk6tX8RSMTHlwT7Ecm', 1);
INSERT INTO playlist_detail(playlist_id, track_id, order_no) VALUES(211, '3AWDeHLc88XogCaCnZQLVI', 2);
INSERT INTO playlist_detail(playlist_id, track_id, order_no) VALUES(211, '0ymDgXNt5qdPZmeSpAf3P0', 3);
INSERT INTO playlist(id, user_id, title, description, thumbnail_url, is_public) VALUES (212, 71, '플리71_2', 'desc71_2', '/img/profileImg.png', 1);
INSERT INTO playlist_detail(playlist_id, track_id, order_no) VALUES(212, '5YjTawmFVPxnKcO3RktXGs', 1);
INSERT INTO playlist_detail(playlist_id, track_id, order_no) VALUES(212, '61S79KIVA4I9FXbnsylEHT', 2);
INSERT INTO playlist_detail(playlist_id, track_id, order_no) VALUES(212, '7aqfrAY2p9BUSiupwk3svU', 3);
INSERT INTO playlist(id, user_id, title, description, thumbnail_url, is_public) VALUES (213, 71, '플리71_3', 'desc71_3', '/img/profileImg.png', 1);
INSERT INTO playlist_detail(playlist_id, track_id, order_no) VALUES(213, '37rYTgp8QkSMyDPgIkGNkf', 1);
INSERT INTO playlist_detail(playlist_id, track_id, order_no) VALUES(213, '2eWQpIEAfotVXiIZPtvMqr', 2);
INSERT INTO playlist_detail(playlist_id, track_id, order_no) VALUES(213, '1us5wNgZc0YLT8RQQs2Q7L', 3);
INSERT INTO playlist(id, user_id, title, description, thumbnail_url, is_public) VALUES (214, 72, '플리72_1', 'desc72_1', '/img/profileImg.png', 1);
INSERT INTO playlist_detail(playlist_id, track_id, order_no) VALUES(214, '0NWqNXBJTpXbkI5rPWNy3p', 1);
INSERT INTO playlist_detail(playlist_id, track_id, order_no) VALUES(214, '4523QJggj8ZHat1ABu747i', 2);
INSERT INTO playlist_detail(playlist_id, track_id, order_no) VALUES(214, '6hAznmvhIfHE4vSZYsyONI', 3);
INSERT INTO playlist(id, user_id, title, description, thumbnail_url, is_public) VALUES (215, 72, '플리72_2', 'desc72_2', '/img/profileImg.png', 1);
INSERT INTO playlist_detail(playlist_id, track_id, order_no) VALUES(215, '6bvZRLLkBKkmgpBJTTj3QK', 1);
INSERT INTO playlist_detail(playlist_id, track_id, order_no) VALUES(215, '0sTBOp1hdayTjw6UOyPyi6', 2);
INSERT INTO playlist_detail(playlist_id, track_id, order_no) VALUES(215, '41a7dZcq30Ss5kPMayWRV0', 3);
INSERT INTO playlist(id, user_id, title, description, thumbnail_url, is_public) VALUES (216, 72, '플리72_3', 'desc72_3', '/img/profileImg.png', 1);
INSERT INTO playlist_detail(playlist_id, track_id, order_no) VALUES(216, '3eh51r6rFWAlGQRlHx9QnQ', 1);
INSERT INTO playlist_detail(playlist_id, track_id, order_no) VALUES(216, '6V9TlCdwLeQes4FX5zxz3f', 2);
INSERT INTO playlist_detail(playlist_id, track_id, order_no) VALUES(216, '4W4fNrZYkobj539TOWsLO2', 3);
INSERT INTO playlist(id, user_id, title, description, thumbnail_url, is_public) VALUES (217, 73, '플리73_1', 'desc73_1', '/img/profileImg.png', 1);
INSERT INTO playlist_detail(playlist_id, track_id, order_no) VALUES(217, '0FPYpKHJ3SuxKLaToGajtY', 1);
INSERT INTO playlist_detail(playlist_id, track_id, order_no) VALUES(217, '25paAMh66DSVgqYTOlVeHC', 2);
INSERT INTO playlist_detail(playlist_id, track_id, order_no) VALUES(217, '2dfqS3MRtbLZSZA1IL8xY5', 3);
INSERT INTO playlist(id, user_id, title, description, thumbnail_url, is_public) VALUES (218, 73, '플리73_2', 'desc73_2', '/img/profileImg.png', 1);
INSERT INTO playlist_detail(playlist_id, track_id, order_no) VALUES(218, '5594ru3efvd674gEeSaJYU', 1);
INSERT INTO playlist_detail(playlist_id, track_id, order_no) VALUES(218, '2FauI2onZLXgsr9dz6HWKn', 2);
INSERT INTO playlist_detail(playlist_id, track_id, order_no) VALUES(218, '3vAdBZvbr3bFBiSLT4iVap', 3);
INSERT INTO playlist(id, user_id, title, description, thumbnail_url, is_public) VALUES (219, 73, '플리73_3', 'desc73_3', '/img/profileImg.png', 1);
INSERT INTO playlist_detail(playlist_id, track_id, order_no) VALUES(219, '7J2orRXjH1Y2vkCA7zEIhW', 1);
INSERT INTO playlist_detail(playlist_id, track_id, order_no) VALUES(219, '0Nwar8rweBUyfyuoyjjUvk', 2);
INSERT INTO playlist_detail(playlist_id, track_id, order_no) VALUES(219, '78aURwMzynDMan7DfSWwsI', 3);
INSERT INTO playlist(id, user_id, title, description, thumbnail_url, is_public) VALUES (220, 74, '플리74_1', 'desc74_1', '/img/profileImg.png', 1);
INSERT INTO playlist_detail(playlist_id, track_id, order_no) VALUES(220, '1AqyAbANWcx0B4f0WpYeM2', 1);
INSERT INTO playlist_detail(playlist_id, track_id, order_no) VALUES(220, '0xa4hvXeYHRRNhA7wBfUar', 2);
INSERT INTO playlist_detail(playlist_id, track_id, order_no) VALUES(220, '0ijomTqDdgr5eJZh3fhEWB', 3);
INSERT INTO playlist(id, user_id, title, description, thumbnail_url, is_public) VALUES (221, 74, '플리74_2', 'desc74_2', '/img/profileImg.png', 1);
INSERT INTO playlist_detail(playlist_id, track_id, order_no) VALUES(221, '0OPx1iz5ElDOcryHdwWfce', 1);
INSERT INTO playlist_detail(playlist_id, track_id, order_no) VALUES(221, '1Gsw3AyAvDulZI9lHIRr3E', 2);
INSERT INTO playlist_detail(playlist_id, track_id, order_no) VALUES(221, '6zKlGJXteHq8KRKaLnUfCs', 3);
INSERT INTO playlist(id, user_id, title, description, thumbnail_url, is_public) VALUES (222, 74, '플리74_3', 'desc74_3', '/img/profileImg.png', 1);
INSERT INTO playlist_detail(playlist_id, track_id, order_no) VALUES(222, '5fpyAakgFOm4YTXkgfPzvV', 1);
INSERT INTO playlist_detail(playlist_id, track_id, order_no) VALUES(222, '3kOtREqmcGaEA2KhqffFnw', 2);
INSERT INTO playlist_detail(playlist_id, track_id, order_no) VALUES(222, '7y6c07pgjZvtHI9kuMVqk1', 3);
INSERT INTO playlist(id, user_id, title, description, thumbnail_url, is_public) VALUES (223, 75, '플리75_1', 'desc75_1', '/img/profileImg.png', 1);
INSERT INTO playlist_detail(playlist_id, track_id, order_no) VALUES(223, '1OscRS80PF5n0hDkI9S1F2', 1);
INSERT INTO playlist_detail(playlist_id, track_id, order_no) VALUES(223, '34scBtso4UA1hjju5t5FYE', 2);
INSERT INTO playlist_detail(playlist_id, track_id, order_no) VALUES(223, '5qwjdbcy6uaZpQNSbB7zXB', 3);
INSERT INTO playlist(id, user_id, title, description, thumbnail_url, is_public) VALUES (224, 75, '플리75_2', 'desc75_2', '/img/profileImg.png', 1);
INSERT INTO playlist_detail(playlist_id, track_id, order_no) VALUES(224, '2vy9Ry1TNjCD85TiCbTz0r', 1);
INSERT INTO playlist_detail(playlist_id, track_id, order_no) VALUES(224, '4MTzEtZG2iinE0ulL3pyup', 2);
INSERT INTO playlist_detail(playlist_id, track_id, order_no) VALUES(224, '7gNB9Xa5NBY2Y8tFmpOlwk', 3);
INSERT INTO playlist(id, user_id, title, description, thumbnail_url, is_public) VALUES (225, 75, '플리75_3', 'desc75_3', '/img/profileImg.png', 1);
INSERT INTO playlist_detail(playlist_id, track_id, order_no) VALUES(225, '04BF53Rb6LOpDUJG518IqS', 1);
INSERT INTO playlist_detail(playlist_id, track_id, order_no) VALUES(225, '0zqy3ss4CwD6u4QPksS0nI', 2);
INSERT INTO playlist_detail(playlist_id, track_id, order_no) VALUES(225, '57zypVDrqyXAJhnfvd3v8j', 3);
INSERT INTO playlist(id, user_id, title, description, thumbnail_url, is_public) VALUES (226, 76, '플리76_1', 'desc76_1', '/img/profileImg.png', 1);
INSERT INTO playlist_detail(playlist_id, track_id, order_no) VALUES(226, '2gyHr9WqZeMtzJOpWGuGo6', 1);
INSERT INTO playlist_detail(playlist_id, track_id, order_no) VALUES(226, '41a7dZcq30Ss5kPMayWRV0', 2);
INSERT INTO playlist_detail(playlist_id, track_id, order_no) VALUES(226, '5LByxLn1X1Q9vr0xa4ZLYf', 3);
INSERT INTO playlist(id, user_id, title, description, thumbnail_url, is_public) VALUES (227, 76, '플리76_2', 'desc76_2', '/img/profileImg.png', 1);
INSERT INTO playlist_detail(playlist_id, track_id, order_no) VALUES(227, '27BgDmciSjoxTG0almHTpZ', 1);
INSERT INTO playlist_detail(playlist_id, track_id, order_no) VALUES(227, '3CA9pLiwRIGtUBiMjbZmRw', 2);
INSERT INTO playlist_detail(playlist_id, track_id, order_no) VALUES(227, '1v24T2ug4TlssYZvI3aL4O', 3);
INSERT INTO playlist(id, user_id, title, description, thumbnail_url, is_public) VALUES (228, 76, '플리76_3', 'desc76_3', '/img/profileImg.png', 1);
INSERT INTO playlist_detail(playlist_id, track_id, order_no) VALUES(228, '4pHQ9RYFhn3W0ha5KEuMnj', 1);
INSERT INTO playlist_detail(playlist_id, track_id, order_no) VALUES(228, '3UKKwGrpWWamc0XNSKXjmz', 2);
INSERT INTO playlist_detail(playlist_id, track_id, order_no) VALUES(228, '3oJ2x2zkGfmzk7ZT3lpAUG', 3);
INSERT INTO playlist(id, user_id, title, description, thumbnail_url, is_public) VALUES (229, 77, '플리77_1', 'desc77_1', '/img/profileImg.png', 1);
INSERT INTO playlist_detail(playlist_id, track_id, order_no) VALUES(229, '4SAdGgCEZ5S8wtcDcGxjDN', 1);
INSERT INTO playlist_detail(playlist_id, track_id, order_no) VALUES(229, '7hxvMTEUOXEKDZ3nnUqbdJ', 2);
INSERT INTO playlist_detail(playlist_id, track_id, order_no) VALUES(229, '4oeaIftdpT3JuZLcCkKmVE', 3);
INSERT INTO playlist(id, user_id, title, description, thumbnail_url, is_public) VALUES (230, 77, '플리77_2', 'desc77_2', '/img/profileImg.png', 1);
INSERT INTO playlist_detail(playlist_id, track_id, order_no) VALUES(230, '49PBvg9QELHDx3bMHRTA2s', 1);
INSERT INTO playlist_detail(playlist_id, track_id, order_no) VALUES(230, '6vLEVk6tX8RSMTHlwT7Ecm', 2);
INSERT INTO playlist_detail(playlist_id, track_id, order_no) VALUES(230, '2Z7DOCFmui7BBB8vbLlgR1', 3);
INSERT INTO playlist(id, user_id, title, description, thumbnail_url, is_public) VALUES (231, 77, '플리77_3', 'desc77_3', '/img/profileImg.png', 1);
INSERT INTO playlist_detail(playlist_id, track_id, order_no) VALUES(231, '72SxWvaYsDgix2N3sjCjT1', 1);
INSERT INTO playlist_detail(playlist_id, track_id, order_no) VALUES(231, '6s64FyS9n0XYbGMLH3LOWU', 2);
INSERT INTO playlist_detail(playlist_id, track_id, order_no) VALUES(231, '3YB8sWCxfQyjevEwCrWdiU', 3);
INSERT INTO playlist(id, user_id, title, description, thumbnail_url, is_public) VALUES (232, 78, '플리78_1', 'desc78_1', '/img/profileImg.png', 1);
INSERT INTO playlist_detail(playlist_id, track_id, order_no) VALUES(232, '0OPx1iz5ElDOcryHdwWfce', 1);
INSERT INTO playlist_detail(playlist_id, track_id, order_no) VALUES(232, '2FauI2onZLXgsr9dz6HWKn', 2);
INSERT INTO playlist_detail(playlist_id, track_id, order_no) VALUES(232, '2mgzUVvDpb1zMSB4glLQ6T', 3);
INSERT INTO playlist(id, user_id, title, description, thumbnail_url, is_public) VALUES (233, 78, '플리78_2', 'desc78_2', '/img/profileImg.png', 1);
INSERT INTO playlist_detail(playlist_id, track_id, order_no) VALUES(233, '69dF0bCa5X3sMQatT3vW31', 1);
INSERT INTO playlist_detail(playlist_id, track_id, order_no) VALUES(233, '4bF4MxTGnNj8dTW0LZmAx5', 2);
INSERT INTO playlist_detail(playlist_id, track_id, order_no) VALUES(233, '5cVALf3PKOmtXBYrsMUXlq', 3);
INSERT INTO playlist(id, user_id, title, description, thumbnail_url, is_public) VALUES (234, 78, '플리78_3', 'desc78_3', '/img/profileImg.png', 1);
INSERT INTO playlist_detail(playlist_id, track_id, order_no) VALUES(234, '4PA16FAl8LPmFmOhARawdV', 1);
INSERT INTO playlist_detail(playlist_id, track_id, order_no) VALUES(234, '2ACys0pX0SjmpQmQWzp7wt', 2);
INSERT INTO playlist_detail(playlist_id, track_id, order_no) VALUES(234, '33TCfb4mgWlCTzxb1q21r9', 3);
INSERT INTO playlist(id, user_id, title, description, thumbnail_url, is_public) VALUES (235, 79, '플리79_1', 'desc79_1', '/img/profileImg.png', 1);
INSERT INTO playlist_detail(playlist_id, track_id, order_no) VALUES(235, '6n3HGiq4v35D6eFOSwqYuo', 1);
INSERT INTO playlist_detail(playlist_id, track_id, order_no) VALUES(235, '1lwYe6UZTE4anFP1MCBbf8', 2);
INSERT INTO playlist_detail(playlist_id, track_id, order_no) VALUES(235, '6AIxmLiDNHFQgZstB4lzDB', 3);
INSERT INTO playlist(id, user_id, title, description, thumbnail_url, is_public) VALUES (236, 79, '플리79_2', 'desc79_2', '/img/profileImg.png', 1);
INSERT INTO playlist_detail(playlist_id, track_id, order_no) VALUES(236, '5mZJwWdxAOR4xUvSGZvvMU', 1);
INSERT INTO playlist_detail(playlist_id, track_id, order_no) VALUES(236, '1Tnw0ItH1Macok8gblnPPd', 2);
INSERT INTO playlist_detail(playlist_id, track_id, order_no) VALUES(236, '3p2uELYRSpa4KNH6Ufp57I', 3);
INSERT INTO playlist(id, user_id, title, description, thumbnail_url, is_public) VALUES (237, 79, '플리79_3', 'desc79_3', '/img/profileImg.png', 1);
INSERT INTO playlist_detail(playlist_id, track_id, order_no) VALUES(237, '4iEeJKOE5zjsRbWBGkj9lS', 1);
INSERT INTO playlist_detail(playlist_id, track_id, order_no) VALUES(237, '6MlGqWzDiLkZ0vmAEsisEk', 2);
INSERT INTO playlist_detail(playlist_id, track_id, order_no) VALUES(237, '28N8gvR5Mo8d23XL4cFptk', 3);
INSERT INTO playlist(id, user_id, title, description, thumbnail_url, is_public) VALUES (238, 80, '플리80_1', 'desc80_1', '/img/profileImg.png', 1);
INSERT INTO playlist_detail(playlist_id, track_id, order_no) VALUES(238, '6VpW9I9gaAHC0k20934fEb', 1);
INSERT INTO playlist_detail(playlist_id, track_id, order_no) VALUES(238, '7kkTxGgEzFzNVMORmTN06P', 2);
INSERT INTO playlist_detail(playlist_id, track_id, order_no) VALUES(238, '0HyYb90jIOngSSLH5XfiAC', 3);
INSERT INTO playlist(id, user_id, title, description, thumbnail_url, is_public) VALUES (239, 80, '플리80_2', 'desc80_2', '/img/profileImg.png', 1);
INSERT INTO playlist_detail(playlist_id, track_id, order_no) VALUES(239, '63RDKBQabA00X6EeU5dhke', 1);
INSERT INTO playlist_detail(playlist_id, track_id, order_no) VALUES(239, '3oCrC1928WBf3P3kgDQNx9', 2);
INSERT INTO playlist_detail(playlist_id, track_id, order_no) VALUES(239, '3CRYykOC8kHuSUWKPOmpgN', 3);
INSERT INTO playlist(id, user_id, title, description, thumbnail_url, is_public) VALUES (240, 80, '플리80_3', 'desc80_3', '/img/profileImg.png', 1);
INSERT INTO playlist_detail(playlist_id, track_id, order_no) VALUES(240, '0Hs5enNuaAXmJssAybWbOw', 1);
INSERT INTO playlist_detail(playlist_id, track_id, order_no) VALUES(240, '3RkNXZvOSMMElmmXztDc94', 2);
INSERT INTO playlist_detail(playlist_id, track_id, order_no) VALUES(240, '7nexXM8SDFu9TJ8CzVANKE', 3);
INSERT INTO playlist(id, user_id, title, description, thumbnail_url, is_public) VALUES (241, 81, '플리81_1', 'desc81_1', '/img/profileImg.png', 1);
INSERT INTO playlist_detail(playlist_id, track_id, order_no) VALUES(241, '2GunxLIF4vI2rV218VktP6', 1);
INSERT INTO playlist_detail(playlist_id, track_id, order_no) VALUES(241, '2DsrtZoRxeHdCSGRlQVQtj', 2);
INSERT INTO playlist_detail(playlist_id, track_id, order_no) VALUES(241, '6MlGqWzDiLkZ0vmAEsisEk', 3);
INSERT INTO playlist(id, user_id, title, description, thumbnail_url, is_public) VALUES (242, 81, '플리81_2', 'desc81_2', '/img/profileImg.png', 1);
INSERT INTO playlist_detail(playlist_id, track_id, order_no) VALUES(242, '4KMXwUE5yhDPg8q814awJ4', 1);
INSERT INTO playlist_detail(playlist_id, track_id, order_no) VALUES(242, '25KybV9BOUlvcnv7nN3Pyo', 2);
INSERT INTO playlist_detail(playlist_id, track_id, order_no) VALUES(242, '0mL82sxCRjrs3br407IdJh', 3);
INSERT INTO playlist(id, user_id, title, description, thumbnail_url, is_public) VALUES (243, 81, '플리81_3', 'desc81_3', '/img/profileImg.png', 1);
INSERT INTO playlist_detail(playlist_id, track_id, order_no) VALUES(243, '4rmVZajAF7PkrCagGPHbqa', 1);
INSERT INTO playlist_detail(playlist_id, track_id, order_no) VALUES(243, '02wk5BttM0QL38ERjLPQJB', 2);
INSERT INTO playlist_detail(playlist_id, track_id, order_no) VALUES(243, '7qmvLmX9tyaTiBAVNI6YEn', 3);
INSERT INTO playlist(id, user_id, title, description, thumbnail_url, is_public) VALUES (244, 82, '플리82_1', 'desc82_1', '/img/profileImg.png', 1);
INSERT INTO playlist_detail(playlist_id, track_id, order_no) VALUES(244, '7MwYXhh2dTqc7fiwkwPZo1', 1);
INSERT INTO playlist_detail(playlist_id, track_id, order_no) VALUES(244, '4oeaIftdpT3JuZLcCkKmVE', 2);
INSERT INTO playlist_detail(playlist_id, track_id, order_no) VALUES(244, '734WuFbTDxTPMU1lBP6e0M', 3);
INSERT INTO playlist(id, user_id, title, description, thumbnail_url, is_public) VALUES (245, 82, '플리82_2', 'desc82_2', '/img/profileImg.png', 1);
INSERT INTO playlist_detail(playlist_id, track_id, order_no) VALUES(245, '58gGH6ezvusTaqWKJRqHPC', 1);
INSERT INTO playlist_detail(playlist_id, track_id, order_no) VALUES(245, '61S79KIVA4I9FXbnsylEHT', 2);
INSERT INTO playlist_detail(playlist_id, track_id, order_no) VALUES(245, '0K3w6WNawZlv6Izmsrye8o', 3);
INSERT INTO playlist(id, user_id, title, description, thumbnail_url, is_public) VALUES (246, 82, '플리82_3', 'desc82_3', '/img/profileImg.png', 1);
INSERT INTO playlist_detail(playlist_id, track_id, order_no) VALUES(246, '3Xz0rSC29WbaobyJQfeYsp', 1);
INSERT INTO playlist_detail(playlist_id, track_id, order_no) VALUES(246, '4dQKl7ixo4Aw395DDW1Rmy', 2);
INSERT INTO playlist_detail(playlist_id, track_id, order_no) VALUES(246, '0wzPHTgOtFIDhk2rD3Au4x', 3);
INSERT INTO playlist(id, user_id, title, description, thumbnail_url, is_public) VALUES (247, 83, '플리83_1', 'desc83_1', '/img/profileImg.png', 1);
INSERT INTO playlist_detail(playlist_id, track_id, order_no) VALUES(247, '50LbU49cudbIw8SBdE9DDQ', 1);
INSERT INTO playlist_detail(playlist_id, track_id, order_no) VALUES(247, '3SLIkSNtoRyCaoQbitw88X', 2);
INSERT INTO playlist_detail(playlist_id, track_id, order_no) VALUES(247, '7cvmSgYgySWSuW6nJ2qAKt', 3);
INSERT INTO playlist(id, user_id, title, description, thumbnail_url, is_public) VALUES (248, 83, '플리83_2', 'desc83_2', '/img/profileImg.png', 1);
INSERT INTO playlist_detail(playlist_id, track_id, order_no) VALUES(248, '5Ee4IyhPaOVRMc15fUOeG9', 1);
INSERT INTO playlist_detail(playlist_id, track_id, order_no) VALUES(248, '5Ermk04tSk2Z7mfVDcP6EG', 2);
INSERT INTO playlist_detail(playlist_id, track_id, order_no) VALUES(248, '0k1WUmIRnG3xU6fvvDVfRG', 3);
INSERT INTO playlist(id, user_id, title, description, thumbnail_url, is_public) VALUES (249, 83, '플리83_3', 'desc83_3', '/img/profileImg.png', 1);
INSERT INTO playlist_detail(playlist_id, track_id, order_no) VALUES(249, '4jzrYUhlzXROpV5M944Yvu', 1);
INSERT INTO playlist_detail(playlist_id, track_id, order_no) VALUES(249, '42m3eP1JJhtzffal9B136J', 2);
INSERT INTO playlist_detail(playlist_id, track_id, order_no) VALUES(249, '6PQmdkH9fRdQkWaVInbwKS', 3);
INSERT INTO playlist(id, user_id, title, description, thumbnail_url, is_public) VALUES (250, 84, '플리84_1', 'desc84_1', '/img/profileImg.png', 1);
INSERT INTO playlist_detail(playlist_id, track_id, order_no) VALUES(250, '4kdfjhj9xNkYU0R8xlDy8k', 1);
INSERT INTO playlist_detail(playlist_id, track_id, order_no) VALUES(250, '01vqYIICqqLqqVyOFoDa0o', 2);
INSERT INTO playlist_detail(playlist_id, track_id, order_no) VALUES(250, '0JGoOLSl8A80mSPBL7ya9U', 3);
INSERT INTO playlist(id, user_id, title, description, thumbnail_url, is_public) VALUES (251, 84, '플리84_2', 'desc84_2', '/img/profileImg.png', 1);
INSERT INTO playlist_detail(playlist_id, track_id, order_no) VALUES(251, '1NlK2NtpuUazpziLhnJwEV', 1);
INSERT INTO playlist_detail(playlist_id, track_id, order_no) VALUES(251, '5594ru3efvd674gEeSaJYU', 2);
INSERT INTO playlist_detail(playlist_id, track_id, order_no) VALUES(251, '63p3Slj0shAFP0Q7dQetj5', 3);
INSERT INTO playlist(id, user_id, title, description, thumbnail_url, is_public) VALUES (252, 84, '플리84_3', 'desc84_3', '/img/profileImg.png', 1);
INSERT INTO playlist_detail(playlist_id, track_id, order_no) VALUES(252, '1GaV3vb90TFmiSJFuljrN1', 1);
INSERT INTO playlist_detail(playlist_id, track_id, order_no) VALUES(252, '29lXN1aoaL6HE72BOvknyr', 2);
INSERT INTO playlist_detail(playlist_id, track_id, order_no) VALUES(252, '6knNhL3mIaackJvtjmUrfN', 3);
INSERT INTO playlist(id, user_id, title, description, thumbnail_url, is_public) VALUES (253, 85, '플리85_1', 'desc85_1', '/img/profileImg.png', 1);
INSERT INTO playlist_detail(playlist_id, track_id, order_no) VALUES(253, '00NAQYOP4AmWR549nnYJZu', 1);
INSERT INTO playlist_detail(playlist_id, track_id, order_no) VALUES(253, '7cJm6ENCOTONwAMBPN1U9r', 2);
INSERT INTO playlist_detail(playlist_id, track_id, order_no) VALUES(253, '28irpKCCK9nn9DZSik2zEx', 3);
INSERT INTO playlist(id, user_id, title, description, thumbnail_url, is_public) VALUES (254, 85, '플리85_2', 'desc85_2', '/img/profileImg.png', 1);
INSERT INTO playlist_detail(playlist_id, track_id, order_no) VALUES(254, '34scBtso4UA1hjju5t5FYE', 1);
INSERT INTO playlist_detail(playlist_id, track_id, order_no) VALUES(254, '6IskVxt4kTLI1OBqcsIRg0', 2);
INSERT INTO playlist_detail(playlist_id, track_id, order_no) VALUES(254, '2rOJPyasbcVXcsLheZEVt0', 3);
INSERT INTO playlist(id, user_id, title, description, thumbnail_url, is_public) VALUES (255, 85, '플리85_3', 'desc85_3', '/img/profileImg.png', 1);
INSERT INTO playlist_detail(playlist_id, track_id, order_no) VALUES(255, '2D5fYMRm0Fm1kDt4IvccGM', 1);
INSERT INTO playlist_detail(playlist_id, track_id, order_no) VALUES(255, '3IDZYcnTpLKKaB0KoW3BoE', 2);
INSERT INTO playlist_detail(playlist_id, track_id, order_no) VALUES(255, '1gZADNt16Oh23jWyMYRk4p', 3);
INSERT INTO playlist(id, user_id, title, description, thumbnail_url, is_public) VALUES (256, 86, '플리86_1', 'desc86_1', '/img/profileImg.png', 1);
INSERT INTO playlist_detail(playlist_id, track_id, order_no) VALUES(256, '4cm7Ap6IWH6m8JyB9IXT3x', 1);
INSERT INTO playlist_detail(playlist_id, track_id, order_no) VALUES(256, '7v1X2PGU3uZXu7tzFTTsSh', 2);
INSERT INTO playlist_detail(playlist_id, track_id, order_no) VALUES(256, '1cSh61cAJBP25IsXo59V2S', 3);
INSERT INTO playlist(id, user_id, title, description, thumbnail_url, is_public) VALUES (257, 86, '플리86_2', 'desc86_2', '/img/profileImg.png', 1);
INSERT INTO playlist_detail(playlist_id, track_id, order_no) VALUES(257, '2iBF7hOOvvbHJZBQs7LmIh', 1);
INSERT INTO playlist_detail(playlist_id, track_id, order_no) VALUES(257, '7MXVkk9YMctZqd1Srtv4MB', 2);
INSERT INTO playlist_detail(playlist_id, track_id, order_no) VALUES(257, '5dFh0Y8Idp0vlSdGkzx8O2', 3);
INSERT INTO playlist(id, user_id, title, description, thumbnail_url, is_public) VALUES (258, 86, '플리86_3', 'desc86_3', '/img/profileImg.png', 1);
INSERT INTO playlist_detail(playlist_id, track_id, order_no) VALUES(258, '6jdOi5U5LBzQrc4c1VT983', 1);
INSERT INTO playlist_detail(playlist_id, track_id, order_no) VALUES(258, '3y8jFVB4SVPiOXWRnOWiWj', 2);
INSERT INTO playlist_detail(playlist_id, track_id, order_no) VALUES(258, '7DY756WOLyOz2Xnhw4EFiC', 3);
INSERT INTO playlist(id, user_id, title, description, thumbnail_url, is_public) VALUES (259, 87, '플리87_1', 'desc87_1', '/img/profileImg.png', 1);
INSERT INTO playlist_detail(playlist_id, track_id, order_no) VALUES(259, '1OHoBC4icbuNhpSxP400sv', 1);
INSERT INTO playlist_detail(playlist_id, track_id, order_no) VALUES(259, '5pJgTFVTia5c8B65Cfw85d', 2);
INSERT INTO playlist_detail(playlist_id, track_id, order_no) VALUES(259, '2Mdwtq37upAaTrghSA1RnF', 3);
INSERT INTO playlist(id, user_id, title, description, thumbnail_url, is_public) VALUES (260, 87, '플리87_2', 'desc87_2', '/img/profileImg.png', 1);
INSERT INTO playlist_detail(playlist_id, track_id, order_no) VALUES(260, '1kNdtonJXHorsVpWerK8C2', 1);
INSERT INTO playlist_detail(playlist_id, track_id, order_no) VALUES(260, '6ObpR8ek44tvWefQRcSo8K', 2);
INSERT INTO playlist_detail(playlist_id, track_id, order_no) VALUES(260, '0HHKGXT6NQ83tUbVI31O1H', 3);
INSERT INTO playlist(id, user_id, title, description, thumbnail_url, is_public) VALUES (261, 87, '플리87_3', 'desc87_3', '/img/profileImg.png', 1);
INSERT INTO playlist_detail(playlist_id, track_id, order_no) VALUES(261, '3C0qDXxwGqc8EyqX0iVndT', 1);
INSERT INTO playlist_detail(playlist_id, track_id, order_no) VALUES(261, '3RUVLIRUNA3KHLt8pd8PL6', 2);
INSERT INTO playlist_detail(playlist_id, track_id, order_no) VALUES(261, '7DrZotCVwheRlevj6tJDxZ', 3);
INSERT INTO playlist(id, user_id, title, description, thumbnail_url, is_public) VALUES (262, 88, '플리88_1', 'desc88_1', '/img/profileImg.png', 1);
INSERT INTO playlist_detail(playlist_id, track_id, order_no) VALUES(262, '7skxtd9x0d05fjz4D7w3t2', 1);
INSERT INTO playlist_detail(playlist_id, track_id, order_no) VALUES(262, '1tcWDBYQbJZVixZzsBWB0P', 2);
INSERT INTO playlist_detail(playlist_id, track_id, order_no) VALUES(262, '6hHKFReuQR9VQp39ev43wY', 3);
INSERT INTO playlist(id, user_id, title, description, thumbnail_url, is_public) VALUES (263, 88, '플리88_2', 'desc88_2', '/img/profileImg.png', 1);
INSERT INTO playlist_detail(playlist_id, track_id, order_no) VALUES(263, '5rzI6Jnlhx8DgVgsOLorfW', 1);
INSERT INTO playlist_detail(playlist_id, track_id, order_no) VALUES(263, '1x1oCGsFUDViOvcISuoKW0', 2);
INSERT INTO playlist_detail(playlist_id, track_id, order_no) VALUES(263, '6ObpR8ek44tvWefQRcSo8K', 3);
INSERT INTO playlist(id, user_id, title, description, thumbnail_url, is_public) VALUES (264, 88, '플리88_3', 'desc88_3', '/img/profileImg.png', 1);
INSERT INTO playlist_detail(playlist_id, track_id, order_no) VALUES(264, '7rVmzyFA7f4rNGl9onF21E', 1);
INSERT INTO playlist_detail(playlist_id, track_id, order_no) VALUES(264, '5NzsuVrkbi7nRsmZR8WYDK', 2);
INSERT INTO playlist_detail(playlist_id, track_id, order_no) VALUES(264, '2D5fYMRm0Fm1kDt4IvccGM', 3);
INSERT INTO playlist(id, user_id, title, description, thumbnail_url, is_public) VALUES (265, 89, '플리89_1', 'desc89_1', '/img/profileImg.png', 1);
INSERT INTO playlist_detail(playlist_id, track_id, order_no) VALUES(265, '3YQLmSVH53eao8Whgzipuy', 1);
INSERT INTO playlist_detail(playlist_id, track_id, order_no) VALUES(265, '1wFFFzJ5EsKbBWZriAcubN', 2);
INSERT INTO playlist_detail(playlist_id, track_id, order_no) VALUES(265, '5Ee4IyhPaOVRMc15fUOeG9', 3);
INSERT INTO playlist(id, user_id, title, description, thumbnail_url, is_public) VALUES (266, 89, '플리89_2', 'desc89_2', '/img/profileImg.png', 1);
INSERT INTO playlist_detail(playlist_id, track_id, order_no) VALUES(266, '3UKKwGrpWWamc0XNSKXjmz', 1);
INSERT INTO playlist_detail(playlist_id, track_id, order_no) VALUES(266, '1dLDAay6eB0CWDus6V5TcY', 2);
INSERT INTO playlist_detail(playlist_id, track_id, order_no) VALUES(266, '1wUnuiXMMvhudmzvcCtlZP', 3);
INSERT INTO playlist(id, user_id, title, description, thumbnail_url, is_public) VALUES (267, 89, '플리89_3', 'desc89_3', '/img/profileImg.png', 1);
INSERT INTO playlist_detail(playlist_id, track_id, order_no) VALUES(267, '6a8vt3DULkInboV43feS5I', 1);
INSERT INTO playlist_detail(playlist_id, track_id, order_no) VALUES(267, '0q7LGcVSpsIoSbjChtZ8lI', 2);
INSERT INTO playlist_detail(playlist_id, track_id, order_no) VALUES(267, '7LgNjQL79QIxTpYOJ4c0R2', 3);
INSERT INTO playlist(id, user_id, title, description, thumbnail_url, is_public) VALUES (268, 90, '플리90_1', 'desc90_1', '/img/profileImg.png', 1);
INSERT INTO playlist_detail(playlist_id, track_id, order_no) VALUES(268, '3r5lHFACTti0w2REN5tcrn', 1);
INSERT INTO playlist_detail(playlist_id, track_id, order_no) VALUES(268, '7JeEzyBLiEDw9PDNczZ85h', 2);
INSERT INTO playlist_detail(playlist_id, track_id, order_no) VALUES(268, '3PUF79SWDEwh0JBKyMdhRO', 3);
INSERT INTO playlist(id, user_id, title, description, thumbnail_url, is_public) VALUES (269, 90, '플리90_2', 'desc90_2', '/img/profileImg.png', 1);
INSERT INTO playlist_detail(playlist_id, track_id, order_no) VALUES(269, '23iLEDPEJpcfYOw1tVhd2o', 1);
INSERT INTO playlist_detail(playlist_id, track_id, order_no) VALUES(269, '5eWcGfUCrVFMoYskyfkEPE', 2);
INSERT INTO playlist_detail(playlist_id, track_id, order_no) VALUES(269, '2kvzSGkSaU9z3uywQIrhAg', 3);
INSERT INTO playlist(id, user_id, title, description, thumbnail_url, is_public) VALUES (270, 90, '플리90_3', 'desc90_3', '/img/profileImg.png', 1);
INSERT INTO playlist_detail(playlist_id, track_id, order_no) VALUES(270, '6zzdyvVWjGrQBraSvuqJPY', 1);
INSERT INTO playlist_detail(playlist_id, track_id, order_no) VALUES(270, '7kkTxGgEzFzNVMORmTN06P', 2);
INSERT INTO playlist_detail(playlist_id, track_id, order_no) VALUES(270, '28N8gvR5Mo8d23XL4cFptk', 3);
INSERT INTO playlist(id, user_id, title, description, thumbnail_url, is_public) VALUES (271, 91, '플리91_1', 'desc91_1', '/img/profileImg.png', 1);
INSERT INTO playlist_detail(playlist_id, track_id, order_no) VALUES(271, '09mEdoA6zrmBPgTEN5qXmN', 1);
INSERT INTO playlist_detail(playlist_id, track_id, order_no) VALUES(271, '1h345CZmt3uU9bym4GETWd', 2);
INSERT INTO playlist_detail(playlist_id, track_id, order_no) VALUES(271, '2CFhTND54uE5carTvSeILv', 3);
INSERT INTO playlist(id, user_id, title, description, thumbnail_url, is_public) VALUES (272, 91, '플리91_2', 'desc91_2', '/img/profileImg.png', 1);
INSERT INTO playlist_detail(playlist_id, track_id, order_no) VALUES(272, '2QRvliBEcGIEgTrjVfxmXo', 1);
INSERT INTO playlist_detail(playlist_id, track_id, order_no) VALUES(272, '4QYEtbfsqusrXN5A49LG53', 2);
INSERT INTO playlist_detail(playlist_id, track_id, order_no) VALUES(272, '63p3Slj0shAFP0Q7dQetj5', 3);
INSERT INTO playlist(id, user_id, title, description, thumbnail_url, is_public) VALUES (273, 91, '플리91_3', 'desc91_3', '/img/profileImg.png', 1);
INSERT INTO playlist_detail(playlist_id, track_id, order_no) VALUES(273, '7cw1tFoH677J2zytWQvh5r', 1);
INSERT INTO playlist_detail(playlist_id, track_id, order_no) VALUES(273, '4kJn7armCJDav48yCu3yKh', 2);
INSERT INTO playlist_detail(playlist_id, track_id, order_no) VALUES(273, '0Mt4kFSqMDBX4jezEUtujl', 3);
INSERT INTO playlist(id, user_id, title, description, thumbnail_url, is_public) VALUES (274, 92, '플리92_1', 'desc92_1', '/img/profileImg.png', 1);
INSERT INTO playlist_detail(playlist_id, track_id, order_no) VALUES(274, '6wjUN6sWrP2tfisGocGKG9', 1);
INSERT INTO playlist_detail(playlist_id, track_id, order_no) VALUES(274, '21qPw0CUs61qIHogIlXWSV', 2);
INSERT INTO playlist_detail(playlist_id, track_id, order_no) VALUES(274, '4JjJ1KNRrzqstSY0uDuys3', 3);
INSERT INTO playlist(id, user_id, title, description, thumbnail_url, is_public) VALUES (275, 92, '플리92_2', 'desc92_2', '/img/profileImg.png', 1);
INSERT INTO playlist_detail(playlist_id, track_id, order_no) VALUES(275, '4ESFBj73tp3JbZiALSjQZr', 1);
INSERT INTO playlist_detail(playlist_id, track_id, order_no) VALUES(275, '5ejT19NfiINj4cFmjRHwAC', 2);
INSERT INTO playlist_detail(playlist_id, track_id, order_no) VALUES(275, '2UPYasw4V9TeDcibLYDxRF', 3);
INSERT INTO playlist(id, user_id, title, description, thumbnail_url, is_public) VALUES (276, 92, '플리92_3', 'desc92_3', '/img/profileImg.png', 1);
INSERT INTO playlist_detail(playlist_id, track_id, order_no) VALUES(276, '7tHM0tYPQkgqFX3lGMz8qb', 1);
INSERT INTO playlist_detail(playlist_id, track_id, order_no) VALUES(276, '11L064movtyopGdLiX4sVg', 2);
INSERT INTO playlist_detail(playlist_id, track_id, order_no) VALUES(276, '25paAMh66DSVgqYTOlVeHC', 3);
INSERT INTO playlist(id, user_id, title, description, thumbnail_url, is_public) VALUES (277, 93, '플리93_1', 'desc93_1', '/img/profileImg.png', 1);
INSERT INTO playlist_detail(playlist_id, track_id, order_no) VALUES(277, '7DrZotCVwheRlevj6tJDxZ', 1);
INSERT INTO playlist_detail(playlist_id, track_id, order_no) VALUES(277, '6bh0MGGMNKeyjN8yWkImVQ', 2);
INSERT INTO playlist_detail(playlist_id, track_id, order_no) VALUES(277, '7470s7SMyvDU6wHH6bG1yN', 3);
INSERT INTO playlist(id, user_id, title, description, thumbnail_url, is_public) VALUES (278, 93, '플리93_2', 'desc93_2', '/img/profileImg.png', 1);
INSERT INTO playlist_detail(playlist_id, track_id, order_no) VALUES(278, '4cm7Ap6IWH6m8JyB9IXT3x', 1);
INSERT INTO playlist_detail(playlist_id, track_id, order_no) VALUES(278, '6jy9yJfgCsMHdu2Oz4BGKX', 2);
INSERT INTO playlist_detail(playlist_id, track_id, order_no) VALUES(278, '4PhsKqMdgMEUSstTDAmMpg', 3);
INSERT INTO playlist(id, user_id, title, description, thumbnail_url, is_public) VALUES (279, 93, '플리93_3', 'desc93_3', '/img/profileImg.png', 1);
INSERT INTO playlist_detail(playlist_id, track_id, order_no) VALUES(279, '02wk5BttM0QL38ERjLPQJB', 1);
INSERT INTO playlist_detail(playlist_id, track_id, order_no) VALUES(279, '6LFW4dEsLeiGluniXRgVYr', 2);
INSERT INTO playlist_detail(playlist_id, track_id, order_no) VALUES(279, '0KqCs7XM8rsaRg9Kv8PbUa', 3);
INSERT INTO playlist(id, user_id, title, description, thumbnail_url, is_public) VALUES (280, 94, '플리94_1', 'desc94_1', '/img/profileImg.png', 1);
INSERT INTO playlist_detail(playlist_id, track_id, order_no) VALUES(280, '3a8tAZFJxlmBwOtrf5L1oC', 1);
INSERT INTO playlist_detail(playlist_id, track_id, order_no) VALUES(280, '3t8pnImpBpOwxdtYBpKvA9', 2);
INSERT INTO playlist_detail(playlist_id, track_id, order_no) VALUES(280, '0MjRPE2eH1ZQm9DC3BtZyq', 3);
INSERT INTO playlist(id, user_id, title, description, thumbnail_url, is_public) VALUES (281, 94, '플리94_2', 'desc94_2', '/img/profileImg.png', 1);
INSERT INTO playlist_detail(playlist_id, track_id, order_no) VALUES(281, '29hOV4CLKzJBQRJDtdH5ay', 1);
INSERT INTO playlist_detail(playlist_id, track_id, order_no) VALUES(281, '6pDVjCUA3B1vg9waKutAsv', 2);
INSERT INTO playlist_detail(playlist_id, track_id, order_no) VALUES(281, '7yJktKsS9pNnEpwZWTdX5C', 3);
INSERT INTO playlist(id, user_id, title, description, thumbnail_url, is_public) VALUES (282, 94, '플리94_3', 'desc94_3', '/img/profileImg.png', 1);
INSERT INTO playlist_detail(playlist_id, track_id, order_no) VALUES(282, '7aLwuGyYNWKnxOSWXQK88V', 1);
INSERT INTO playlist_detail(playlist_id, track_id, order_no) VALUES(282, '28QyjEeOgirjfCjKSntPF4', 2);
INSERT INTO playlist_detail(playlist_id, track_id, order_no) VALUES(282, '3DV2xXDpxZKF0taEowHh5D', 3);
INSERT INTO playlist(id, user_id, title, description, thumbnail_url, is_public) VALUES (283, 95, '플리95_1', 'desc95_1', '/img/profileImg.png', 1);
INSERT INTO playlist_detail(playlist_id, track_id, order_no) VALUES(283, '5e5h9GeNY6janbVi34tn9e', 1);
INSERT INTO playlist_detail(playlist_id, track_id, order_no) VALUES(283, '7h2fuB9cDFhdq9q3DsjiwY', 2);
INSERT INTO playlist_detail(playlist_id, track_id, order_no) VALUES(283, '734WuFbTDxTPMU1lBP6e0M', 3);
INSERT INTO playlist(id, user_id, title, description, thumbnail_url, is_public) VALUES (284, 95, '플리95_2', 'desc95_2', '/img/profileImg.png', 1);
INSERT INTO playlist_detail(playlist_id, track_id, order_no) VALUES(284, '5r6dnnBEstYJ08H1Hl9TBL', 1);
INSERT INTO playlist_detail(playlist_id, track_id, order_no) VALUES(284, '7DrZotCVwheRlevj6tJDxZ', 2);
INSERT INTO playlist_detail(playlist_id, track_id, order_no) VALUES(284, '3RUVLIRUNA3KHLt8pd8PL6', 3);
INSERT INTO playlist(id, user_id, title, description, thumbnail_url, is_public) VALUES (285, 95, '플리95_3', 'desc95_3', '/img/profileImg.png', 1);
INSERT INTO playlist_detail(playlist_id, track_id, order_no) VALUES(285, '27LqJ29VMqwKQQC2CE9FHr', 1);
INSERT INTO playlist_detail(playlist_id, track_id, order_no) VALUES(285, '2aEaejrhOecAdVvifXidcm', 2);
INSERT INTO playlist_detail(playlist_id, track_id, order_no) VALUES(285, '6bvZRLLkBKkmgpBJTTj3QK', 3);
INSERT INTO playlist(id, user_id, title, description, thumbnail_url, is_public) VALUES (286, 96, '플리96_1', 'desc96_1', '/img/profileImg.png', 1);
INSERT INTO playlist_detail(playlist_id, track_id, order_no) VALUES(286, '7gNB9Xa5NBY2Y8tFmpOlwk', 1);
INSERT INTO playlist_detail(playlist_id, track_id, order_no) VALUES(286, '7cJm6ENCOTONwAMBPN1U9r', 2);
INSERT INTO playlist_detail(playlist_id, track_id, order_no) VALUES(286, '6CfrYuD3YRDYdYvH9jNtXY', 3);
INSERT INTO playlist(id, user_id, title, description, thumbnail_url, is_public) VALUES (287, 96, '플리96_2', 'desc96_2', '/img/profileImg.png', 1);
INSERT INTO playlist_detail(playlist_id, track_id, order_no) VALUES(287, '4h90qkbnW1Qq6pBhoPvwko', 1);
INSERT INTO playlist_detail(playlist_id, track_id, order_no) VALUES(287, '4mtl4zf8EsbFElYAybIcrK', 2);
INSERT INTO playlist_detail(playlist_id, track_id, order_no) VALUES(287, '6WJTEsLxWtSIlXML3NVSzA', 3);
INSERT INTO playlist(id, user_id, title, description, thumbnail_url, is_public) VALUES (288, 96, '플리96_3', 'desc96_3', '/img/profileImg.png', 1);
INSERT INTO playlist_detail(playlist_id, track_id, order_no) VALUES(288, '34QlcZ3BZxRrZh4x3jMm1A', 1);
INSERT INTO playlist_detail(playlist_id, track_id, order_no) VALUES(288, '4FDSPGncHRpr6yB8DD4CtI', 2);
INSERT INTO playlist_detail(playlist_id, track_id, order_no) VALUES(288, '0wzPHTgOtFIDhk2rD3Au4x', 3);
INSERT INTO playlist(id, user_id, title, description, thumbnail_url, is_public) VALUES (289, 97, '플리97_1', 'desc97_1', '/img/profileImg.png', 1);
INSERT INTO playlist_detail(playlist_id, track_id, order_no) VALUES(289, '3EJ9ZuqkL1kwgouugqsLu8', 1);
INSERT INTO playlist_detail(playlist_id, track_id, order_no) VALUES(289, '4JjJ1KNRrzqstSY0uDuys3', 2);
INSERT INTO playlist_detail(playlist_id, track_id, order_no) VALUES(289, '7DrZotCVwheRlevj6tJDxZ', 3);
INSERT INTO playlist(id, user_id, title, description, thumbnail_url, is_public) VALUES (290, 97, '플리97_2', 'desc97_2', '/img/profileImg.png', 1);
INSERT INTO playlist_detail(playlist_id, track_id, order_no) VALUES(290, '2urqWNGpjl07PLAafoa5nT', 1);
INSERT INTO playlist_detail(playlist_id, track_id, order_no) VALUES(290, '7zYINyILSPRlfVbV78rUI0', 2);
INSERT INTO playlist_detail(playlist_id, track_id, order_no) VALUES(290, '7JeEzyBLiEDw9PDNczZ85h', 3);
INSERT INTO playlist(id, user_id, title, description, thumbnail_url, is_public) VALUES (291, 97, '플리97_3', 'desc97_3', '/img/profileImg.png', 1);
INSERT INTO playlist_detail(playlist_id, track_id, order_no) VALUES(291, '7oSjDQf4kkFTxWWgdrgy3h', 1);
INSERT INTO playlist_detail(playlist_id, track_id, order_no) VALUES(291, '4Z3DK6g92f9DGfVHKoEF9a', 2);
INSERT INTO playlist_detail(playlist_id, track_id, order_no) VALUES(291, '0YDUEgoZd0ES5ru0UOCWQW', 3);
INSERT INTO playlist(id, user_id, title, description, thumbnail_url, is_public) VALUES (292, 98, '플리98_1', 'desc98_1', '/img/profileImg.png', 1);
INSERT INTO playlist_detail(playlist_id, track_id, order_no) VALUES(292, '1Jz0fAhw41suiAVekjAoLi', 1);
INSERT INTO playlist_detail(playlist_id, track_id, order_no) VALUES(292, '7KeE0mNu7ONWN4xTWtwt4Q', 2);
INSERT INTO playlist_detail(playlist_id, track_id, order_no) VALUES(292, '4VCbgIdr8ptegWeJpqLVHH', 3);
INSERT INTO playlist(id, user_id, title, description, thumbnail_url, is_public) VALUES (293, 98, '플리98_2', 'desc98_2', '/img/profileImg.png', 1);
INSERT INTO playlist_detail(playlist_id, track_id, order_no) VALUES(293, '7KeE0mNu7ONWN4xTWtwt4Q', 1);
INSERT INTO playlist_detail(playlist_id, track_id, order_no) VALUES(293, '2wRXvIGUTRWod4yp1k3bGN', 2);
INSERT INTO playlist_detail(playlist_id, track_id, order_no) VALUES(293, '433ykR1mhzAJgyt5qVKShn', 3);
INSERT INTO playlist(id, user_id, title, description, thumbnail_url, is_public) VALUES (294, 98, '플리98_3', 'desc98_3', '/img/profileImg.png', 1);
INSERT INTO playlist_detail(playlist_id, track_id, order_no) VALUES(294, '7tHM0tYPQkgqFX3lGMz8qb', 1);
INSERT INTO playlist_detail(playlist_id, track_id, order_no) VALUES(294, '5673WA8EEUSPx1ir26lhGW', 2);
INSERT INTO playlist_detail(playlist_id, track_id, order_no) VALUES(294, '0luScPN4CGX9SjAhvM6PcH', 3);
INSERT INTO playlist(id, user_id, title, description, thumbnail_url, is_public) VALUES (295, 99, '플리99_1', 'desc99_1', '/img/profileImg.png', 1);
INSERT INTO playlist_detail(playlist_id, track_id, order_no) VALUES(295, '3ABi5sVjvEp08IQEKh8BmG', 1);
INSERT INTO playlist_detail(playlist_id, track_id, order_no) VALUES(295, '6bqtKURdSWkInAJHDkuaL0', 2);
INSERT INTO playlist_detail(playlist_id, track_id, order_no) VALUES(295, '3oJ2x2zkGfmzk7ZT3lpAUG', 3);
INSERT INTO playlist(id, user_id, title, description, thumbnail_url, is_public) VALUES (296, 99, '플리99_2', 'desc99_2', '/img/profileImg.png', 1);
INSERT INTO playlist_detail(playlist_id, track_id, order_no) VALUES(296, '0nAZGkBGKQCXyaoSJfRhC1', 1);
INSERT INTO playlist_detail(playlist_id, track_id, order_no) VALUES(296, '1dUHF4RyMmMTveJ0Rby6Xm', 2);
INSERT INTO playlist_detail(playlist_id, track_id, order_no) VALUES(296, '1zi7xx7UVEFkmKfv06H8x0', 3);
INSERT INTO playlist(id, user_id, title, description, thumbnail_url, is_public) VALUES (297, 99, '플리99_3', 'desc99_3', '/img/profileImg.png', 1);
INSERT INTO playlist_detail(playlist_id, track_id, order_no) VALUES(297, '2YFMY6G9ir042Wz1J5Cora', 1);
INSERT INTO playlist_detail(playlist_id, track_id, order_no) VALUES(297, '3dgQqOiQ9fCKVhNOedd2lf', 2);
INSERT INTO playlist_detail(playlist_id, track_id, order_no) VALUES(297, '2E4D4IuFauEfAjpAamK8HU', 3);
INSERT INTO playlist(id, user_id, title, description, thumbnail_url, is_public) VALUES (298, 100, '플리100_1', 'desc100_1', '/img/profileImg.png', 1);
INSERT INTO playlist_detail(playlist_id, track_id, order_no) VALUES(298, '4oeaIftdpT3JuZLcCkKmVE', 1);
INSERT INTO playlist_detail(playlist_id, track_id, order_no) VALUES(298, '5mCPDVBb16L4XQwDdbRUpz', 2);
INSERT INTO playlist_detail(playlist_id, track_id, order_no) VALUES(298, '4YS0JF9kSLe15ggwOQqQit', 3);
INSERT INTO playlist(id, user_id, title, description, thumbnail_url, is_public) VALUES (299, 100, '플리100_2', 'desc100_2', '/img/profileImg.png', 1);
INSERT INTO playlist_detail(playlist_id, track_id, order_no) VALUES(299, '1xWhryugRBpNXx4o947UVh', 1);
INSERT INTO playlist_detail(playlist_id, track_id, order_no) VALUES(299, '5homruRi0m4GuyJBod3kcn', 2);
INSERT INTO playlist_detail(playlist_id, track_id, order_no) VALUES(299, '38tXZcL1gZRfbqfOG0VMTH', 3);
INSERT INTO playlist(id, user_id, title, description, thumbnail_url, is_public) VALUES (300, 100, '플리100_3', 'desc100_3', '/img/profileImg.png', 1);
INSERT INTO playlist_detail(playlist_id, track_id, order_no) VALUES(300, '7pjJBo6DULg6YK66PA8v7r', 1);
INSERT INTO playlist_detail(playlist_id, track_id, order_no) VALUES(300, '3C0qDXxwGqc8EyqX0iVndT', 2);
INSERT INTO playlist_detail(playlist_id, track_id, order_no) VALUES(300, '1Ffw1qFqCw2IaozOJ5mL2O', 3);
INSERT INTO user_follow(follower_id, following_id) VALUES(90, 24);
INSERT INTO user_follow(follower_id, following_id) VALUES(71, 20);
INSERT INTO user_follow(follower_id, following_id) VALUES(18, 26);
INSERT INTO user_follow(follower_id, following_id) VALUES(63, 34);
INSERT INTO user_follow(follower_id, following_id) VALUES(48, 45);
INSERT INTO user_follow(follower_id, following_id) VALUES(92, 79);
INSERT INTO user_follow(follower_id, following_id) VALUES(6, 57);
INSERT INTO user_follow(follower_id, following_id) VALUES(41, 24);
INSERT INTO user_follow(follower_id, following_id) VALUES(21, 55);
INSERT INTO user_follow(follower_id, following_id) VALUES(72, 11);
INSERT INTO user_follow(follower_id, following_id) VALUES(64, 7);
INSERT INTO user_follow(follower_id, following_id) VALUES(45, 3);
INSERT INTO user_follow(follower_id, following_id) VALUES(45, 21);
INSERT INTO user_follow(follower_id, following_id) VALUES(4, 87);
INSERT INTO user_follow(follower_id, following_id) VALUES(35, 65);
INSERT INTO user_follow(follower_id, following_id) VALUES(32, 78);
INSERT INTO user_follow(follower_id, following_id) VALUES(35, 74);
INSERT INTO user_follow(follower_id, following_id) VALUES(66, 89);
INSERT INTO user_follow(follower_id, following_id) VALUES(13, 92);
INSERT INTO user_follow(follower_id, following_id) VALUES(7, 21);
INSERT INTO user_follow(follower_id, following_id) VALUES(91, 2);
INSERT INTO user_follow(follower_id, following_id) VALUES(16, 97);
INSERT INTO user_follow(follower_id, following_id) VALUES(29, 45);
INSERT INTO user_follow(follower_id, following_id) VALUES(60, 32);
INSERT INTO user_follow(follower_id, following_id) VALUES(50, 86);
INSERT INTO user_follow(follower_id, following_id) VALUES(30, 98);
INSERT INTO user_follow(follower_id, following_id) VALUES(73, 78);
INSERT INTO user_follow(follower_id, following_id) VALUES(3, 1);
INSERT INTO user_follow(follower_id, following_id) VALUES(31, 81);
INSERT INTO user_follow(follower_id, following_id) VALUES(12, 77);
INSERT INTO user_follow(follower_id, following_id) VALUES(31, 90);
INSERT INTO user_follow(follower_id, following_id) VALUES(12, 86);
INSERT INTO user_follow(follower_id, following_id) VALUES(31, 99);
INSERT INTO user_follow(follower_id, following_id) VALUES(71, 1);
INSERT INTO user_follow(follower_id, following_id) VALUES(32, 91);
INSERT INTO user_follow(follower_id, following_id) VALUES(96, 94);
INSERT INTO user_follow(follower_id, following_id) VALUES(82, 19);
INSERT INTO user_follow(follower_id, following_id) VALUES(70, 63);
INSERT INTO user_follow(follower_id, following_id) VALUES(41, 23);
INSERT INTO user_follow(follower_id, following_id) VALUES(8, 93);
INSERT INTO user_follow(follower_id, following_id) VALUES(73, 91);
INSERT INTO user_follow(follower_id, following_id) VALUES(31, 85);
INSERT INTO user_follow(follower_id, following_id) VALUES(97, 39);
INSERT INTO user_follow(follower_id, following_id) VALUES(16, 51);
INSERT INTO user_follow(follower_id, following_id) VALUES(23, 99);
INSERT INTO user_follow(follower_id, following_id) VALUES(7, 11);
INSERT INTO user_follow(follower_id, following_id) VALUES(91, 1);
INSERT INTO user_follow(follower_id, following_id) VALUES(21, 13);
INSERT INTO user_follow(follower_id, following_id) VALUES(68, 97);
INSERT INTO user_follow(follower_id, following_id) VALUES(92, 73);
INSERT INTO user_follow(follower_id, following_id) VALUES(40, 35);
INSERT INTO user_follow(follower_id, following_id) VALUES(52, 9);
INSERT INTO user_follow(follower_id, following_id) VALUES(93, 19);
INSERT INTO user_follow(follower_id, following_id) VALUES(61, 94);
INSERT INTO user_follow(follower_id, following_id) VALUES(25, 28);
INSERT INTO user_follow(follower_id, following_id) VALUES(45, 6);
INSERT INTO user_follow(follower_id, following_id) VALUES(34, 6);
INSERT INTO user_follow(follower_id, following_id) VALUES(32, 36);
INSERT INTO user_follow(follower_id, following_id) VALUES(66, 47);
INSERT INTO user_follow(follower_id, following_id) VALUES(4, 63);
INSERT INTO user_follow(follower_id, following_id) VALUES(55, 19);
INSERT INTO user_follow(follower_id, following_id) VALUES(78, 30);
INSERT INTO user_follow(follower_id, following_id) VALUES(64, 95);
INSERT INTO user_follow(follower_id, following_id) VALUES(16, 55);
INSERT INTO user_follow(follower_id, following_id) VALUES(37, 96);
INSERT INTO user_follow(follower_id, following_id) VALUES(70, 44);
INSERT INTO user_follow(follower_id, following_id) VALUES(69, 66);
INSERT INTO user_follow(follower_id, following_id) VALUES(81, 31);
INSERT INTO user_follow(follower_id, following_id) VALUES(15, 95);
INSERT INTO user_follow(follower_id, following_id) VALUES(92, 77);
INSERT INTO user_follow(follower_id, following_id) VALUES(7, 100);
INSERT INTO user_follow(follower_id, following_id) VALUES(20, 39);
INSERT INTO user_follow(follower_id, following_id) VALUES(70, 12);
INSERT INTO user_follow(follower_id, following_id) VALUES(32, 58);
INSERT INTO user_follow(follower_id, following_id) VALUES(13, 54);
INSERT INTO user_follow(follower_id, following_id) VALUES(4, 85);
INSERT INTO user_follow(follower_id, following_id) VALUES(28, 15);
INSERT INTO user_follow(follower_id, following_id) VALUES(69, 43);
INSERT INTO user_follow(follower_id, following_id) VALUES(63, 18);
INSERT INTO user_follow(follower_id, following_id) VALUES(18, 86);
INSERT INTO user_follow(follower_id, following_id) VALUES(85, 14);
INSERT INTO user_follow(follower_id, following_id) VALUES(94, 99);
INSERT INTO user_follow(follower_id, following_id) VALUES(59, 7);
INSERT INTO user_follow(follower_id, following_id) VALUES(45, 90);
INSERT INTO user_follow(follower_id, following_id) VALUES(3, 84);
INSERT INTO user_follow(follower_id, following_id) VALUES(49, 51);
INSERT INTO user_follow(follower_id, following_id) VALUES(36, 32);
INSERT INTO user_follow(follower_id, following_id) VALUES(38, 60);
INSERT INTO user_follow(follower_id, following_id) VALUES(17, 37);
INSERT INTO user_follow(follower_id, following_id) VALUES(40, 2);
INSERT INTO user_follow(follower_id, following_id) VALUES(38, 78);
INSERT INTO user_follow(follower_id, following_id) VALUES(98, 92);
INSERT INTO user_follow(follower_id, following_id) VALUES(7, 72);
INSERT INTO user_follow(follower_id, following_id) VALUES(6, 18);
INSERT INTO user_follow(follower_id, following_id) VALUES(90, 88);
INSERT INTO user_follow(follower_id, following_id) VALUES(27, 59);
INSERT INTO user_follow(follower_id, following_id) VALUES(7, 90);
INSERT INTO user_follow(follower_id, following_id) VALUES(42, 57);
INSERT INTO user_follow(follower_id, following_id) VALUES(11, 51);
INSERT INTO user_follow(follower_id, following_id) VALUES(19, 64);
INSERT INTO user_follow(follower_id, following_id) VALUES(66, 5);
INSERT INTO user_follow(follower_id, following_id) VALUES(75, 81);
INSERT INTO user_follow(follower_id, following_id) VALUES(83, 94);
INSERT INTO user_follow(follower_id, following_id) VALUES(52, 88);
INSERT INTO user_follow(follower_id, following_id) VALUES(84, 68);
INSERT INTO user_follow(follower_id, following_id) VALUES(64, 62);
INSERT INTO user_follow(follower_id, following_id) VALUES(32, 39);
INSERT INTO user_follow(follower_id, following_id) VALUES(34, 58);
INSERT INTO user_follow(follower_id, following_id) VALUES(64, 71);
INSERT INTO user_follow(follower_id, following_id) VALUES(16, 31);
INSERT INTO user_follow(follower_id, following_id) VALUES(34, 76);
INSERT INTO user_follow(follower_id, following_id) VALUES(57, 41);
INSERT INTO user_follow(follower_id, following_id) VALUES(56, 85);
INSERT INTO user_follow(follower_id, following_id) VALUES(69, 33);
INSERT INTO user_follow(follower_id, following_id) VALUES(21, 2);
INSERT INTO user_follow(follower_id, following_id) VALUES(62, 12);
INSERT INTO user_follow(follower_id, following_id) VALUES(7, 85);
INSERT INTO user_follow(follower_id, following_id) VALUES(81, 34);
INSERT INTO user_follow(follower_id, following_id) VALUES(82, 88);
INSERT INTO user_follow(follower_id, following_id) VALUES(8, 59);
INSERT INTO user_follow(follower_id, following_id) VALUES(94, 80);
INSERT INTO user_follow(follower_id, following_id) VALUES(54, 44);
INSERT INTO user_follow(follower_id, following_id) VALUES(94, 98);
INSERT INTO user_follow(follower_id, following_id) VALUES(32, 25);
INSERT INTO user_follow(follower_id, following_id) VALUES(25, 75);
INSERT INTO user_follow(follower_id, following_id) VALUES(99, 24);
INSERT INTO user_follow(follower_id, following_id) VALUES(78, 1);
INSERT INTO user_follow(follower_id, following_id) VALUES(22, 60);
INSERT INTO user_follow(follower_id, following_id) VALUES(45, 62);
INSERT INTO user_follow(follower_id, following_id) VALUES(96, 46);
INSERT INTO user_follow(follower_id, following_id) VALUES(88, 51);
INSERT INTO user_follow(follower_id, following_id) VALUES(57, 54);
INSERT INTO user_follow(follower_id, following_id) VALUES(80, 19);
INSERT INTO user_follow(follower_id, following_id) VALUES(37, 85);
INSERT INTO user_follow(follower_id, following_id) VALUES(3, 83);
INSERT INTO user_follow(follower_id, following_id) VALUES(80, 28);
INSERT INTO user_follow(follower_id, following_id) VALUES(3, 92);
INSERT INTO user_follow(follower_id, following_id) VALUES(69, 28);
INSERT INTO user_follow(follower_id, following_id) VALUES(89, 95);
INSERT INTO user_follow(follower_id, following_id) VALUES(47, 98);
INSERT INTO user_follow(follower_id, following_id) VALUES(31, 1);
INSERT INTO user_follow(follower_id, following_id) VALUES(62, 16);
INSERT INTO user_follow(follower_id, following_id) VALUES(20, 10);
INSERT INTO user_follow(follower_id, following_id) VALUES(71, 92);
INSERT INTO user_follow(follower_id, following_id) VALUES(40, 86);
INSERT INTO user_follow(follower_id, following_id) VALUES(54, 30);
INSERT INTO user_follow(follower_id, following_id) VALUES(43, 2);
INSERT INTO user_follow(follower_id, following_id) VALUES(65, 17);
INSERT INTO user_follow(follower_id, following_id) VALUES(46, 22);
INSERT INTO user_follow(follower_id, following_id) VALUES(2, 95);
INSERT INTO user_follow(follower_id, following_id) VALUES(3, 78);
INSERT INTO user_follow(follower_id, following_id) VALUES(86, 94);
INSERT INTO user_follow(follower_id, following_id) VALUES(14, 96);
INSERT INTO user_follow(follower_id, following_id) VALUES(61, 37);
INSERT INTO user_follow(follower_id, following_id) VALUES(71, 87);
INSERT INTO user_follow(follower_id, following_id) VALUES(12, 10);
INSERT INTO user_follow(follower_id, following_id) VALUES(72, 24);
INSERT INTO user_follow(follower_id, following_id) VALUES(87, 40);
INSERT INTO user_follow(follower_id, following_id) VALUES(35, 11);
INSERT INTO user_follow(follower_id, following_id) VALUES(10, 85);
INSERT INTO user_follow(follower_id, following_id) VALUES(68, 44);
INSERT INTO user_follow(follower_id, following_id) VALUES(58, 9);
INSERT INTO user_follow(follower_id, following_id) VALUES(78, 76);
INSERT INTO user_follow(follower_id, following_id) VALUES(49, 40);
INSERT INTO user_follow(follower_id, following_id) VALUES(97, 98);
INSERT INTO user_follow(follower_id, following_id) VALUES(80, 27);
INSERT INTO user_follow(follower_id, following_id) VALUES(70, 99);
INSERT INTO user_follow(follower_id, following_id) VALUES(60, 36);
INSERT INTO user_follow(follower_id, following_id) VALUES(30, 44);
INSERT INTO user_follow(follower_id, following_id) VALUES(41, 59);
INSERT INTO user_follow(follower_id, following_id) VALUES(44, 82);
INSERT INTO user_follow(follower_id, following_id) VALUES(10, 89);
INSERT INTO user_follow(follower_id, following_id) VALUES(13, 91);
INSERT INTO user_follow(follower_id, following_id) VALUES(7, 20);
INSERT INTO user_follow(follower_id, following_id) VALUES(24, 100);
INSERT INTO user_follow(follower_id, following_id) VALUES(98, 58);
INSERT INTO user_follow(follower_id, following_id) VALUES(70, 94);
INSERT INTO user_follow(follower_id, following_id) VALUES(48, 75);
INSERT INTO user_follow(follower_id, following_id) VALUES(60, 40);
INSERT INTO user_follow(follower_id, following_id) VALUES(6, 78);
INSERT INTO user_follow(follower_id, following_id) VALUES(87, 12);
INSERT INTO user_follow(follower_id, following_id) VALUES(75, 56);
INSERT INTO user_follow(follower_id, following_id) VALUES(10, 48);
INSERT INTO user_follow(follower_id, following_id) VALUES(2, 44);
INSERT INTO user_follow(follower_id, following_id) VALUES(15, 10);
INSERT INTO user_follow(follower_id, following_id) VALUES(92, 1);
INSERT INTO user_follow(follower_id, following_id) VALUES(24, 95);
INSERT INTO user_follow(follower_id, following_id) VALUES(47, 69);
INSERT INTO user_follow(follower_id, following_id) VALUES(100, 81);
INSERT INTO user_follow(follower_id, following_id) VALUES(91, 23);
INSERT INTO user_follow(follower_id, following_id) VALUES(59, 89);
INSERT INTO user_follow(follower_id, following_id) VALUES(69, 93);
INSERT INTO user_follow(follower_id, following_id) VALUES(63, 68);
INSERT INTO user_follow(follower_id, following_id) VALUES(94, 46);
INSERT INTO user_follow(follower_id, following_id) VALUES(56, 10);
INSERT INTO user_follow(follower_id, following_id) VALUES(45, 10);
INSERT INTO user_follow(follower_id, following_id) VALUES(33, 54);
INSERT INTO user_follow(follower_id, following_id) VALUES(10, 52);
INSERT INTO user_follow(follower_id, following_id) VALUES(66, 69);
INSERT INTO user_follow(follower_id, following_id) VALUES(43, 67);
INSERT INTO user_follow(follower_id, following_id) VALUES(22, 44);
INSERT INTO user_follow(follower_id, following_id) VALUES(32, 76);
INSERT INTO user_follow(follower_id, following_id) VALUES(13, 72);
INSERT INTO user_follow(follower_id, following_id) VALUES(79, 17);
INSERT INTO user_follow(follower_id, following_id) VALUES(49, 25);
INSERT INTO user_follow(follower_id, following_id) VALUES(100, 94);
INSERT INTO user_follow(follower_id, following_id) VALUES(92, 90);
INSERT INTO user_follow(follower_id, following_id) VALUES(6, 50);
INSERT INTO user_follow(follower_id, following_id) VALUES(9, 83);
INSERT INTO user_follow(follower_id, following_id) VALUES(81, 71);
INSERT INTO user_follow(follower_id, following_id) VALUES(60, 48);
INSERT INTO user_follow(follower_id, following_id) VALUES(72, 13);
INSERT INTO user_follow(follower_id, following_id) VALUES(53, 27);
INSERT INTO user_follow(follower_id, following_id) VALUES(56, 23);
INSERT INTO user_follow(follower_id, following_id) VALUES(74, 59);
INSERT INTO user_follow(follower_id, following_id) VALUES(25, 54);
INSERT INTO user_follow(follower_id, following_id) VALUES(51, 66);
INSERT INTO user_follow(follower_id, following_id) VALUES(2, 61);
INSERT INTO user_follow(follower_id, following_id) VALUES(32, 62);
INSERT INTO user_follow(follower_id, following_id) VALUES(70, 43);
INSERT INTO user_follow(follower_id, following_id) VALUES(59, 52);
INSERT INTO user_follow(follower_id, following_id) VALUES(55, 63);
INSERT INTO user_follow(follower_id, following_id) VALUES(36, 68);
INSERT INTO user_follow(follower_id, following_id) VALUES(92, 67);
INSERT INTO user_follow(follower_id, following_id) VALUES(47, 77);
INSERT INTO user_follow(follower_id, following_id) VALUES(77, 78);
INSERT INTO user_follow(follower_id, following_id) VALUES(92, 76);
INSERT INTO user_follow(follower_id, following_id) VALUES(28, 82);
INSERT INTO user_follow(follower_id, following_id) VALUES(80, 83);
INSERT INTO user_follow(follower_id, following_id) VALUES(50, 79);
INSERT INTO user_follow(follower_id, following_id) VALUES(95, 1);
INSERT INTO user_follow(follower_id, following_id) VALUES(41, 39);
INSERT INTO user_follow(follower_id, following_id) VALUES(64, 4);
INSERT INTO user_follow(follower_id, following_id) VALUES(20, 92);
INSERT INTO user_follow(follower_id, following_id) VALUES(59, 20);
INSERT INTO user_follow(follower_id, following_id) VALUES(70, 29);
INSERT INTO user_follow(follower_id, following_id) VALUES(90, 25);
INSERT INTO user_follow(follower_id, following_id) VALUES(29, 15);
INSERT INTO user_follow(follower_id, following_id) VALUES(65, 99);
INSERT INTO user_follow(follower_id, following_id) VALUES(73, 48);
INSERT INTO user_follow(follower_id, following_id) VALUES(8, 77);
INSERT INTO user_follow(follower_id, following_id) VALUES(73, 57);
INSERT INTO user_follow(follower_id, following_id) VALUES(10, 19);
INSERT INTO user_follow(follower_id, following_id) VALUES(11, 82);
INSERT INTO user_follow(follower_id, following_id) VALUES(62, 75);
INSERT INTO user_follow(follower_id, following_id) VALUES(2, 33);
INSERT INTO user_follow(follower_id, following_id) VALUES(73, 84);
INSERT INTO user_follow(follower_id, following_id) VALUES(39, 91);
INSERT INTO user_follow(follower_id, following_id) VALUES(20, 87);
INSERT INTO user_follow(follower_id, following_id) VALUES(84, 90);
INSERT INTO user_follow(follower_id, following_id) VALUES(89, 19);
INSERT INTO user_follow(follower_id, following_id) VALUES(17, 18);
INSERT INTO user_follow(follower_id, following_id) VALUES(79, 11);
INSERT INTO user_follow(follower_id, following_id) VALUES(29, 1);
INSERT INTO user_follow(follower_id, following_id) VALUES(82, 25);
INSERT INTO user_follow(follower_id, following_id) VALUES(68, 90);
INSERT INTO user_follow(follower_id, following_id) VALUES(50, 60);
INSERT INTO user_follow(follower_id, following_id) VALUES(61, 60);
INSERT INTO user_follow(follower_id, following_id) VALUES(52, 20);
INSERT INTO user_follow(follower_id, following_id) VALUES(30, 72);
INSERT INTO user_follow(follower_id, following_id) VALUES(62, 52);
INSERT INTO user_follow(follower_id, following_id) VALUES(61, 96);
INSERT INTO user_follow(follower_id, following_id) VALUES(85, 26);
INSERT INTO user_follow(follower_id, following_id) VALUES(13, 34);
INSERT INTO user_follow(follower_id, following_id) VALUES(59, 10);
INSERT INTO user_follow(follower_id, following_id) VALUES(32, 56);
INSERT INTO user_follow(follower_id, following_id) VALUES(67, 23);
INSERT INTO user_follow(follower_id, following_id) VALUES(84, 94);
INSERT INTO user_follow(follower_id, following_id) VALUES(28, 13);
INSERT INTO user_follow(follower_id, following_id) VALUES(59, 28);
INSERT INTO user_follow(follower_id, following_id) VALUES(45, 93);
INSERT INTO user_follow(follower_id, following_id) VALUES(100, 56);
INSERT INTO user_follow(follower_id, following_id) VALUES(28, 49);
INSERT INTO user_follow(follower_id, following_id) VALUES(58, 68);
INSERT INTO user_follow(follower_id, following_id) VALUES(81, 60);
INSERT INTO user_follow(follower_id, following_id) VALUES(39, 63);
INSERT INTO user_follow(follower_id, following_id) VALUES(95, 62);
INSERT INTO user_follow(follower_id, following_id) VALUES(11, 99);
INSERT INTO user_follow(follower_id, following_id) VALUES(20, 77);
INSERT INTO user_follow(follower_id, following_id) VALUES(95, 98);
INSERT INTO user_follow(follower_id, following_id) VALUES(36, 30);
INSERT INTO user_follow(follower_id, following_id) VALUES(5, 24);
INSERT INTO user_follow(follower_id, following_id) VALUES(76, 75);
INSERT INTO user_follow(follower_id, following_id) VALUES(17, 35);
INSERT INTO user_follow(follower_id, following_id) VALUES(18, 70);
INSERT INTO user_follow(follower_id, following_id) VALUES(81, 19);
INSERT INTO user_follow(follower_id, following_id) VALUES(26, 83);
INSERT INTO user_follow(follower_id, following_id) VALUES(19, 53);
INSERT INTO user_follow(follower_id, following_id) VALUES(71, 100);
INSERT INTO user_follow(follower_id, following_id) VALUES(66, 3);
INSERT INTO user_follow(follower_id, following_id) VALUES(91, 87);
INSERT INTO user_follow(follower_id, following_id) VALUES(93, 29);
INSERT INTO user_follow(follower_id, following_id) VALUES(30, 89);
INSERT INTO user_follow(follower_id, following_id) VALUES(12, 50);
INSERT INTO user_follow(follower_id, following_id) VALUES(85, 34);
INSERT INTO user_follow(follower_id, following_id) VALUES(75, 97);
INSERT INTO user_follow(follower_id, following_id) VALUES(53, 60);
INSERT INTO user_follow(follower_id, following_id) VALUES(32, 37);
INSERT INTO user_follow(follower_id, following_id) VALUES(16, 20);
INSERT INTO user_follow(follower_id, following_id) VALUES(44, 91);
INSERT INTO user_follow(follower_id, following_id) VALUES(99, 45);
INSERT INTO user_follow(follower_id, following_id) VALUES(1, 49);
INSERT INTO user_follow(follower_id, following_id) VALUES(70, 18);
INSERT INTO user_follow(follower_id, following_id) VALUES(22, 81);
INSERT INTO user_follow(follower_id, following_id) VALUES(22, 90);
INSERT INTO user_follow(follower_id, following_id) VALUES(15, 60);
INSERT INTO user_follow(follower_id, following_id) VALUES(50, 36);
INSERT INTO user_follow(follower_id, following_id) VALUES(90, 81);
INSERT INTO user_follow(follower_id, following_id) VALUES(69, 58);
INSERT INTO user_follow(follower_id, following_id) VALUES(81, 32);
INSERT INTO user_follow(follower_id, following_id) VALUES(42, 59);
INSERT INTO user_follow(follower_id, following_id) VALUES(93, 6);
INSERT INTO user_follow(follower_id, following_id) VALUES(31, 22);
INSERT INTO user_follow(follower_id, following_id) VALUES(94, 78);
INSERT INTO user_follow(follower_id, following_id) VALUES(31, 49);
INSERT INTO user_follow(follower_id, following_id) VALUES(13, 10);
INSERT INTO user_follow(follower_id, following_id) VALUES(24, 10);
INSERT INTO user_follow(follower_id, following_id) VALUES(33, 77);
INSERT INTO user_follow(follower_id, following_id) VALUES(95, 61);
INSERT INTO user_follow(follower_id, following_id) VALUES(16, 6);
INSERT INTO user_follow(follower_id, following_id) VALUES(53, 55);
INSERT INTO user_follow(follower_id, following_id) VALUES(24, 28);
INSERT INTO user_follow(follower_id, following_id) VALUES(84, 79);
INSERT INTO user_follow(follower_id, following_id) VALUES(44, 95);
INSERT INTO user_follow(follower_id, following_id) VALUES(34, 96);
INSERT INTO user_follow(follower_id, following_id) VALUES(61, 31);
INSERT INTO user_follow(follower_id, following_id) VALUES(73, 5);
INSERT INTO user_follow(follower_id, following_id) VALUES(8, 34);
INSERT INTO user_follow(follower_id, following_id) VALUES(8, 52);
INSERT INTO user_follow(follower_id, following_id) VALUES(84, 38);
INSERT INTO user_follow(follower_id, following_id) VALUES(4, 27);
INSERT INTO user_follow(follower_id, following_id) VALUES(60, 89);
INSERT INTO user_follow(follower_id, following_id) VALUES(87, 52);
INSERT INTO user_follow(follower_id, following_id) VALUES(10, 79);
INSERT INTO user_follow(follower_id, following_id) VALUES(75, 96);
INSERT INTO user_follow(follower_id, following_id) VALUES(64, 59);
INSERT INTO user_follow(follower_id, following_id) VALUES(1, 21);
INSERT INTO user_follow(follower_id, following_id) VALUES(10, 88);
INSERT INTO user_follow(follower_id, following_id) VALUES(96, 39);
INSERT INTO user_follow(follower_id, following_id) VALUES(3, 58);
INSERT INTO user_follow(follower_id, following_id) VALUES(37, 60);
INSERT INTO user_follow(follower_id, following_id) VALUES(77, 7);
INSERT INTO user_follow(follower_id, following_id) VALUES(88, 53);
INSERT INTO user_follow(follower_id, following_id) VALUES(38, 34);
INSERT INTO user_follow(follower_id, following_id) VALUES(68, 47);
INSERT INTO user_follow(follower_id, following_id) VALUES(91, 54);
INSERT INTO user_follow(follower_id, following_id) VALUES(63, 72);
INSERT INTO user_follow(follower_id, following_id) VALUES(31, 12);
INSERT INTO user_follow(follower_id, following_id) VALUES(41, 53);
INSERT INTO user_follow(follower_id, following_id) VALUES(75, 55);
INSERT INTO user_follow(follower_id, following_id) VALUES(75, 64);
INSERT INTO user_follow(follower_id, following_id) VALUES(64, 45);
INSERT INTO user_follow(follower_id, following_id) VALUES(56, 50);
INSERT INTO user_follow(follower_id, following_id) VALUES(16, 23);
INSERT INTO user_follow(follower_id, following_id) VALUES(46, 42);
INSERT INTO user_follow(follower_id, following_id) VALUES(67, 92);
INSERT INTO user_follow(follower_id, following_id) VALUES(91, 31);
INSERT INTO user_follow(follower_id, following_id) VALUES(70, 97);
INSERT INTO user_follow(follower_id, following_id) VALUES(82, 62);
INSERT INTO user_follow(follower_id, following_id) VALUES(17, 91);
INSERT INTO user_follow(follower_id, following_id) VALUES(79, 84);
INSERT INTO user_follow(follower_id, following_id) VALUES(11, 38);
INSERT INTO user_follow(follower_id, following_id) VALUES(83, 63);
INSERT INTO user_follow(follower_id, following_id) VALUES(29, 92);
INSERT INTO user_follow(follower_id, following_id) VALUES(25, 49);
INSERT INTO user_follow(follower_id, following_id) VALUES(21, 97);
INSERT INTO user_follow(follower_id, following_id) VALUES(4, 35);
INSERT INTO user_follow(follower_id, following_id) VALUES(41, 84);
INSERT INTO user_follow(follower_id, following_id) VALUES(44, 80);
INSERT INTO user_follow(follower_id, following_id) VALUES(3, 39);
INSERT INTO user_follow(follower_id, following_id) VALUES(10, 87);
INSERT INTO user_follow(follower_id, following_id) VALUES(76, 32);
INSERT INTO user_follow(follower_id, following_id) VALUES(56, 63);
INSERT INTO user_follow(follower_id, following_id) VALUES(46, 28);
INSERT INTO user_follow(follower_id, following_id) VALUES(22, 61);
INSERT INTO user_follow(follower_id, following_id) VALUES(7, 18);
INSERT INTO user_follow(follower_id, following_id) VALUES(7, 45);
INSERT INTO user_follow(follower_id, following_id) VALUES(71, 48);
INSERT INTO user_follow(follower_id, following_id) VALUES(27, 23);
INSERT INTO user_follow(follower_id, following_id) VALUES(70, 92);
INSERT INTO user_follow(follower_id, following_id) VALUES(82, 66);
INSERT INTO user_follow(follower_id, following_id) VALUES(63, 71);
INSERT INTO user_follow(follower_id, following_id) VALUES(48, 82);
INSERT INTO user_follow(follower_id, following_id) VALUES(31, 20);
INSERT INTO user_follow(follower_id, following_id) VALUES(53, 26);
INSERT INTO user_follow(follower_id, following_id) VALUES(2, 69);
INSERT INTO user_follow(follower_id, following_id) VALUES(97, 50);
INSERT INTO user_follow(follower_id, following_id) VALUES(89, 55);
INSERT INTO user_follow(follower_id, following_id) VALUES(35, 84);
INSERT INTO user_follow(follower_id, following_id) VALUES(32, 97);
INSERT INTO user_follow(follower_id, following_id) VALUES(67, 64);
INSERT INTO user_follow(follower_id, following_id) VALUES(89, 64);
INSERT INTO user_follow(follower_id, following_id) VALUES(26, 35);
INSERT INTO user_follow(follower_id, following_id) VALUES(79, 47);
INSERT INTO user_follow(follower_id, following_id) VALUES(82, 61);
INSERT INTO user_follow(follower_id, following_id) VALUES(9, 86);
INSERT INTO user_follow(follower_id, following_id) VALUES(91, 48);
INSERT INTO user_follow(follower_id, following_id) VALUES(95, 27);
INSERT INTO user_follow(follower_id, following_id) VALUES(73, 79);
INSERT INTO user_follow(follower_id, following_id) VALUES(89, 50);
INSERT INTO liked_track(user_id, track_id) VALUES(4, '0mBKv9DkYfQHjdMcw2jdyI');
INSERT INTO liked_track(user_id, track_id) VALUES(51, '3VZYMT2OSYxCKPjXCRNgUb');
INSERT INTO liked_track(user_id, track_id) VALUES(96, '1eoHLwYFCgpemHFQuMsV9w');
INSERT INTO liked_track(user_id, track_id) VALUES(100, '0kwrPQkiGVE8KTHalH1uMo');
INSERT INTO liked_track(user_id, track_id) VALUES(45, '1yeB8MUNeLo9Ek1UEpsyz6');
INSERT INTO liked_track(user_id, track_id) VALUES(91, '0HyYb90jIOngSSLH5XfiAC');
INSERT INTO liked_track(user_id, track_id) VALUES(69, '6MEgCPsZ85jsMRswd0yPi9');
INSERT INTO liked_track(user_id, track_id) VALUES(86, '3Oi1pDSYLVkz3i8jOXaQdt');
INSERT INTO liked_track(user_id, track_id) VALUES(10, '58gGH6ezvusTaqWKJRqHPC');
INSERT INTO liked_track(user_id, track_id) VALUES(25, '4iYX8fLOdOWd5lGGr7U4gc');
INSERT INTO liked_track(user_id, track_id) VALUES(38, '7oSjDQf4kkFTxWWgdrgy3h');
INSERT INTO liked_track(user_id, track_id) VALUES(61, '2QRvliBEcGIEgTrjVfxmXo');
INSERT INTO liked_track(user_id, track_id) VALUES(24, '0qBeDyhZu5oER3MEu3lQ3P');
INSERT INTO liked_track(user_id, track_id) VALUES(68, '3RaCGXCiiMufRPoexXxGkV');
INSERT INTO liked_track(user_id, track_id) VALUES(43, '2uTG00P1DkhB97pdITkl2O');
INSERT INTO liked_track(user_id, track_id) VALUES(6, '7ycJMzTmqClQdZsWdWxC3v');
INSERT INTO liked_track(user_id, track_id) VALUES(36, '09mBPwUMt1TXNtneqvmZZ5');
INSERT INTO liked_track(user_id, track_id) VALUES(84, '4vz3UReBbxyPuVqgIjTCeA');
INSERT INTO liked_track(user_id, track_id) VALUES(98, '4GjPsuW89QcC2RDFX3upTV');
INSERT INTO liked_track(user_id, track_id) VALUES(31, '7oEfuMrKMK9WXx1dXyv6em');
INSERT INTO liked_track(user_id, track_id) VALUES(25, '46CYSG1HW7aAEj2okqQDGz');
INSERT INTO liked_track(user_id, track_id) VALUES(67, '1ywwObadN3168Hibf5yblZ');
INSERT INTO liked_track(user_id, track_id) VALUES(12, '5e5h9GeNY6janbVi34tn9e');
INSERT INTO liked_track(user_id, track_id) VALUES(56, '4e0uZkMYa8e8HJ5TEUN417');
INSERT INTO liked_track(user_id, track_id) VALUES(59, '6b8Be6ljOzmkOmFslEb23P');
INSERT INTO liked_track(user_id, track_id) VALUES(76, '0pdMOh52apEWAS1xELJY7Q');
INSERT INTO liked_track(user_id, track_id) VALUES(10, '1eCFz60zd7mAXgWLapPd9B');
INSERT INTO liked_track(user_id, track_id) VALUES(4, '0z7S7ArhLtHl2vzXyYPfIH');
INSERT INTO liked_track(user_id, track_id) VALUES(78, '1Gsw3AyAvDulZI9lHIRr3E');
INSERT INTO liked_track(user_id, track_id) VALUES(73, '4Vdlt72CFQprR2kf2jeSaL');
INSERT INTO liked_track(user_id, track_id) VALUES(14, '5UJshy5HDHdNEVqlJwzsQB');
INSERT INTO liked_track(user_id, track_id) VALUES(74, '5sBDrrtLGbV64QJnEqfjer');
INSERT INTO liked_track(user_id, track_id) VALUES(40, '6YV2AI87l1n2fzqU8Dyo05');
INSERT INTO liked_track(user_id, track_id) VALUES(35, '7uVKvaDWDpss7Ldj9kypLX');
INSERT INTO liked_track(user_id, track_id) VALUES(1, '0k1WUmIRnG3xU6fvvDVfRG');
INSERT INTO liked_track(user_id, track_id) VALUES(99, '7yoHYSunDSmdYrORIOYVHX');
INSERT INTO liked_track(user_id, track_id) VALUES(6, '46CYSG1HW7aAEj2okqQDGz');
INSERT INTO liked_track(user_id, track_id) VALUES(99, '5c5FujzDDLo3XYss4OO3hi');
INSERT INTO liked_track(user_id, track_id) VALUES(77, '62Q8xON11csaJlfmRF7Y5O');
INSERT INTO liked_track(user_id, track_id) VALUES(69, '5LByxLn1X1Q9vr0xa4ZLYf');
INSERT INTO liked_track(user_id, track_id) VALUES(65, '2JXtnYipvED0oh36MJ9YyM');
INSERT INTO liked_track(user_id, track_id) VALUES(80, '0GR7iJLhj80KD5LkA14ZRn');
INSERT INTO liked_track(user_id, track_id) VALUES(92, '4EDijkJdHBZZ0GwJ12iTAj');
INSERT INTO liked_track(user_id, track_id) VALUES(92, '7uVKvaDWDpss7Ldj9kypLX');
INSERT INTO liked_track(user_id, track_id) VALUES(42, '5ZicFGBDAi9J2YCVesboUp');
INSERT INTO liked_track(user_id, track_id) VALUES(93, '72SxWvaYsDgix2N3sjCjT1');
INSERT INTO liked_track(user_id, track_id) VALUES(13, '1cSh61cAJBP25IsXo59V2S');
INSERT INTO liked_track(user_id, track_id) VALUES(60, '3Upq1Ljn7YpFS6jJL13glH');
INSERT INTO liked_track(user_id, track_id) VALUES(91, '1RlcvK95g0XfRpDvFbGLUO');
INSERT INTO liked_track(user_id, track_id) VALUES(12, '4PxQyXDCoEM56YngnJujgm');
INSERT INTO liked_track(user_id, track_id) VALUES(100, '6jdOi5U5LBzQrc4c1VT983');
INSERT INTO liked_track(user_id, track_id) VALUES(37, '1DmnEYXa4WfbdhAPwNzgD8');
INSERT INTO liked_track(user_id, track_id) VALUES(80, '1FwyGcGpRmbpESxc80WNix');
INSERT INTO liked_track(user_id, track_id) VALUES(10, '4rmVZajAF7PkrCagGPHbqa');
INSERT INTO liked_track(user_id, track_id) VALUES(46, '6C6fHTuFUxVtJpBOOaMvJr');
INSERT INTO liked_track(user_id, track_id) VALUES(90, '5homruRi0m4GuyJBod3kcn');
INSERT INTO liked_track(user_id, track_id) VALUES(30, '4fen6YZEyvpi9X75JXarFL');
INSERT INTO liked_track(user_id, track_id) VALUES(4, '7DrZotCVwheRlevj6tJDxZ');
INSERT INTO liked_track(user_id, track_id) VALUES(81, '44Vzd5QhPFN0ydfw9Hwou2');
INSERT INTO liked_track(user_id, track_id) VALUES(20, '6AIxmLiDNHFQgZstB4lzDB');
INSERT INTO liked_track(user_id, track_id) VALUES(4, '41J8SYwb9YHzPjpbXouIkS');
INSERT INTO liked_track(user_id, track_id) VALUES(79, '4c2xt1trwYZpMqPWY35Xi9');
INSERT INTO liked_track(user_id, track_id) VALUES(81, '3fUfgvE2JbbvVNlfiDJzNM');
INSERT INTO liked_track(user_id, track_id) VALUES(99, '759ndr57jb0URg4j9YSWml');
INSERT INTO liked_track(user_id, track_id) VALUES(45, '0xl1w2q4VLojeXp4JfazPL');
INSERT INTO liked_track(user_id, track_id) VALUES(29, '2YSzYUF3jWqb9YP9VXmpjE');
INSERT INTO liked_track(user_id, track_id) VALUES(83, '3dhjNA0jGA8vHBQ1VdD6vV');
INSERT INTO liked_track(user_id, track_id) VALUES(57, '27BgDmciSjoxTG0almHTpZ');
INSERT INTO liked_track(user_id, track_id) VALUES(38, '3RXUgPNIbUgFxsDWuBQEt6');
INSERT INTO liked_track(user_id, track_id) VALUES(34, '1kHAbyXgMowPPZfpxDImL3');
INSERT INTO liked_track(user_id, track_id) VALUES(29, '6C6fHTuFUxVtJpBOOaMvJr');
INSERT INTO liked_track(user_id, track_id) VALUES(41, '33TCfb4mgWlCTzxb1q21r9');
INSERT INTO liked_track(user_id, track_id) VALUES(66, '26YNVqHuwAPeBVfDscTPds');
INSERT INTO liked_track(user_id, track_id) VALUES(89, '44mXea90sdkzwv2qqDuOKX');
INSERT INTO liked_track(user_id, track_id) VALUES(41, '3iPmwJh56xbDF7Xduimf0d');
INSERT INTO liked_track(user_id, track_id) VALUES(30, '12d5QFwzh60IIHlsSnAvps');
INSERT INTO liked_track(user_id, track_id) VALUES(80, '0kN8xEmgMW9mh7UmDYHlJP');
INSERT INTO liked_track(user_id, track_id) VALUES(37, '7n3BFJwucmfA5pPMtEoNKb');
INSERT INTO liked_track(user_id, track_id) VALUES(61, '5ECz2phQLQWNGbKUlN8AAS');
INSERT INTO liked_track(user_id, track_id) VALUES(19, '2k0PMMQw04p2dFO1lxZC6b');
INSERT INTO liked_track(user_id, track_id) VALUES(6, '716nouwS8Bg17xgo5Sj4Th');
INSERT INTO liked_track(user_id, track_id) VALUES(48, '2pZcdLQkRmH9T3oajmlxuO');
INSERT INTO liked_track(user_id, track_id) VALUES(79, '1ImRS2KtSaDZcj9vQTxwFA');
INSERT INTO liked_track(user_id, track_id) VALUES(65, '0YQ7hl18bXabKzuTE0VwMV');
INSERT INTO liked_track(user_id, track_id) VALUES(36, '63p3Slj0shAFP0Q7dQetj5');
INSERT INTO liked_track(user_id, track_id) VALUES(67, '1DmnEYXa4WfbdhAPwNzgD8');
INSERT INTO liked_track(user_id, track_id) VALUES(59, '7mPoCVGP752A5DtHf1SKkM');
INSERT INTO liked_track(user_id, track_id) VALUES(59, '7rC5Pl8rQSX4myONQHYPBK');
INSERT INTO liked_track(user_id, track_id) VALUES(20, '79XrkTOfV1AqySNjVlygpW');
INSERT INTO liked_track(user_id, track_id) VALUES(24, '7jKNxYzPFGDWEemcRVebLb');
INSERT INTO liked_track(user_id, track_id) VALUES(12, '6j2bB0QY86xeeESfdA8Tn3');
INSERT INTO liked_track(user_id, track_id) VALUES(50, '6Yj7Zhxt73uvwFFvzQXdxO');
INSERT INTO liked_track(user_id, track_id) VALUES(28, '2uUnODsWs7UZhXjmcKM9J6');
INSERT INTO liked_track(user_id, track_id) VALUES(52, '2KkwatFSB6jXTAOt653W0e');
INSERT INTO liked_track(user_id, track_id) VALUES(2, '4e0uZkMYa8e8HJ5TEUN417');
INSERT INTO liked_track(user_id, track_id) VALUES(4, '71VKjJjn76sn5Tt8X8Ay8c');
INSERT INTO liked_track(user_id, track_id) VALUES(47, '3r5lHFACTti0w2REN5tcrn');
INSERT INTO liked_track(user_id, track_id) VALUES(21, '20E7RyoUockrRsSorCsESR');
INSERT INTO liked_track(user_id, track_id) VALUES(12, '43iKgGbmfqPLh3mxUlospI');
INSERT INTO liked_track(user_id, track_id) VALUES(81, '3F5CgOj3wFlRv51JsHbxhe');
INSERT INTO liked_track(user_id, track_id) VALUES(59, '36CVpUB9PJ8SOzEcf2q6os');
INSERT INTO liked_track(user_id, track_id) VALUES(29, '1mjAD7IYvI5UGiB7WnppMf');
INSERT INTO liked_track(user_id, track_id) VALUES(79, '0M3HkE321xpCbCYqVKzr1q');
INSERT INTO liked_track(user_id, track_id) VALUES(11, '0awY0gg3Mla7fUbavFrVco');
INSERT INTO liked_track(user_id, track_id) VALUES(77, '1SLsDrKugNzhjksXYMDkm5');
INSERT INTO liked_track(user_id, track_id) VALUES(3, '2DsrtZoRxeHdCSGRlQVQtj');
INSERT INTO liked_track(user_id, track_id) VALUES(92, '5BTu8L170anjdgSohdBkkv');
INSERT INTO liked_track(user_id, track_id) VALUES(85, '1oYV1xSoGhxG0AY4SJVT76');
INSERT INTO liked_track(user_id, track_id) VALUES(66, '54tBIDmNdxGp04gPNWCCbi');
INSERT INTO liked_track(user_id, track_id) VALUES(40, '7dLtUiDlZBpd9C18BOqfJT');
INSERT INTO liked_track(user_id, track_id) VALUES(71, '5syO3TqduLpA8GcQqPfLAE');
INSERT INTO liked_track(user_id, track_id) VALUES(75, '7hxvMTEUOXEKDZ3nnUqbdJ');
INSERT INTO liked_track(user_id, track_id) VALUES(34, '1G2X1zx9IIuAB2N9qsB25a');
INSERT INTO liked_track(user_id, track_id) VALUES(66, '37vULhf6YM1HbrqcZmbxOV');
INSERT INTO liked_track(user_id, track_id) VALUES(92, '0FIDCNYYjNvPVimz5icugS');
INSERT INTO liked_track(user_id, track_id) VALUES(67, '5eMbkNvdn4VbUQaJmqyalo');
INSERT INTO liked_track(user_id, track_id) VALUES(85, '5RoqWTV72C8GZhHmQqBh7O');
INSERT INTO liked_track(user_id, track_id) VALUES(89, '4gQBXN2GBRpemMuxg5y3h9');
INSERT INTO liked_track(user_id, track_id) VALUES(85, '3PUF79SWDEwh0JBKyMdhRO');
INSERT INTO liked_track(user_id, track_id) VALUES(91, '03mq0kiUpHJtq7px3ZSTYK');
INSERT INTO liked_track(user_id, track_id) VALUES(9, '7q9Sr5kCkha0L49GAQctHl');
INSERT INTO liked_track(user_id, track_id) VALUES(18, '2durxb17bXcmQJHSt8JAdO');
INSERT INTO liked_track(user_id, track_id) VALUES(40, '1aRyIsgzfUdSGAGz8zgFR2');
INSERT INTO liked_track(user_id, track_id) VALUES(85, '61S79KIVA4I9FXbnsylEHT');
INSERT INTO liked_track(user_id, track_id) VALUES(79, '12d5QFwzh60IIHlsSnAvps');
INSERT INTO liked_track(user_id, track_id) VALUES(59, '3RUVLIRUNA3KHLt8pd8PL6');
INSERT INTO liked_track(user_id, track_id) VALUES(84, '7DrZotCVwheRlevj6tJDxZ');
INSERT INTO liked_track(user_id, track_id) VALUES(97, '3sgxEZJ4uBcRpC5ZKdKtC6');
INSERT INTO liked_track(user_id, track_id) VALUES(46, '28N8gvR5Mo8d23XL4cFptk');
INSERT INTO liked_track(user_id, track_id) VALUES(95, '4jDyIdXDXe9zM6QbeoXRWp');
INSERT INTO liked_track(user_id, track_id) VALUES(71, '2JXtnYipvED0oh36MJ9YyM');
INSERT INTO liked_track(user_id, track_id) VALUES(72, '1CPZ5BxNNd0n0nF4Orb9JS');
INSERT INTO liked_track(user_id, track_id) VALUES(24, '5n03LAVixLBSDcSo0UMhc1');
INSERT INTO liked_track(user_id, track_id) VALUES(41, '0jcXavoOHe9f99PE2sLg6T');
INSERT INTO liked_track(user_id, track_id) VALUES(25, '7nexXM8SDFu9TJ8CzVANKE');
INSERT INTO liked_track(user_id, track_id) VALUES(75, '2Kf6WQmc6TU4bYIu3Szsz2');
INSERT INTO liked_track(user_id, track_id) VALUES(41, '7zoCEGc64EHQiCtpOgxnrT');
INSERT INTO liked_track(user_id, track_id) VALUES(48, '6uPnrBgweGOcwjFL4ItAvV');
INSERT INTO liked_track(user_id, track_id) VALUES(86, '37vULhf6YM1HbrqcZmbxOV');
INSERT INTO liked_track(user_id, track_id) VALUES(67, '78Af1SkRTxLg3fgb3Js3nV');
INSERT INTO liked_track(user_id, track_id) VALUES(86, '1X1BT1SyKnzrvsjao6R5wN');
INSERT INTO liked_track(user_id, track_id) VALUES(60, '1jT1njjQ3JU6DYonYRG8MU');
INSERT INTO liked_track(user_id, track_id) VALUES(42, '7DY756WOLyOz2Xnhw4EFiC');
INSERT INTO liked_track(user_id, track_id) VALUES(19, '1oYV1xSoGhxG0AY4SJVT76');
INSERT INTO liked_track(user_id, track_id) VALUES(7, '2E4D4IuFauEfAjpAamK8HU');
INSERT INTO liked_track(user_id, track_id) VALUES(77, '3VN74YiIjtY5ouKahBjmRX');
INSERT INTO liked_track(user_id, track_id) VALUES(60, '3VZYMT2OSYxCKPjXCRNgUb');
INSERT INTO liked_track(user_id, track_id) VALUES(93, '2aEaejrhOecAdVvifXidcm');
INSERT INTO liked_track(user_id, track_id) VALUES(53, '3oJ2x2zkGfmzk7ZT3lpAUG');
INSERT INTO liked_track(user_id, track_id) VALUES(60, '7bGF2hNOP6SROacsxo1fCk');
INSERT INTO liked_track(user_id, track_id) VALUES(36, '5r6dnnBEstYJ08H1Hl9TBL');
INSERT INTO liked_track(user_id, track_id) VALUES(62, '2iBF7hOOvvbHJZBQs7LmIh');
INSERT INTO liked_track(user_id, track_id) VALUES(62, '24FUBxaAYSBlWsbSnEzDcn');
INSERT INTO liked_track(user_id, track_id) VALUES(92, '20E7RyoUockrRsSorCsESR');
INSERT INTO liked_track(user_id, track_id) VALUES(72, '1JdqLu74P8HXiie7i8e0ks');
INSERT INTO liked_track(user_id, track_id) VALUES(67, '1GIEA7uraLfdQbLiPsgPoH');
INSERT INTO liked_track(user_id, track_id) VALUES(13, '4e0uZkMYa8e8HJ5TEUN417');
INSERT INTO liked_track(user_id, track_id) VALUES(3, '6ojrylBvc8SkXGjr02FjRX');
INSERT INTO liked_track(user_id, track_id) VALUES(92, '44mXea90sdkzwv2qqDuOKX');
INSERT INTO liked_track(user_id, track_id) VALUES(89, '6MEgCPsZ85jsMRswd0yPi9');
INSERT INTO liked_track(user_id, track_id) VALUES(7, '6j2bB0QY86xeeESfdA8Tn3');
INSERT INTO liked_track(user_id, track_id) VALUES(80, '3MZGszylNMcgLz4ZfM6dHd');
INSERT INTO liked_track(user_id, track_id) VALUES(10, '21J5UuwP43cOhx4S5DMPRp');
INSERT INTO liked_track(user_id, track_id) VALUES(89, '6L2krdgbmcdsFX9unFWv5d');
INSERT INTO liked_track(user_id, track_id) VALUES(93, '2U4eZBbH8n1PzVMONGqeqr');
INSERT INTO liked_track(user_id, track_id) VALUES(89, '1X1BT1SyKnzrvsjao6R5wN');
INSERT INTO liked_track(user_id, track_id) VALUES(35, '7ANz7bzchgtFGyqbjAqyse');
INSERT INTO liked_track(user_id, track_id) VALUES(14, '1gZADNt16Oh23jWyMYRk4p');
INSERT INTO liked_track(user_id, track_id) VALUES(30, '02sy7FAs8dkDNYsHp4Ul3f');
INSERT INTO liked_track(user_id, track_id) VALUES(57, '5702raF31K9rvD6KZ6sCTo');
INSERT INTO liked_track(user_id, track_id) VALUES(16, '0fmtziRRsJocN4Sv5I0vkr');
INSERT INTO liked_track(user_id, track_id) VALUES(67, '5c5FujzDDLo3XYss4OO3hi');
INSERT INTO liked_track(user_id, track_id) VALUES(27, '40iJIUlhi6renaREYGeIDS');
INSERT INTO liked_track(user_id, track_id) VALUES(52, '5R08wmXUd31d6InEtWZEKi');
INSERT INTO liked_track(user_id, track_id) VALUES(21, '4ppTAJUbNXELZcoUaL90wo');
INSERT INTO liked_track(user_id, track_id) VALUES(51, '3TVnaEVbUBFmWYk9IOIwRo');
INSERT INTO liked_track(user_id, track_id) VALUES(97, '5ThJAPtuOCTV8owZUop495');
INSERT INTO liked_track(user_id, track_id) VALUES(60, '3SnXwQUrvSacFziUYXTNKY');
INSERT INTO liked_track(user_id, track_id) VALUES(45, '7ycJMzTmqClQdZsWdWxC3v');
INSERT INTO liked_track(user_id, track_id) VALUES(11, '5homruRi0m4GuyJBod3kcn');
INSERT INTO liked_track(user_id, track_id) VALUES(41, '2SEJ2NT4dzggwtmsmVUUYb');
INSERT INTO liked_track(user_id, track_id) VALUES(15, '6xIsHPRHdbzU6UMVFn4wh8');
INSERT INTO liked_track(user_id, track_id) VALUES(27, '3F5CgOj3wFlRv51JsHbxhe');
INSERT INTO liked_track(user_id, track_id) VALUES(62, '6J7PIkhtHwmFjPLq0SyuPj');
INSERT INTO liked_track(user_id, track_id) VALUES(99, '5jWlPvvUAhN27DVvtM3n3f');
INSERT INTO liked_track(user_id, track_id) VALUES(20, '2WC4sK0ryyysQhtDok9Ytr');
INSERT INTO liked_track(user_id, track_id) VALUES(97, '19ClKDKtc1a4tjtoluSpRO');
INSERT INTO liked_track(user_id, track_id) VALUES(45, '1vZlLxDDSn6JE0aSC1KHnx');
INSERT INTO liked_track(user_id, track_id) VALUES(56, '59PATAuhwksxKQUsUHCp3X');
INSERT INTO liked_track(user_id, track_id) VALUES(85, '4n1bdaKwynQndm47x5HqWX');
INSERT INTO liked_track(user_id, track_id) VALUES(21, '1p92v8Plu8rO08f97Lu7Vo');
INSERT INTO liked_track(user_id, track_id) VALUES(69, '4VAsrWzd1MZbRdKzf35K4U');
INSERT INTO liked_track(user_id, track_id) VALUES(43, '7sBwAWyXfiIgrYQ8BaJESH');
INSERT INTO liked_track(user_id, track_id) VALUES(19, '6zZWoHlF2zNSLUNLvx4GUl');
INSERT INTO liked_track(user_id, track_id) VALUES(8, '02YlAvsmptN8LisZqrWBIb');
INSERT INTO liked_track(user_id, track_id) VALUES(71, '0yi180gAOIJhcRo7wY4Htl');
INSERT INTO liked_track(user_id, track_id) VALUES(27, '7rC5Pl8rQSX4myONQHYPBK');
INSERT INTO liked_track(user_id, track_id) VALUES(46, '1BEMASUZQDqN5UGxMb1m6A');
INSERT INTO liked_track(user_id, track_id) VALUES(39, '2tUL6dZf1mywCj5WvCPZw6');
INSERT INTO liked_track(user_id, track_id) VALUES(84, '1rKQjUhF9zFJmuUotr3VkV');
INSERT INTO liked_track(user_id, track_id) VALUES(2, '734WuFbTDxTPMU1lBP6e0M');
INSERT INTO liked_track(user_id, track_id) VALUES(13, '3VZYMT2OSYxCKPjXCRNgUb');
INSERT INTO liked_track(user_id, track_id) VALUES(12, '6tB01QHgH9YuVA8TomAzni');
INSERT INTO liked_track(user_id, track_id) VALUES(70, '0FPVmgKKm0vsCD2Zd7eMqp');
INSERT INTO liked_track(user_id, track_id) VALUES(63, '5LAKjqbB5uurPpxFEicd9S');
INSERT INTO liked_track(user_id, track_id) VALUES(45, '5Cp75TUMrHF6c8xbhdligS');
INSERT INTO liked_track(user_id, track_id) VALUES(83, '3kOtREqmcGaEA2KhqffFnw');
INSERT INTO liked_track(user_id, track_id) VALUES(74, '2rOJPyasbcVXcsLheZEVt0');
INSERT INTO liked_track(user_id, track_id) VALUES(79, '67yDGKXKIkyBhwbey8AmEU');
INSERT INTO liked_track(user_id, track_id) VALUES(95, '6tohHT5sQRMjdWHMNn190u');
INSERT INTO liked_track(user_id, track_id) VALUES(89, '759ndr57jb0URg4j9YSWml');
INSERT INTO liked_track(user_id, track_id) VALUES(69, '7J2orRXjH1Y2vkCA7zEIhW');
INSERT INTO liked_track(user_id, track_id) VALUES(21, '7LgNjQL79QIxTpYOJ4c0R2');
INSERT INTO liked_track(user_id, track_id) VALUES(30, '4jzrYUhlzXROpV5M944Yvu');
INSERT INTO liked_track(user_id, track_id) VALUES(24, '2XlHu0HcujBCkWMdIAvrqt');
INSERT INTO liked_track(user_id, track_id) VALUES(15, '1OscRS80PF5n0hDkI9S1F2');
INSERT INTO liked_track(user_id, track_id) VALUES(43, '44uutxt81rrT9V9vsK32FN');
INSERT INTO liked_track(user_id, track_id) VALUES(19, '48M09QX0lRHWaRALakeFhK');
INSERT INTO liked_track(user_id, track_id) VALUES(70, '2rtvBPl6YXick3vbPBnDF4');
INSERT INTO liked_track(user_id, track_id) VALUES(22, '23iLEDPEJpcfYOw1tVhd2o');
INSERT INTO liked_track(user_id, track_id) VALUES(43, '2mrZYZGmPFV3QOyYPZ1zsn');
INSERT INTO liked_track(user_id, track_id) VALUES(8, '2X32KinciUCloLWMGpTCFU');
INSERT INTO liked_track(user_id, track_id) VALUES(80, '7EdJ8z6IBotTjO50DfzzuV');
INSERT INTO liked_track(user_id, track_id) VALUES(72, '7DJiHj3AaaG0Rw35sibG96');
INSERT INTO liked_track(user_id, track_id) VALUES(24, '4dQKl7ixo4Aw395DDW1Rmy');
INSERT INTO liked_track(user_id, track_id) VALUES(18, '6DO4hUFQKjYzyQ8sD2ovfu');
INSERT INTO liked_track(user_id, track_id) VALUES(67, '2jxAjrgyJbabAQoyrd98iP');
INSERT INTO liked_track(user_id, track_id) VALUES(90, '23iLEDPEJpcfYOw1tVhd2o');
INSERT INTO liked_track(user_id, track_id) VALUES(11, '5pJgTFVTia5c8B65Cfw85d');
INSERT INTO liked_track(user_id, track_id) VALUES(30, '37Nqx7iavZpotJSDXZWbJ3');
INSERT INTO liked_track(user_id, track_id) VALUES(77, '2yD6jt9CQQApZc9MAVHeJn');
INSERT INTO liked_track(user_id, track_id) VALUES(83, '2Z7DOCFmui7BBB8vbLlgR1');
INSERT INTO liked_track(user_id, track_id) VALUES(17, '2VdSktBqFfkW7y6q5Ik4Z4');
INSERT INTO liked_track(user_id, track_id) VALUES(15, '0WdJTI3UVvUMbLwPk5ObKI');
INSERT INTO liked_track(user_id, track_id) VALUES(77, '4bHdoeTBtVCSgu87hTP17c');
INSERT INTO liked_track(user_id, track_id) VALUES(57, '3s4nSw9yp1wdyHCmRFYvtI');
INSERT INTO liked_track(user_id, track_id) VALUES(74, '7n3BFJwucmfA5pPMtEoNKb');
INSERT INTO liked_track(user_id, track_id) VALUES(81, '0GR7iJLhj80KD5LkA14ZRn');
INSERT INTO liked_track(user_id, track_id) VALUES(80, '5pJgTFVTia5c8B65Cfw85d');
INSERT INTO liked_track(user_id, track_id) VALUES(84, '7MXVkk9YMctZqd1Srtv4MB');
INSERT INTO liked_track(user_id, track_id) VALUES(40, '4RI9eX7jNcdaQOJifn7t6z');
INSERT INTO liked_track(user_id, track_id) VALUES(90, '38eKmp6QjELXKgLh0pePfG');
INSERT INTO liked_track(user_id, track_id) VALUES(23, '2tUL6dZf1mywCj5WvCPZw6');
INSERT INTO liked_track(user_id, track_id) VALUES(50, '5r6dnnBEstYJ08H1Hl9TBL');
INSERT INTO liked_track(user_id, track_id) VALUES(71, '1wUnuiXMMvhudmzvcCtlZP');
INSERT INTO liked_track(user_id, track_id) VALUES(90, '0r9tyybf8eV2cvSpBnQH0e');
INSERT INTO liked_track(user_id, track_id) VALUES(61, '1iNvVaWmlKJns2LNTXN39Q');
INSERT INTO liked_track(user_id, track_id) VALUES(32, '5InOp6q2vvx0fShv3bzFLZ');
INSERT INTO liked_track(user_id, track_id) VALUES(16, '6jdOi5U5LBzQrc4c1VT983');
INSERT INTO liked_track(user_id, track_id) VALUES(50, '4vz3UReBbxyPuVqgIjTCeA');
INSERT INTO liked_track(user_id, track_id) VALUES(33, '0sTBOp1hdayTjw6UOyPyi6');
INSERT INTO liked_track(user_id, track_id) VALUES(41, '7tHM0tYPQkgqFX3lGMz8qb');
INSERT INTO liked_track(user_id, track_id) VALUES(48, '3uO7ElBnVSrqUteXcWqBXF');
INSERT INTO liked_track(user_id, track_id) VALUES(92, '1qibkzndwqYaj6dwGx92p1');
INSERT INTO liked_track(user_id, track_id) VALUES(51, '36K5mnqwfxGS0rvxz7FPyq');
INSERT INTO liked_track(user_id, track_id) VALUES(58, '1CPZ5BxNNd0n0nF4Orb9JS');
INSERT INTO liked_track(user_id, track_id) VALUES(4, '4VMRsbfZzd3SfQtaJ1Wpwi');
INSERT INTO liked_track(user_id, track_id) VALUES(87, '4kJn7armCJDav48yCu3yKh');
INSERT INTO liked_track(user_id, track_id) VALUES(55, '2022B8GxEstpvibwgbJ15s');
INSERT INTO liked_track(user_id, track_id) VALUES(56, '3MZGszylNMcgLz4ZfM6dHd');
INSERT INTO liked_track(user_id, track_id) VALUES(57, '2FauI2onZLXgsr9dz6HWKn');
INSERT INTO liked_track(user_id, track_id) VALUES(63, '4UEcgapaOf3Y1azxXPDjz1');
INSERT INTO liked_track(user_id, track_id) VALUES(8, '7dLtUiDlZBpd9C18BOqfJT');
INSERT INTO liked_track(user_id, track_id) VALUES(15, '7aLwuGyYNWKnxOSWXQK88V');
INSERT INTO liked_track(user_id, track_id) VALUES(89, '3C0qDXxwGqc8EyqX0iVndT');
INSERT INTO liked_track(user_id, track_id) VALUES(64, '46kFAYvmV6lVbT5xN5qlCH');
INSERT INTO liked_track(user_id, track_id) VALUES(18, '5ZWKe9ULA7mGtwmhyNCDeu');
INSERT INTO liked_track(user_id, track_id) VALUES(40, '4ZYGm4xWPhsZVijqtpWn4C');
INSERT INTO liked_track(user_id, track_id) VALUES(65, '1GpWY5RiInhezB8wGWs6oN');
INSERT INTO liked_track(user_id, track_id) VALUES(69, '1t2qYCAjUAoGfeFeoBlK51');
INSERT INTO liked_track(user_id, track_id) VALUES(11, '7D5ElMtI2mcfvAKo5lstZ4');
INSERT INTO liked_track(user_id, track_id) VALUES(27, '78Af1SkRTxLg3fgb3Js3nV');
INSERT INTO liked_track(user_id, track_id) VALUES(4, '0Mrnt1YqVuW2bqmwu4VxDt');
INSERT INTO liked_track(user_id, track_id) VALUES(38, '6jDGDtQPC46pFqxph3qdbD');
INSERT INTO liked_track(user_id, track_id) VALUES(81, '3DCc4HPrVukBeaDGe3Cosk');
INSERT INTO liked_track(user_id, track_id) VALUES(41, '4Z3DK6g92f9DGfVHKoEF9a');
INSERT INTO liked_track(user_id, track_id) VALUES(85, '1Ffw1qFqCw2IaozOJ5mL2O');
INSERT INTO liked_track(user_id, track_id) VALUES(3, '1yeB8MUNeLo9Ek1UEpsyz6');
INSERT INTO liked_track(user_id, track_id) VALUES(20, '1bAvtmTl0F9loyz9AwPwp7');
INSERT INTO liked_track(user_id, track_id) VALUES(11, '3sDIlJZzYNHtnSuuOxvTal');
INSERT INTO liked_track(user_id, track_id) VALUES(87, '7sBwAWyXfiIgrYQ8BaJESH');
INSERT INTO liked_track(user_id, track_id) VALUES(4, '5syO3TqduLpA8GcQqPfLAE');
INSERT INTO liked_track(user_id, track_id) VALUES(84, '44uutxt81rrT9V9vsK32FN');
INSERT INTO liked_track(user_id, track_id) VALUES(81, '2j1lH8K6luee5lvCPNKQ1u');
INSERT INTO liked_track(user_id, track_id) VALUES(75, '6BCDS43QqQkK6TWg9F2YhO');
INSERT INTO liked_track(user_id, track_id) VALUES(94, '0mL82sxCRjrs3br407IdJh');
INSERT INTO liked_track(user_id, track_id) VALUES(52, '0wQAFwLtz1WSfFALy5iOyN');
INSERT INTO liked_track(user_id, track_id) VALUES(61, '12d5QFwzh60IIHlsSnAvps');
INSERT INTO liked_track(user_id, track_id) VALUES(37, '1Jz0fAhw41suiAVekjAoLi');
INSERT INTO liked_track(user_id, track_id) VALUES(60, '5GK7eDDTVz7CTge1wJrDQW');
INSERT INTO liked_track(user_id, track_id) VALUES(6, '5702raF31K9rvD6KZ6sCTo');
INSERT INTO liked_track(user_id, track_id) VALUES(11, '2Mdwtq37upAaTrghSA1RnF');
INSERT INTO liked_track(user_id, track_id) VALUES(56, '19D8LNpWwIPpi6hs9BG7dq');
INSERT INTO liked_track(user_id, track_id) VALUES(73, '1cKHdTo9u0ZymJdPGSh6nq');
INSERT INTO liked_track(user_id, track_id) VALUES(39, '0yi180gAOIJhcRo7wY4Htl');
INSERT INTO liked_track(user_id, track_id) VALUES(38, '2cGf0hmhkACTwRj58XNGlP');
INSERT INTO liked_track(user_id, track_id) VALUES(83, '5mEE5p155rwEwxk83wcRIZ');
INSERT INTO liked_track(user_id, track_id) VALUES(67, '0YDUEgoZd0ES5ru0UOCWQW');
INSERT INTO liked_track(user_id, track_id) VALUES(99, '1xWhryugRBpNXx4o947UVh');
INSERT INTO liked_track(user_id, track_id) VALUES(95, '6jfCSH3je1KU6IYlBc2vVH');
INSERT INTO liked_track(user_id, track_id) VALUES(46, '7hxvMTEUOXEKDZ3nnUqbdJ');
INSERT INTO liked_track(user_id, track_id) VALUES(79, '7MXVkk9YMctZqd1Srtv4MB');
INSERT INTO liked_track(user_id, track_id) VALUES(52, '3IDZYcnTpLKKaB0KoW3BoE');
INSERT INTO liked_track(user_id, track_id) VALUES(88, '4Vdlt72CFQprR2kf2jeSaL');
INSERT INTO liked_track(user_id, track_id) VALUES(100, '49PBvg9QELHDx3bMHRTA2s');
INSERT INTO liked_track(user_id, track_id) VALUES(69, '58Q3FZFs1YXPpliWQB5kXB');
INSERT INTO liked_track(user_id, track_id) VALUES(13, '0kN8xEmgMW9mh7UmDYHlJP');
INSERT INTO liked_track(user_id, track_id) VALUES(40, '3oCrC1928WBf3P3kgDQNx9');
INSERT INTO liked_track(user_id, track_id) VALUES(55, '5ECz2phQLQWNGbKUlN8AAS');
INSERT INTO liked_track(user_id, track_id) VALUES(27, '5LByxLn1X1Q9vr0xa4ZLYf');
INSERT INTO liked_track(user_id, track_id) VALUES(33, '1PDP7mLiAMwhfmgIwzhOm2');
INSERT INTO liked_track(user_id, track_id) VALUES(94, '3BtuIIrQlkujKPuWF2B85z');
INSERT INTO liked_track(user_id, track_id) VALUES(21, '3899iOqKw5rguY18v7LXXY');
INSERT INTO liked_track(user_id, track_id) VALUES(43, '6Ho58vQUjGnBU9m8Z6uNcv');
INSERT INTO liked_track(user_id, track_id) VALUES(5, '3RXUgPNIbUgFxsDWuBQEt6');
INSERT INTO liked_track(user_id, track_id) VALUES(33, '2qLcJOLrh6Djda4uLbldSA');
INSERT INTO liked_track(user_id, track_id) VALUES(79, '5LUI2ZPwvJezp4bQ9DtIGK');
INSERT INTO liked_track(user_id, track_id) VALUES(50, '5LAKjqbB5uurPpxFEicd9S');
INSERT INTO liked_track(user_id, track_id) VALUES(90, '5M1n6xeBtHTgg50ztjGgRw');
INSERT INTO liked_track(user_id, track_id) VALUES(56, '172dNs9GzyTXN6Sgs3Mr1O');
INSERT INTO liked_track(user_id, track_id) VALUES(94, '15k2nBQJ0teDmPZHrOXL2N');
INSERT INTO liked_track(user_id, track_id) VALUES(42, '6NEoeBLQbOMw92qMeLfI40');
INSERT INTO liked_track(user_id, track_id) VALUES(16, '01vqYIICqqLqqVyOFoDa0o');
INSERT INTO liked_track(user_id, track_id) VALUES(89, '7DJiHj3AaaG0Rw35sibG96');
INSERT INTO liked_track(user_id, track_id) VALUES(36, '02YlAvsmptN8LisZqrWBIb');
INSERT INTO liked_track(user_id, track_id) VALUES(65, '7skxtd9x0d05fjz4D7w3t2');
INSERT INTO liked_track(user_id, track_id) VALUES(21, '36YCdzT57us0LhDmCYtrNE');
INSERT INTO liked_track(user_id, track_id) VALUES(61, '1cSh61cAJBP25IsXo59V2S');
INSERT INTO liked_track(user_id, track_id) VALUES(51, '4v7SAP4KD96BFLWiCd1vF0');
INSERT INTO liked_track(user_id, track_id) VALUES(38, '21J5UuwP43cOhx4S5DMPRp');
INSERT INTO liked_track(user_id, track_id) VALUES(15, '0JGoOLSl8A80mSPBL7ya9U');
INSERT INTO liked_track(user_id, track_id) VALUES(40, '0DvtQkuaV0VrSHgb5pwRke');
INSERT INTO liked_track(user_id, track_id) VALUES(28, '0r9tyybf8eV2cvSpBnQH0e');
INSERT INTO liked_track(user_id, track_id) VALUES(2, '0DvtQkuaV0VrSHgb5pwRke');
INSERT INTO liked_track(user_id, track_id) VALUES(17, '0Nwar8rweBUyfyuoyjjUvk');
INSERT INTO liked_track(user_id, track_id) VALUES(57, '71VKjJjn76sn5Tt8X8Ay8c');
INSERT INTO liked_track(user_id, track_id) VALUES(15, '04xEHIAK4MsI7ZSN1hSDQN');
INSERT INTO liked_track(user_id, track_id) VALUES(83, '2kvzSGkSaU9z3uywQIrhAg');
INSERT INTO liked_track(user_id, track_id) VALUES(51, '0ifooM33X1iBxVYyOkSbXW');
INSERT INTO liked_track(user_id, track_id) VALUES(56, '0B5OTb36fzLayn6XQHg5A1');
INSERT INTO liked_track(user_id, track_id) VALUES(1, '0OPx1iz5ElDOcryHdwWfce');
INSERT INTO liked_track(user_id, track_id) VALUES(92, '07fqC2Puj13frv9iYtlcri');
INSERT INTO liked_track(user_id, track_id) VALUES(86, '54uNtM77iZ5gawWBQGnEar');
INSERT INTO liked_track(user_id, track_id) VALUES(98, '2hcohLIysMxofYziluXCoX');
INSERT INTO liked_track(user_id, track_id) VALUES(8, '13NAmCCRYxRcr2NEtiWGa8');
INSERT INTO liked_track(user_id, track_id) VALUES(85, '44mXea90sdkzwv2qqDuOKX');
INSERT INTO liked_track(user_id, track_id) VALUES(84, '03mq0kiUpHJtq7px3ZSTYK');
INSERT INTO liked_track(user_id, track_id) VALUES(49, '2Kf6WQmc6TU4bYIu3Szsz2');
INSERT INTO liked_track(user_id, track_id) VALUES(14, '2fkeWbM6iqTw7oGHTYm2lw');
INSERT INTO liked_track(user_id, track_id) VALUES(78, '3AWDeHLc88XogCaCnZQLVI');
INSERT INTO liked_track(user_id, track_id) VALUES(89, '2evYKtXNAdn60ANNEdjH7V');
INSERT INTO liked_track(user_id, track_id) VALUES(65, '1tcWDBYQbJZVixZzsBWB0P');
INSERT INTO liked_track(user_id, track_id) VALUES(24, '6NwhtCYkfwWlcR62Ac4E7y');
INSERT INTO liked_track(user_id, track_id) VALUES(73, '3Xz0rSC29WbaobyJQfeYsp');
INSERT INTO liked_track(user_id, track_id) VALUES(8, '7MwYXhh2dTqc7fiwkwPZo1');
INSERT INTO liked_track(user_id, track_id) VALUES(14, '2cGf0hmhkACTwRj58XNGlP');
INSERT INTO liked_track(user_id, track_id) VALUES(36, '5KNNUrjAuBzPhNZ5JHjSJI');
INSERT INTO liked_track(user_id, track_id) VALUES(87, '4DAA64qpKvOZHlGC4VGCF2');
INSERT INTO liked_track(user_id, track_id) VALUES(25, '5ZDKPFRZC6QlJpf8bCIXTs');
INSERT INTO liked_track(user_id, track_id) VALUES(15, '4K3BhUMfBHZuUfeC3kbhrQ');
INSERT INTO liked_track(user_id, track_id) VALUES(88, '41J8SYwb9YHzPjpbXouIkS');
INSERT INTO liked_track(user_id, track_id) VALUES(80, '0FPVmgKKm0vsCD2Zd7eMqp');
INSERT INTO liked_track(user_id, track_id) VALUES(75, '4n1bdaKwynQndm47x5HqWX');
INSERT INTO liked_track(user_id, track_id) VALUES(71, '4dQKl7ixo4Aw395DDW1Rmy');
INSERT INTO liked_track(user_id, track_id) VALUES(34, '6a4GH1gljLL7VvmO9u5O92');
INSERT INTO liked_track(user_id, track_id) VALUES(44, '7sBwAWyXfiIgrYQ8BaJESH');
INSERT INTO liked_track(user_id, track_id) VALUES(48, '5eJvtHFpdYgzHbcidqijCy');
INSERT INTO liked_track(user_id, track_id) VALUES(4, '3r9jWD2MMaRN3ptJGt4nec');
INSERT INTO liked_track(user_id, track_id) VALUES(30, '03mq0kiUpHJtq7px3ZSTYK');
INSERT INTO liked_track(user_id, track_id) VALUES(97, '7fBv7CLKzipRk6EC6TWHOB');
INSERT INTO liked_track(user_id, track_id) VALUES(91, '1dKXBUKx7oCB2UXlkihNn8');
INSERT INTO liked_track(user_id, track_id) VALUES(85, '4iYX8fLOdOWd5lGGr7U4gc');
INSERT INTO liked_track(user_id, track_id) VALUES(10, '4ZT0wGKwlJRjpMUuwZVy3p');
INSERT INTO liked_track(user_id, track_id) VALUES(66, '2TWSilrWcTrgVKcP8kfEfg');
INSERT INTO liked_track(user_id, track_id) VALUES(97, '59ZmQR4pwCaa5iM3veM7Cs');
INSERT INTO liked_track(user_id, track_id) VALUES(67, '7EdJ8z6IBotTjO50DfzzuV');
INSERT INTO liked_track(user_id, track_id) VALUES(39, '78aURwMzynDMan7DfSWwsI');
INSERT INTO liked_track(user_id, track_id) VALUES(49, '34D6FJysnQioVingDKufuf');
INSERT INTO liked_track(user_id, track_id) VALUES(27, '6N8W7Dbcsg9tRDxn0wjFkR');
INSERT INTO liked_track(user_id, track_id) VALUES(46, '0yUjUg9LUFWyxmQtcUndw4');
INSERT INTO liked_track(user_id, track_id) VALUES(58, '3JZjcKImHcmOI9ylL4zrSc');
INSERT INTO liked_track(user_id, track_id) VALUES(63, '6UjfByV1lDLW0SOVQA4NAi');
INSERT INTO liked_track(user_id, track_id) VALUES(63, '2SEJ2NT4dzggwtmsmVUUYb');
INSERT INTO liked_track(user_id, track_id) VALUES(39, '71VKjJjn76sn5Tt8X8Ay8c');
INSERT INTO liked_track(user_id, track_id) VALUES(47, '3vAdBZvbr3bFBiSLT4iVap');
INSERT INTO liked_track(user_id, track_id) VALUES(37, '3AgMOlgdrG9RJXDWifcjVd');
INSERT INTO liked_track(user_id, track_id) VALUES(10, '2v0AG62ZHtD3I4YmTb3WYM');
INSERT INTO liked_track(user_id, track_id) VALUES(87, '31kNjKUQC8pMaEyY4BSdba');
INSERT INTO liked_track(user_id, track_id) VALUES(93, '0xl1w2q4VLojeXp4JfazPL');
INSERT INTO liked_track(user_id, track_id) VALUES(58, '7470s7SMyvDU6wHH6bG1yN');
INSERT INTO liked_track(user_id, track_id) VALUES(84, '4SAdGgCEZ5S8wtcDcGxjDN');
INSERT INTO liked_track(user_id, track_id) VALUES(62, '06Ai7l5EODiJQ6dMFfh2Vj');
INSERT INTO liked_track(user_id, track_id) VALUES(35, '4cm7Ap6IWH6m8JyB9IXT3x');
INSERT INTO liked_track(user_id, track_id) VALUES(57, '3RXUgPNIbUgFxsDWuBQEt6');
INSERT INTO liked_track(user_id, track_id) VALUES(49, '204p2kPUerKlRtDOBDJhrG');
INSERT INTO liked_track(user_id, track_id) VALUES(66, '40MXr7BMh3ShPf2b9giSRt');
INSERT INTO liked_track(user_id, track_id) VALUES(32, '2OWXH98HPXFR7uelLTVF8y');
INSERT INTO liked_track(user_id, track_id) VALUES(41, '6tCd8bPvYnceDG7W9M1RMk');
INSERT INTO liked_track(user_id, track_id) VALUES(93, '0GjbixPkXeAT7WnkjeK0OW');
INSERT INTO liked_track(user_id, track_id) VALUES(20, '2E4D4IuFauEfAjpAamK8HU');
INSERT INTO liked_track(user_id, track_id) VALUES(62, '3VN74YiIjtY5ouKahBjmRX');
INSERT INTO liked_track(user_id, track_id) VALUES(95, '59LCK6UpQY1qhGPEp66AZp');
INSERT INTO liked_track(user_id, track_id) VALUES(17, '2gyHr9WqZeMtzJOpWGuGo6');
INSERT INTO liked_track(user_id, track_id) VALUES(24, '0q7LGcVSpsIoSbjChtZ8lI');
INSERT INTO liked_track(user_id, track_id) VALUES(81, '7jKNxYzPFGDWEemcRVebLb');
INSERT INTO liked_track(user_id, track_id) VALUES(43, '4bhdXu37gtEm2q68PBIHtY');
INSERT INTO liked_track(user_id, track_id) VALUES(68, '59LCK6UpQY1qhGPEp66AZp');
INSERT INTO liked_track(user_id, track_id) VALUES(18, '6V9TlCdwLeQes4FX5zxz3f');
INSERT INTO liked_track(user_id, track_id) VALUES(92, '0q7LGcVSpsIoSbjChtZ8lI');
INSERT INTO liked_track(user_id, track_id) VALUES(72, '2Ch7LmS7r2Gy2kc64wv3Bz');
INSERT INTO liked_track(user_id, track_id) VALUES(29, '4bHdoeTBtVCSgu87hTP17c');
INSERT INTO liked_track(user_id, track_id) VALUES(64, '7h2fuB9cDFhdq9q3DsjiwY');
INSERT INTO liked_track(user_id, track_id) VALUES(91, '6M3PsepEj5gyJoIi7Xvr7u');
INSERT INTO liked_track(user_id, track_id) VALUES(35, '4k2iYdpCZYH3eQX2bVKOku');
INSERT INTO liked_track(user_id, track_id) VALUES(22, '28QyjEeOgirjfCjKSntPF4');
INSERT INTO liked_track(user_id, track_id) VALUES(23, '09mEdoA6zrmBPgTEN5qXmN');
INSERT INTO liked_track(user_id, track_id) VALUES(94, '2Na0z2gfN67Rzf0vp74Wi3');
INSERT INTO liked_track(user_id, track_id) VALUES(48, '3kdEGx81MR9ftxRbF3Zf84');
INSERT INTO liked_track(user_id, track_id) VALUES(51, '3BtuIIrQlkujKPuWF2B85z');
INSERT INTO liked_track(user_id, track_id) VALUES(77, '40MXr7BMh3ShPf2b9giSRt');
INSERT INTO liked_track(user_id, track_id) VALUES(96, '15ztraEuvqoyZIbu5lgevU');
INSERT INTO liked_track(user_id, track_id) VALUES(14, '5WlVx0a6VedSJ60JFYpRBp');
INSERT INTO liked_track(user_id, track_id) VALUES(4, '7kJyHFVVZMv1wQYRU9de9d');
INSERT INTO liked_track(user_id, track_id) VALUES(81, '6lBwIazZrd0hGXq6HFN8YF');
INSERT INTO liked_track(user_id, track_id) VALUES(85, '42m3eP1JJhtzffal9B136J');
INSERT INTO liked_track(user_id, track_id) VALUES(79, '5d6lYplVOV4xJ37EVCpHqB');
INSERT INTO liked_track(user_id, track_id) VALUES(13, '7fscJhHWqkZOHEaZf2yHek');
INSERT INTO liked_track(user_id, track_id) VALUES(43, '5mEE5p155rwEwxk83wcRIZ');
INSERT INTO liked_track(user_id, track_id) VALUES(91, '0khQeEwEv6GndVypzpGOG5');
INSERT INTO liked_track(user_id, track_id) VALUES(21, '2yD6jt9CQQApZc9MAVHeJn');
INSERT INTO liked_track(user_id, track_id) VALUES(33, '2kZrNgPMKiFH64LXWeWciR');
INSERT INTO liked_track(user_id, track_id) VALUES(55, '431r2Qg4I2qFIKdSFCJN4s');
INSERT INTO liked_track(user_id, track_id) VALUES(65, '11pEKMLmavDu8fxOB5QjbQ');
INSERT INTO liked_track(user_id, track_id) VALUES(35, '61S79KIVA4I9FXbnsylEHT');
INSERT INTO liked_track(user_id, track_id) VALUES(100, '5r6dnnBEstYJ08H1Hl9TBL');
INSERT INTO liked_track(user_id, track_id) VALUES(97, '0Hs5enNuaAXmJssAybWbOw');
INSERT INTO liked_track(user_id, track_id) VALUES(60, '4MM8LAr36FoyGg5Gvb5jHr');
INSERT INTO liked_track(user_id, track_id) VALUES(57, '5PjyQ1UDDAT4mIiTYI320C');
INSERT INTO liked_track(user_id, track_id) VALUES(41, '0MHStU0muAIEMbwdnebYu2');
INSERT INTO liked_track(user_id, track_id) VALUES(100, '0NxzThg96Dvwu5qIjYFvgu');
INSERT INTO liked_track(user_id, track_id) VALUES(52, '3DCc4HPrVukBeaDGe3Cosk');
INSERT INTO liked_track(user_id, track_id) VALUES(73, '0wwPcA6wtMf6HUMpIRdeP7');
INSERT INTO liked_track(user_id, track_id) VALUES(15, '1Gsw3AyAvDulZI9lHIRr3E');
INSERT INTO liked_track(user_id, track_id) VALUES(75, '7hRlTK3mgFTBEjX7DjqBsI');
INSERT INTO liked_track(user_id, track_id) VALUES(56, '1Ffw1qFqCw2IaozOJ5mL2O');
INSERT INTO liked_track(user_id, track_id) VALUES(20, '3vAdBZvbr3bFBiSLT4iVap');
INSERT INTO liked_track(user_id, track_id) VALUES(10, '2Ghp894n1laIf2w98VeAOJ');
INSERT INTO liked_track(user_id, track_id) VALUES(48, '58Q3FZFs1YXPpliWQB5kXB');
INSERT INTO liked_track(user_id, track_id) VALUES(44, '7zZb7Eh3OcB1JPEHvf0Lyw');
INSERT INTO liked_track(user_id, track_id) VALUES(44, '1HnhCD1u0c4dHSMazmWGyM');
INSERT INTO liked_track(user_id, track_id) VALUES(46, '716nouwS8Bg17xgo5Sj4Th');
INSERT INTO liked_track(user_id, track_id) VALUES(45, '1nLJnhpZYz3358KBYqjHJk');
INSERT INTO liked_track(user_id, track_id) VALUES(72, '4jzrYUhlzXROpV5M944Yvu');
INSERT INTO liked_track(user_id, track_id) VALUES(22, '7aqfrAY2p9BUSiupwk3svU');
INSERT INTO liked_track(user_id, track_id) VALUES(82, '204p2kPUerKlRtDOBDJhrG');
INSERT INTO liked_track(user_id, track_id) VALUES(61, '7ANz7bzchgtFGyqbjAqyse');
INSERT INTO liked_track(user_id, track_id) VALUES(29, '1PIgY9ybyFT9uWLM5POYGY');
INSERT INTO liked_track(user_id, track_id) VALUES(74, '5JaqApg5415jtjdyjY3wa9');
INSERT INTO liked_track(user_id, track_id) VALUES(15, '51jiSRzeecKDqQmqm7Qm9C');
INSERT INTO liked_track(user_id, track_id) VALUES(30, '7HK0ZDEsW0lGKKIVYvni2z');
INSERT INTO liked_track(user_id, track_id) VALUES(77, '0u24lLekIGJ0CifIrHdD8N');
INSERT INTO liked_track(user_id, track_id) VALUES(46, '3r5lHFACTti0w2REN5tcrn');
INSERT INTO liked_track(user_id, track_id) VALUES(99, '46CYSG1HW7aAEj2okqQDGz');
INSERT INTO liked_track(user_id, track_id) VALUES(96, '29fsVDL9T36N0tyD7ByLdI');
INSERT INTO liked_track(user_id, track_id) VALUES(68, '2yg9UN4eo5eMVJ7OB4RWj3');
INSERT INTO liked_track(user_id, track_id) VALUES(50, '6bqtKURdSWkInAJHDkuaL0');
INSERT INTO liked_track(user_id, track_id) VALUES(70, '3NxAG2ni1lLa8RKL6a0INc');
INSERT INTO liked_track(user_id, track_id) VALUES(57, '0q7LGcVSpsIoSbjChtZ8lI');
INSERT INTO liked_track(user_id, track_id) VALUES(45, '54KjiczcYLLYNVX49JtFKA');
INSERT INTO liked_track(user_id, track_id) VALUES(83, '28vy7I63Gtqw90rvgxw8sU');
INSERT INTO liked_track(user_id, track_id) VALUES(70, '4zLOwx1yRJXWkHKt1XzF1p');
INSERT INTO liked_track(user_id, track_id) VALUES(19, '6VMnrvyjB5TpALix4Bgoqk');
INSERT INTO liked_track(user_id, track_id) VALUES(44, '7sT7kZEYd1MrmzLLIRVZas');
INSERT INTO liked_track(user_id, track_id) VALUES(60, '0B0tYbVp7pDQAqKDhgMeaL');
INSERT INTO liked_track(user_id, track_id) VALUES(96, '2SLwbpExuoBDZBpjfefCtV');
INSERT INTO liked_track(user_id, track_id) VALUES(46, '5gSbJzx22IffLytwZLSQgs');
INSERT INTO liked_track(user_id, track_id) VALUES(9, '6P8Rrx5cnxee40GPieLvhc');
INSERT INTO liked_track(user_id, track_id) VALUES(19, '1nSzCAvAvzJj5oIt7m90G0');
INSERT INTO liked_track(user_id, track_id) VALUES(81, '13MF2TYuyfITClL1R2ei6e');
INSERT INTO liked_track(user_id, track_id) VALUES(24, '2SAqBLGA283SUiwJ3xOUVI');
INSERT INTO liked_track(user_id, track_id) VALUES(71, '4SAdGgCEZ5S8wtcDcGxjDN');
INSERT INTO liked_track(user_id, track_id) VALUES(32, '1PDP7mLiAMwhfmgIwzhOm2');
INSERT INTO liked_track(user_id, track_id) VALUES(53, '48M09QX0lRHWaRALakeFhK');
INSERT INTO liked_track(user_id, track_id) VALUES(1, '2QRvliBEcGIEgTrjVfxmXo');
INSERT INTO liked_track(user_id, track_id) VALUES(82, '364ciSfW74iruR0KZcycP4');
INSERT INTO liked_track(user_id, track_id) VALUES(59, '1cSh61cAJBP25IsXo59V2S');
INSERT INTO liked_track(user_id, track_id) VALUES(59, '2fmAQSxtxL8av0VA8MVFVl');
INSERT INTO liked_track(user_id, track_id) VALUES(74, '3KyKxJ4P3pVCgaZwaq2rUC');
INSERT INTO liked_track(user_id, track_id) VALUES(78, '1L0OmJV0LnPDWuHCIGmBV6');
INSERT INTO liked_track(user_id, track_id) VALUES(65, '2tUL6dZf1mywCj5WvCPZw6');
INSERT INTO liked_track(user_id, track_id) VALUES(52, '47SC5wI2ZEd2DwQuJNzCHL');
INSERT INTO liked_track(user_id, track_id) VALUES(25, '4RI9eX7jNcdaQOJifn7t6z');
INSERT INTO liked_track(user_id, track_id) VALUES(94, '3BE3IYsAhqkTiRIR7T7x7M');
INSERT INTO liked_track(user_id, track_id) VALUES(26, '1kNdtonJXHorsVpWerK8C2');
INSERT INTO liked_track(user_id, track_id) VALUES(51, '2uTG00P1DkhB97pdITkl2O');
INSERT INTO liked_track(user_id, track_id) VALUES(58, '6RQm1foz7qduRVaCQBZdzf');
INSERT INTO liked_track(user_id, track_id) VALUES(64, '2D4dV2KXDTszzJ3p3cFqhA');
INSERT INTO liked_track(user_id, track_id) VALUES(22, '7gyMqraZYOpfxiKesSMK04');
INSERT INTO liked_track(user_id, track_id) VALUES(11, '6gzR5GdZTevJT8OWW0NeGa');
INSERT INTO liked_album(user_id, album_id) VALUES(60, '014jYCQMhNKWtaXPCqXoHR');
INSERT INTO liked_album(user_id, album_id) VALUES(8, '1QpbqEgoFTEgqur3Odrcqc');
INSERT INTO liked_album(user_id, album_id) VALUES(79, '1YsrB8P1PfVxuY9HeD7lkN');
INSERT INTO liked_album(user_id, album_id) VALUES(37, '5O0zUvdnJr0RbWzLFneN2i');
INSERT INTO liked_album(user_id, album_id) VALUES(40, '3P2UkOkqWp8ucd1EOnVAH7');
INSERT INTO liked_album(user_id, album_id) VALUES(25, '2dXi7YAiDy1IVruIAu5tH8');
INSERT INTO liked_album(user_id, album_id) VALUES(16, '7l5z6PdgRUaww549kUVeGO');
INSERT INTO liked_album(user_id, album_id) VALUES(62, '2xnqikpcvH2vBYc89VnwwL');
INSERT INTO liked_album(user_id, album_id) VALUES(44, '1XEhQ2S7OHDa9Zm635Jyww');
INSERT INTO liked_album(user_id, album_id) VALUES(13, '4bXChblbwpUdYMI3hEu5IF');
INSERT INTO liked_album(user_id, album_id) VALUES(7, '4sfwHIxFU5kcDqSdMENQsy');
INSERT INTO liked_album(user_id, album_id) VALUES(55, '4Epq84TTM5hHH5jI78R271');
INSERT INTO liked_album(user_id, album_id) VALUES(55, '6wlo2cGnBTzluPkeMDiOy0');
INSERT INTO liked_album(user_id, album_id) VALUES(86, '2vA3dDRHJtEeThXAlf1L8z');
INSERT INTO liked_album(user_id, album_id) VALUES(54, '2tj99zihwANHtqmEC2QpCn');
INSERT INTO liked_album(user_id, album_id) VALUES(69, '7ikmjsvRzDRzxHN0KXSQdv');
INSERT INTO liked_album(user_id, album_id) VALUES(3, '1atx6ADNPFNf3PKvBiSa6l');
INSERT INTO liked_album(user_id, album_id) VALUES(23, '4Jzx0XAORPKQ3v7EaL8Ful');
INSERT INTO liked_album(user_id, album_id) VALUES(82, '3vyyDkvYWC36DwgZCYd3Wu');
INSERT INTO liked_album(user_id, album_id) VALUES(79, '4IUWHnLG3hwdi6a4pcFnoa');
INSERT INTO liked_album(user_id, album_id) VALUES(73, '2u0QU6DP2HL5t9cp04vzBT');
INSERT INTO liked_album(user_id, album_id) VALUES(56, '54DNHFsfCa7nlQFWXMg7y3');
INSERT INTO liked_album(user_id, album_id) VALUES(88, '0ifQBUhPyd0KvlBmhGVVL0');
INSERT INTO liked_album(user_id, album_id) VALUES(37, '10SppFk45za4CHPEiiuQaD');
INSERT INTO liked_album(user_id, album_id) VALUES(17, '5MS3MvWHJ3lOZPLiMxzOU6');
INSERT INTO liked_album(user_id, album_id) VALUES(57, '3OaW4df1SA62k0arNpn6bK');
INSERT INTO liked_album(user_id, album_id) VALUES(21, '1y2OfMwyaRDmtbQNl0DnQa');
INSERT INTO liked_album(user_id, album_id) VALUES(7, '2hBmWglh3PlaUzTrzP1meY');
INSERT INTO liked_album(user_id, album_id) VALUES(57, '0MwPArEeQJx5GMc5Sz7kRV');
INSERT INTO liked_album(user_id, album_id) VALUES(70, '1oniugll0x2gZ3l7o4z9iG');
INSERT INTO liked_album(user_id, album_id) VALUES(38, '3cjssumQEsRatYlYG5K86T');
INSERT INTO liked_album(user_id, album_id) VALUES(46, '0jXtQE6F6FYFLPx0S3Gp1D');
INSERT INTO liked_album(user_id, album_id) VALUES(22, '7mpWlMAMdCErqVquIUHsiN');
INSERT INTO liked_album(user_id, album_id) VALUES(58, '3X801hUAmbUAHmatvmMhfA');
INSERT INTO liked_album(user_id, album_id) VALUES(59, '6RP5wCF7u2WDFiuyQ0loNS');
INSERT INTO liked_album(user_id, album_id) VALUES(21, '6LuY3APmuxui8BM2oibkrZ');
INSERT INTO liked_album(user_id, album_id) VALUES(11, '3SpBlxme9WbeQdI9kx7KAV');
INSERT INTO liked_album(user_id, album_id) VALUES(78, '4OIA4iFFUPeDVODUJ98tmm');
INSERT INTO liked_album(user_id, album_id) VALUES(100, '5iOt5bH6SPHqKYCPNy6Pkc');
INSERT INTO liked_album(user_id, album_id) VALUES(70, '5EA4kogB3cZr2qykFlZDYV');
INSERT INTO liked_album(user_id, album_id) VALUES(32, '0cLXqY56lwJjG7QNG2mzu7');
INSERT INTO liked_album(user_id, album_id) VALUES(39, '5eLr5u0UcnXjtNZgbnsoYS');
INSERT INTO liked_album(user_id, album_id) VALUES(71, '3X801hUAmbUAHmatvmMhfA');
INSERT INTO liked_album(user_id, album_id) VALUES(63, '4PgleR09JVnm3zY1fW3XBA');
INSERT INTO liked_album(user_id, album_id) VALUES(89, '6OQ9gBfg5EXeNAEwGSs6jK');
INSERT INTO liked_album(user_id, album_id) VALUES(41, '7j7jQK2aD7e167FY7WpIvP');
INSERT INTO liked_album(user_id, album_id) VALUES(8, '1bV9UJSiCQOg5S786s2T9g');
INSERT INTO liked_album(user_id, album_id) VALUES(100, '6RP5wCF7u2WDFiuyQ0loNS');
INSERT INTO liked_album(user_id, album_id) VALUES(56, '014jYCQMhNKWtaXPCqXoHR');
INSERT INTO liked_album(user_id, album_id) VALUES(61, '3cf4iSSKd8ffTncbtKljXw');
INSERT INTO liked_album(user_id, album_id) VALUES(91, '5n7H2BKGE34RggAeZOFbin');
INSERT INTO liked_album(user_id, album_id) VALUES(96, '3BQuktwdgPu30k6QSUslCr');
INSERT INTO liked_album(user_id, album_id) VALUES(37, '54DNHFsfCa7nlQFWXMg7y3');
INSERT INTO liked_album(user_id, album_id) VALUES(56, '2q4uMcogIfSvbjZevQTIDL');
INSERT INTO liked_album(user_id, album_id) VALUES(77, '1LShhEEKRT5MNPcO7jtYHh');
INSERT INTO liked_album(user_id, album_id) VALUES(70, '7DoTPRCQRYuLO5rxA11G0m');
INSERT INTO liked_album(user_id, album_id) VALUES(22, '4y0RwaWQvfCzYgbUrWwNl8');
INSERT INTO liked_album(user_id, album_id) VALUES(27, '69eqA59bgh09wQ2MT1AlnL');
INSERT INTO liked_album(user_id, album_id) VALUES(15, '4gH7f7Wlmj4CP6K2VrSwIt');
INSERT INTO liked_album(user_id, album_id) VALUES(9, '0FOOodYRlj7gzh7q7IjmNZ');
INSERT INTO liked_album(user_id, album_id) VALUES(25, '0oEsQwXJhNbbb8VT0xOMok');
INSERT INTO liked_album(user_id, album_id) VALUES(66, '4iL0sqHuipLrqy4y8HRYsZ');
INSERT INTO liked_album(user_id, album_id) VALUES(63, '56eyAyu9JO0vSKijY3cKPh');
INSERT INTO liked_album(user_id, album_id) VALUES(81, '07OCQAUAQaZmKORKt2StFm');
INSERT INTO liked_album(user_id, album_id) VALUES(46, '4WnNx3UFK6RtaY3HezgC8E');
INSERT INTO liked_album(user_id, album_id) VALUES(15, '73O0qUbaKCFbJ2EfZID1uo');
INSERT INTO liked_album(user_id, album_id) VALUES(66, '5n7H2BKGE34RggAeZOFbin');
INSERT INTO liked_album(user_id, album_id) VALUES(37, '5MS3MvWHJ3lOZPLiMxzOU6');
INSERT INTO liked_album(user_id, album_id) VALUES(4, '5bKmRG1QsggSXoHxYUnPIY');
INSERT INTO liked_album(user_id, album_id) VALUES(2, '3frr94sbeGqX7kCBgxOa7L');
INSERT INTO liked_album(user_id, album_id) VALUES(72, '6ULNJ3uohkBFzsHLowkS12');
INSERT INTO liked_album(user_id, album_id) VALUES(44, '1ATL5GLyefJaxhQzSPVrLX');
INSERT INTO liked_album(user_id, album_id) VALUES(68, '5L6DR2YmRLRZ4CmR91l3Z4');
INSERT INTO liked_album(user_id, album_id) VALUES(9, '3SpBlxme9WbeQdI9kx7KAV');
INSERT INTO liked_album(user_id, album_id) VALUES(87, '4T8wBxIvoSRVfoFZzuwOXR');
INSERT INTO liked_album(user_id, album_id) VALUES(73, '6yetqbA9vli7RLoUWYZLsq');
INSERT INTO liked_album(user_id, album_id) VALUES(88, '7mpWlMAMdCErqVquIUHsiN');
INSERT INTO liked_album(user_id, album_id) VALUES(56, '2yupj6Bwjo1m6Jew5uscif');
INSERT INTO liked_album(user_id, album_id) VALUES(30, '15b9JCsZh7DkbA2EjBjPqc');
INSERT INTO liked_album(user_id, album_id) VALUES(4, '1bV9UJSiCQOg5S786s2T9g');
INSERT INTO liked_album(user_id, album_id) VALUES(29, '0e9GAAJT7lX5C6RTZsCCDR');
INSERT INTO liked_album(user_id, album_id) VALUES(77, '4XpRhJEAxvXbKvOElITs0Z');
INSERT INTO liked_album(user_id, album_id) VALUES(90, '7e6PkMzboUpQPcnDiDQMOk');
INSERT INTO liked_album(user_id, album_id) VALUES(46, '4yP0hdKOZPNshxUOjY0cZj');
INSERT INTO liked_album(user_id, album_id) VALUES(94, '6zWajG8oLkshBrkjIMPbjQ');
INSERT INTO liked_album(user_id, album_id) VALUES(37, '21NNancB4Bdre5c5VRnbHk');
INSERT INTO liked_album(user_id, album_id) VALUES(56, '3frr94sbeGqX7kCBgxOa7L');
INSERT INTO liked_album(user_id, album_id) VALUES(32, '35dut3ICqF3NEDkjxfzJJ1');
INSERT INTO liked_album(user_id, album_id) VALUES(70, '5O0zUvdnJr0RbWzLFneN2i');
INSERT INTO liked_album(user_id, album_id) VALUES(89, '6nHECY2OnWXVmd4QjGhJEm');
INSERT INTO liked_album(user_id, album_id) VALUES(88, '26KTR4BV6sZ7jh0BxO3zIj');
INSERT INTO liked_album(user_id, album_id) VALUES(47, '1oJztb2MfwieRwHZ1t4NrN');
INSERT INTO liked_album(user_id, album_id) VALUES(47, '5L6DR2YmRLRZ4CmR91l3Z4');
INSERT INTO liked_album(user_id, album_id) VALUES(76, '6agmeioaDOBupymziJihgB');
INSERT INTO liked_album(user_id, album_id) VALUES(22, '6XRGc3GNodkhSrPwHnx1KX');
INSERT INTO liked_album(user_id, album_id) VALUES(25, '1ATL5GLyefJaxhQzSPVrLX');
INSERT INTO liked_album(user_id, album_id) VALUES(77, '7bnqo1fdJU9nSfXQd3bSMe');
INSERT INTO liked_album(user_id, album_id) VALUES(80, '4A0vJtV9ok7vmr9ursSKj8');
INSERT INTO liked_album(user_id, album_id) VALUES(99, '2L5mYNO7vicA2geMVVY7QN');
INSERT INTO liked_album(user_id, album_id) VALUES(96, '379aiwnVtBtkphDqU2qFIg');
INSERT INTO liked_album(user_id, album_id) VALUES(25, '4yJNcgX3otzDbMMyrdJBN5');
INSERT INTO liked_album(user_id, album_id) VALUES(63, '5t3AooZ5peKSKltkjr12Qm');
INSERT INTO liked_album(user_id, album_id) VALUES(37, '1lXY618HWkwYKJWBRYR4MK');
INSERT INTO liked_album(user_id, album_id) VALUES(40, '2ODvWsOgouMbaA5xf0RkJe');
INSERT INTO liked_album(user_id, album_id) VALUES(26, '0ifQBUhPyd0KvlBmhGVVL0');
INSERT INTO liked_album(user_id, album_id) VALUES(84, '3BQuktwdgPu30k6QSUslCr');
INSERT INTO liked_album(user_id, album_id) VALUES(36, '5a4sJJ3qjn6hqRsvm0Veso');
INSERT INTO liked_album(user_id, album_id) VALUES(98, '0JQtZGkMyVK5SAAJlw4Qgt');
INSERT INTO liked_album(user_id, album_id) VALUES(75, '1V8uYmO4nGulH3YnSbBbWZ');
INSERT INTO liked_album(user_id, album_id) VALUES(88, '6FbwZcLd2Wqx0vDR2JfvQe');
INSERT INTO liked_album(user_id, album_id) VALUES(74, '4VZ7jhV0wHpoNPCB7Vmiml');
INSERT INTO liked_album(user_id, album_id) VALUES(47, '6y6lP1WRfqEhv8RLy4ufZB');
INSERT INTO liked_album(user_id, album_id) VALUES(95, '54DNHFsfCa7nlQFWXMg7y3');
INSERT INTO liked_album(user_id, album_id) VALUES(98, '181WKxuhHzTyjMcYdI7UUe');
INSERT INTO liked_album(user_id, album_id) VALUES(91, '3X801hUAmbUAHmatvmMhfA');
INSERT INTO liked_album(user_id, album_id) VALUES(99, '2zYcjcNUzcgMntymoukwZR');
INSERT INTO liked_album(user_id, album_id) VALUES(40, '0bNfrGST1xSPZ3V3g5jjHT');
INSERT INTO liked_album(user_id, album_id) VALUES(58, '1LShhEEKRT5MNPcO7jtYHh');
INSERT INTO liked_album(user_id, album_id) VALUES(44, '6VfBBrRc9CiWisIAoBeTqs');
INSERT INTO liked_album(user_id, album_id) VALUES(71, '6j5wyAhR4ijdLQfJrYDkNN');
INSERT INTO liked_album(user_id, album_id) VALUES(96, '2gNPnKP1PDkB5SZz3IMKuX');
INSERT INTO liked_album(user_id, album_id) VALUES(34, '2wEGWJx63eWqMBIudI3LsZ');
INSERT INTO liked_album(user_id, album_id) VALUES(92, '36cJnr7GCuGbuw0YQpjmTY');
INSERT INTO liked_album(user_id, album_id) VALUES(60, '6xA5SblTTyphoYnDQoYeVc');
INSERT INTO liked_album(user_id, album_id) VALUES(44, '29uwnLOApt6HvRw3Ll83vG');
INSERT INTO liked_album(user_id, album_id) VALUES(40, '7AVPWq0bdemQcflSSHMfBx');
INSERT INTO liked_album(user_id, album_id) VALUES(67, '2vf1K6KumbRZnRHa1JeKyD');
INSERT INTO liked_album(user_id, album_id) VALUES(8, '0EhZEM4RRz0yioTgucDhJq');
INSERT INTO liked_album(user_id, album_id) VALUES(98, '7GHiMUbLhh67dWSN1xGUcP');
INSERT INTO liked_album(user_id, album_id) VALUES(89, '4Nav3JE8TIOFiuY5x95MIh');
INSERT INTO liked_album(user_id, album_id) VALUES(14, '6zWajG8oLkshBrkjIMPbjQ');
INSERT INTO liked_album(user_id, album_id) VALUES(59, '0bNfrGST1xSPZ3V3g5jjHT');
INSERT INTO liked_album(user_id, album_id) VALUES(6, '6LuY3APmuxui8BM2oibkrZ');
INSERT INTO liked_album(user_id, album_id) VALUES(4, '26KTR4BV6sZ7jh0BxO3zIj');
INSERT INTO liked_album(user_id, album_id) VALUES(67, '5qHH0SHWf5yQxG4yqHnIzY');
INSERT INTO liked_album(user_id, album_id) VALUES(73, '5L6DR2YmRLRZ4CmR91l3Z4');
INSERT INTO liked_album(user_id, album_id) VALUES(2, '0FOOodYRlj7gzh7q7IjmNZ');
INSERT INTO liked_album(user_id, album_id) VALUES(55, '6cBEXcGAITJteTAkbSneXd');
INSERT INTO liked_album(user_id, album_id) VALUES(28, '0bWcrwRhhxMaweFaBA8G1S');
INSERT INTO liked_album(user_id, album_id) VALUES(60, '3gHhPm8z8tid1kvpniUKuK');
INSERT INTO liked_album(user_id, album_id) VALUES(34, '2m4QXzB2MdqvFNnpPx4YnQ');
INSERT INTO liked_album(user_id, album_id) VALUES(71, '4Jzx0XAORPKQ3v7EaL8Ful');
INSERT INTO liked_album(user_id, album_id) VALUES(30, '7AVPWq0bdemQcflSSHMfBx');
INSERT INTO liked_album(user_id, album_id) VALUES(85, '1SHLOv0DDdRecK60z86Lth');
INSERT INTO liked_album(user_id, album_id) VALUES(59, '0FOOodYRlj7gzh7q7IjmNZ');
INSERT INTO liked_album(user_id, album_id) VALUES(67, '1ozpmkWcCHwsQ4QTnxOOdT');
INSERT INTO liked_album(user_id, album_id) VALUES(9, '1bV9UJSiCQOg5S786s2T9g');
INSERT INTO liked_album(user_id, album_id) VALUES(55, '17cYF29ZBcDYoRkWUzFWfQ');
INSERT INTO liked_album(user_id, album_id) VALUES(17, '19vSttgdhH7PoAbvXBY7VT');
INSERT INTO liked_album(user_id, album_id) VALUES(24, '1YItIfS2HNJkWIgaoj50SM');
INSERT INTO liked_album(user_id, album_id) VALUES(75, '7GSCElvTHw10xFfIHdibF1');
INSERT INTO liked_album(user_id, album_id) VALUES(89, '06me0leRR3AuF4IFiEytml');
INSERT INTO liked_album(user_id, album_id) VALUES(11, '1dTqdCHDqUk9hbSsQOIxl0');
INSERT INTO liked_album(user_id, album_id) VALUES(91, '6j5wyAhR4ijdLQfJrYDkNN');
INSERT INTO liked_album(user_id, album_id) VALUES(35, '2ZUFSbIkmFkGag000RWOpA');
INSERT INTO liked_album(user_id, album_id) VALUES(8, '014jYCQMhNKWtaXPCqXoHR');
INSERT INTO liked_album(user_id, album_id) VALUES(80, '0JQtZGkMyVK5SAAJlw4Qgt');
INSERT INTO liked_album(user_id, album_id) VALUES(13, '7dSaBwUid0hjWdJ5QzIKyu');
INSERT INTO liked_album(user_id, album_id) VALUES(56, '0FOOodYRlj7gzh7q7IjmNZ');
INSERT INTO liked_album(user_id, album_id) VALUES(4, '7zCODUHkfuRxsUjtuzNqbd');
INSERT INTO liked_album(user_id, album_id) VALUES(13, '45K2dXJLXF4ItsTdEmbQzO');
INSERT INTO liked_album(user_id, album_id) VALUES(23, '42sfDq59SJCXfzBduOJlzA');
INSERT INTO liked_album(user_id, album_id) VALUES(30, '2vf1K6KumbRZnRHa1JeKyD');
INSERT INTO liked_album(user_id, album_id) VALUES(82, '4OIA4iFFUPeDVODUJ98tmm');
INSERT INTO liked_album(user_id, album_id) VALUES(10, '0jXtQE6F6FYFLPx0S3Gp1D');
INSERT INTO liked_album(user_id, album_id) VALUES(77, '3OxfaVgvTxUTy7276t7SPU');
INSERT INTO artist_follow(user_id, artist_id) VALUES(48, '57htMBtzpppc1yoXgjbslj');
INSERT INTO artist_follow(user_id, artist_id) VALUES(80, '1rpgxJZxZMLnFNc1Jmyov5');
INSERT INTO artist_follow(user_id, artist_id) VALUES(30, '0du5cEVh5yTK9QJze8zA0C');
INSERT INTO artist_follow(user_id, artist_id) VALUES(74, '0du5cEVh5yTK9QJze8zA0C');
INSERT INTO artist_follow(user_id, artist_id) VALUES(48, '2yNNYQBChuox9A5Ka93BIn');
INSERT INTO artist_follow(user_id, artist_id) VALUES(3, '3TVXtAsR1Inumwj472S9r4');
INSERT INTO artist_follow(user_id, artist_id) VALUES(58, '3TVXtAsR1Inumwj472S9r4');
INSERT INTO artist_follow(user_id, artist_id) VALUES(37, '57htMBtzpppc1yoXgjbslj');
INSERT INTO artist_follow(user_id, artist_id) VALUES(97, '1Xyo4u8uXC1ZmMpatF05PJ');
INSERT INTO artist_follow(user_id, artist_id) VALUES(22, '6YVMFz59CuY7ngCxTxjpxE');
INSERT INTO artist_follow(user_id, artist_id) VALUES(54, '1rpgxJZxZMLnFNc1Jmyov5');
INSERT INTO artist_follow(user_id, artist_id) VALUES(20, '1rpgxJZxZMLnFNc1Jmyov5');
INSERT INTO artist_follow(user_id, artist_id) VALUES(36, '0du5cEVh5yTK9QJze8zA0C');
INSERT INTO artist_follow(user_id, artist_id) VALUES(18, '6HvZYsbFfjnjFrWF950C9d');
INSERT INTO artist_follow(user_id, artist_id) VALUES(35, '41MozSoPIsD1dJM0CLPjZF');
INSERT INTO artist_follow(user_id, artist_id) VALUES(10, '2yNNYQBChuox9A5Ka93BIn');
INSERT INTO artist_follow(user_id, artist_id) VALUES(33, '1Xyo4u8uXC1ZmMpatF05PJ');
INSERT INTO artist_follow(user_id, artist_id) VALUES(22, '6HvZYsbFfjnjFrWF950C9d');
INSERT INTO artist_follow(user_id, artist_id) VALUES(47, '2KC9Qb60EaY0kW4eH68vr3');
INSERT INTO artist_follow(user_id, artist_id) VALUES(79, '6YVMFz59CuY7ngCxTxjpxE');
INSERT INTO artist_follow(user_id, artist_id) VALUES(44, '1Xyo4u8uXC1ZmMpatF05PJ');
INSERT INTO artist_follow(user_id, artist_id) VALUES(23, '2KC9Qb60EaY0kW4eH68vr3');
INSERT INTO artist_follow(user_id, artist_id) VALUES(86, '3TVXtAsR1Inumwj472S9r4');
INSERT INTO artist_follow(user_id, artist_id) VALUES(37, '41MozSoPIsD1dJM0CLPjZF');
INSERT INTO artist_follow(user_id, artist_id) VALUES(38, '0du5cEVh5yTK9QJze8zA0C');
INSERT INTO artist_follow(user_id, artist_id) VALUES(75, '6HvZYsbFfjnjFrWF950C9d');
INSERT INTO artist_follow(user_id, artist_id) VALUES(14, '57htMBtzpppc1yoXgjbslj');
INSERT INTO artist_follow(user_id, artist_id) VALUES(41, '41MozSoPIsD1dJM0CLPjZF');
INSERT INTO artist_follow(user_id, artist_id) VALUES(99, '3TVXtAsR1Inumwj472S9r4');
INSERT INTO artist_follow(user_id, artist_id) VALUES(79, '6HvZYsbFfjnjFrWF950C9d');
INSERT INTO artist_follow(user_id, artist_id) VALUES(93, '2yNNYQBChuox9A5Ka93BIn');
INSERT INTO artist_follow(user_id, artist_id) VALUES(1, '41MozSoPIsD1dJM0CLPjZF');
INSERT INTO artist_follow(user_id, artist_id) VALUES(10, '1Xyo4u8uXC1ZmMpatF05PJ');
INSERT INTO artist_follow(user_id, artist_id) VALUES(50, '1rpgxJZxZMLnFNc1Jmyov5');
INSERT INTO artist_follow(user_id, artist_id) VALUES(65, '1Xyo4u8uXC1ZmMpatF05PJ');
INSERT INTO artist_follow(user_id, artist_id) VALUES(61, '1rpgxJZxZMLnFNc1Jmyov5');
INSERT INTO artist_follow(user_id, artist_id) VALUES(16, '2yNNYQBChuox9A5Ka93BIn');
INSERT INTO artist_follow(user_id, artist_id) VALUES(55, '57htMBtzpppc1yoXgjbslj');
INSERT INTO artist_follow(user_id, artist_id) VALUES(3, '41MozSoPIsD1dJM0CLPjZF');
INSERT INTO artist_follow(user_id, artist_id) VALUES(26, '0du5cEVh5yTK9QJze8zA0C');
INSERT INTO artist_follow(user_id, artist_id) VALUES(63, '1Xyo4u8uXC1ZmMpatF05PJ');
INSERT INTO artist_follow(user_id, artist_id) VALUES(14, '41MozSoPIsD1dJM0CLPjZF');
INSERT INTO artist_follow(user_id, artist_id) VALUES(80, '41MozSoPIsD1dJM0CLPjZF');
INSERT INTO artist_follow(user_id, artist_id) VALUES(69, '41MozSoPIsD1dJM0CLPjZF');
INSERT INTO artist_follow(user_id, artist_id) VALUES(55, '2yNNYQBChuox9A5Ka93BIn');
INSERT INTO artist_follow(user_id, artist_id) VALUES(54, '6YVMFz59CuY7ngCxTxjpxE');
INSERT INTO artist_follow(user_id, artist_id) VALUES(23, '1Xyo4u8uXC1ZmMpatF05PJ');
INSERT INTO artist_follow(user_id, artist_id) VALUES(3, '6YVMFz59CuY7ngCxTxjpxE');
INSERT INTO artist_follow(user_id, artist_id) VALUES(67, '1Xyo4u8uXC1ZmMpatF05PJ');
INSERT INTO artist_follow(user_id, artist_id) VALUES(69, '6YVMFz59CuY7ngCxTxjpxE');
INSERT INTO artist_follow(user_id, artist_id) VALUES(58, '6YVMFz59CuY7ngCxTxjpxE');
INSERT INTO artist_follow(user_id, artist_id) VALUES(23, '1rpgxJZxZMLnFNc1Jmyov5');
INSERT INTO artist_follow(user_id, artist_id) VALUES(27, '1Xyo4u8uXC1ZmMpatF05PJ');
INSERT INTO artist_follow(user_id, artist_id) VALUES(78, '1rpgxJZxZMLnFNc1Jmyov5');
INSERT INTO artist_follow(user_id, artist_id) VALUES(17, '0du5cEVh5yTK9QJze8zA0C');
INSERT INTO artist_follow(user_id, artist_id) VALUES(67, '1rpgxJZxZMLnFNc1Jmyov5');
INSERT INTO artist_follow(user_id, artist_id) VALUES(93, '1Xyo4u8uXC1ZmMpatF05PJ');
INSERT INTO artist_follow(user_id, artist_id) VALUES(16, '41MozSoPIsD1dJM0CLPjZF');
INSERT INTO artist_follow(user_id, artist_id) VALUES(57, '2yNNYQBChuox9A5Ka93BIn');
INSERT INTO artist_follow(user_id, artist_id) VALUES(46, '2yNNYQBChuox9A5Ka93BIn');
INSERT INTO artist_follow(user_id, artist_id) VALUES(68, '2yNNYQBChuox9A5Ka93BIn');
INSERT INTO artist_follow(user_id, artist_id) VALUES(23, '3TVXtAsR1Inumwj472S9r4');
INSERT INTO artist_follow(user_id, artist_id) VALUES(43, '0du5cEVh5yTK9QJze8zA0C');
INSERT INTO artist_follow(user_id, artist_id) VALUES(67, '3TVXtAsR1Inumwj472S9r4');
INSERT INTO artist_follow(user_id, artist_id) VALUES(3, '6HvZYsbFfjnjFrWF950C9d');
INSERT INTO artist_follow(user_id, artist_id) VALUES(98, '0du5cEVh5yTK9QJze8zA0C');
INSERT INTO artist_follow(user_id, artist_id) VALUES(97, '41MozSoPIsD1dJM0CLPjZF');
INSERT INTO artist_follow(user_id, artist_id) VALUES(93, '3TVXtAsR1Inumwj472S9r4');
INSERT INTO artist_follow(user_id, artist_id) VALUES(95, '1Xyo4u8uXC1ZmMpatF05PJ');
INSERT INTO artist_follow(user_id, artist_id) VALUES(30, '57htMBtzpppc1yoXgjbslj');
INSERT INTO artist_follow(user_id, artist_id) VALUES(33, '41MozSoPIsD1dJM0CLPjZF');
INSERT INTO artist_follow(user_id, artist_id) VALUES(45, '0du5cEVh5yTK9QJze8zA0C');
INSERT INTO artist_follow(user_id, artist_id) VALUES(85, '2yNNYQBChuox9A5Ka93BIn');
INSERT INTO artist_follow(user_id, artist_id) VALUES(5, '0du5cEVh5yTK9QJze8zA0C');
INSERT INTO artist_follow(user_id, artist_id) VALUES(40, '3TVXtAsR1Inumwj472S9r4');
INSERT INTO artist_follow(user_id, artist_id) VALUES(48, '41MozSoPIsD1dJM0CLPjZF');
INSERT INTO artist_follow(user_id, artist_id) VALUES(20, '6HvZYsbFfjnjFrWF950C9d');
INSERT INTO artist_follow(user_id, artist_id) VALUES(95, '3TVXtAsR1Inumwj472S9r4');
INSERT INTO artist_follow(user_id, artist_id) VALUES(86, '6HvZYsbFfjnjFrWF950C9d');
INSERT INTO artist_follow(user_id, artist_id) VALUES(88, '6YVMFz59CuY7ngCxTxjpxE');
INSERT INTO artist_follow(user_id, artist_id) VALUES(60, '0du5cEVh5yTK9QJze8zA0C');
INSERT INTO artist_follow(user_id, artist_id) VALUES(55, '3TVXtAsR1Inumwj472S9r4');
INSERT INTO artist_follow(user_id, artist_id) VALUES(68, '1rpgxJZxZMLnFNc1Jmyov5');
INSERT INTO artist_follow(user_id, artist_id) VALUES(72, '1Xyo4u8uXC1ZmMpatF05PJ');
INSERT INTO artist_follow(user_id, artist_id) VALUES(62, '0du5cEVh5yTK9QJze8zA0C');
INSERT INTO artist_follow(user_id, artist_id) VALUES(99, '6HvZYsbFfjnjFrWF950C9d');
INSERT INTO artist_follow(user_id, artist_id) VALUES(88, '6HvZYsbFfjnjFrWF950C9d');
INSERT INTO artist_follow(user_id, artist_id) VALUES(36, '2yNNYQBChuox9A5Ka93BIn');
INSERT INTO artist_follow(user_id, artist_id) VALUES(12, '2yNNYQBChuox9A5Ka93BIn');
INSERT INTO artist_follow(user_id, artist_id) VALUES(4, '1Xyo4u8uXC1ZmMpatF05PJ');
INSERT INTO artist_follow(user_id, artist_id) VALUES(10, '41MozSoPIsD1dJM0CLPjZF');
INSERT INTO artist_follow(user_id, artist_id) VALUES(59, '1Xyo4u8uXC1ZmMpatF05PJ');
INSERT INTO artist_follow(user_id, artist_id) VALUES(77, '0du5cEVh5yTK9QJze8zA0C');
INSERT INTO artist_follow(user_id, artist_id) VALUES(62, '2KC9Qb60EaY0kW4eH68vr3');
INSERT INTO artist_follow(user_id, artist_id) VALUES(9, '0du5cEVh5yTK9QJze8zA0C');
INSERT INTO artist_follow(user_id, artist_id) VALUES(65, '6YVMFz59CuY7ngCxTxjpxE');
INSERT INTO artist_follow(user_id, artist_id) VALUES(49, '2yNNYQBChuox9A5Ka93BIn');
INSERT INTO artist_follow(user_id, artist_id) VALUES(98, '1rpgxJZxZMLnFNc1Jmyov5');
INSERT INTO artist_follow(user_id, artist_id) VALUES(35, '0du5cEVh5yTK9QJze8zA0C');
INSERT INTO artist_follow(user_id, artist_id) VALUES(78, '41MozSoPIsD1dJM0CLPjZF');
INSERT INTO artist_follow(user_id, artist_id) VALUES(64, '2yNNYQBChuox9A5Ka93BIn');
INSERT INTO artist_follow(user_id, artist_id) VALUES(87, '1Xyo4u8uXC1ZmMpatF05PJ');
INSERT INTO artist_follow(user_id, artist_id) VALUES(76, '6HvZYsbFfjnjFrWF950C9d');
INSERT INTO artist_follow(user_id, artist_id) VALUES(67, '6YVMFz59CuY7ngCxTxjpxE');
INSERT INTO artist_follow(user_id, artist_id) VALUES(66, '2KC9Qb60EaY0kW4eH68vr3');
INSERT INTO artist_follow(user_id, artist_id) VALUES(36, '1Xyo4u8uXC1ZmMpatF05PJ');
INSERT INTO artist_follow(user_id, artist_id) VALUES(51, '1Xyo4u8uXC1ZmMpatF05PJ');
INSERT INTO artist_follow(user_id, artist_id) VALUES(52, '0du5cEVh5yTK9QJze8zA0C');
INSERT INTO artist_follow(user_id, artist_id) VALUES(91, '1rpgxJZxZMLnFNc1Jmyov5');
INSERT INTO artist_follow(user_id, artist_id) VALUES(12, '6HvZYsbFfjnjFrWF950C9d');
INSERT INTO artist_follow(user_id, artist_id) VALUES(21, '3TVXtAsR1Inumwj472S9r4');
INSERT INTO artist_follow(user_id, artist_id) VALUES(51, '1rpgxJZxZMLnFNc1Jmyov5');
INSERT INTO artist_follow(user_id, artist_id) VALUES(27, '6HvZYsbFfjnjFrWF950C9d');
INSERT INTO artist_follow(user_id, artist_id) VALUES(40, '6YVMFz59CuY7ngCxTxjpxE');
INSERT INTO artist_follow(user_id, artist_id) VALUES(17, '2KC9Qb60EaY0kW4eH68vr3');
INSERT INTO artist_follow(user_id, artist_id) VALUES(29, '6YVMFz59CuY7ngCxTxjpxE');
INSERT INTO artist_follow(user_id, artist_id) VALUES(51, '3TVXtAsR1Inumwj472S9r4');
INSERT INTO artist_follow(user_id, artist_id) VALUES(59, '57htMBtzpppc1yoXgjbslj');
INSERT INTO artist_follow(user_id, artist_id) VALUES(4, '2yNNYQBChuox9A5Ka93BIn');
INSERT INTO artist_follow(user_id, artist_id) VALUES(58, '0du5cEVh5yTK9QJze8zA0C');
INSERT INTO artist_follow(user_id, artist_id) VALUES(29, '6HvZYsbFfjnjFrWF950C9d');
INSERT INTO artist_follow(user_id, artist_id) VALUES(42, '6YVMFz59CuY7ngCxTxjpxE');
INSERT INTO artist_follow(user_id, artist_id) VALUES(80, '0du5cEVh5yTK9QJze8zA0C');
INSERT INTO artist_follow(user_id, artist_id) VALUES(98, '2yNNYQBChuox9A5Ka93BIn');
INSERT INTO artist_follow(user_id, artist_id) VALUES(80, '2KC9Qb60EaY0kW4eH68vr3');
INSERT INTO artist_follow(user_id, artist_id) VALUES(69, '2KC9Qb60EaY0kW4eH68vr3');
INSERT INTO artist_follow(user_id, artist_id) VALUES(57, '6YVMFz59CuY7ngCxTxjpxE');
INSERT INTO artist_follow(user_id, artist_id) VALUES(46, '6YVMFz59CuY7ngCxTxjpxE');
INSERT INTO artist_follow(user_id, artist_id) VALUES(45, '2KC9Qb60EaY0kW4eH68vr3');
INSERT INTO artist_follow(user_id, artist_id) VALUES(55, '6HvZYsbFfjnjFrWF950C9d');
INSERT INTO artist_follow(user_id, artist_id) VALUES(15, '1Xyo4u8uXC1ZmMpatF05PJ');
INSERT INTO artist_follow(user_id, artist_id) VALUES(100, '57htMBtzpppc1yoXgjbslj');
INSERT INTO artist_follow(user_id, artist_id) VALUES(81, '1Xyo4u8uXC1ZmMpatF05PJ');
INSERT INTO artist_follow(user_id, artist_id) VALUES(26, '1Xyo4u8uXC1ZmMpatF05PJ');
INSERT INTO artist_follow(user_id, artist_id) VALUES(45, '2yNNYQBChuox9A5Ka93BIn');
INSERT INTO artist_follow(user_id, artist_id) VALUES(26, '1rpgxJZxZMLnFNc1Jmyov5');
INSERT INTO artist_follow(user_id, artist_id) VALUES(20, '0du5cEVh5yTK9QJze8zA0C');
INSERT INTO artist_follow(user_id, artist_id) VALUES(4, '6YVMFz59CuY7ngCxTxjpxE');
INSERT INTO artist_follow(user_id, artist_id) VALUES(86, '0du5cEVh5yTK9QJze8zA0C');
INSERT INTO artist_follow(user_id, artist_id) VALUES(82, '2KC9Qb60EaY0kW4eH68vr3');
INSERT INTO artist_follow(user_id, artist_id) VALUES(97, '0du5cEVh5yTK9QJze8zA0C');
INSERT INTO artist_follow(user_id, artist_id) VALUES(83, '1Xyo4u8uXC1ZmMpatF05PJ');
INSERT INTO artist_follow(user_id, artist_id) VALUES(94, '1Xyo4u8uXC1ZmMpatF05PJ');
INSERT INTO artist_follow(user_id, artist_id) VALUES(97, '2KC9Qb60EaY0kW4eH68vr3');
INSERT INTO artist_follow(user_id, artist_id) VALUES(74, '6YVMFz59CuY7ngCxTxjpxE');
INSERT INTO artist_follow(user_id, artist_id) VALUES(30, '6YVMFz59CuY7ngCxTxjpxE');
INSERT INTO artist_follow(user_id, artist_id) VALUES(31, '2KC9Qb60EaY0kW4eH68vr3');
INSERT INTO artist_follow(user_id, artist_id) VALUES(8, '6YVMFz59CuY7ngCxTxjpxE');
INSERT INTO artist_follow(user_id, artist_id) VALUES(17, '1rpgxJZxZMLnFNc1Jmyov5');
INSERT INTO artist_follow(user_id, artist_id) VALUES(38, '57htMBtzpppc1yoXgjbslj');
INSERT INTO artist_follow(user_id, artist_id) VALUES(83, '1rpgxJZxZMLnFNc1Jmyov5');
INSERT INTO artist_follow(user_id, artist_id) VALUES(44, '0du5cEVh5yTK9QJze8zA0C');
INSERT INTO artist_follow(user_id, artist_id) VALUES(87, '41MozSoPIsD1dJM0CLPjZF');
INSERT INTO artist_follow(user_id, artist_id) VALUES(98, '1Xyo4u8uXC1ZmMpatF05PJ');
INSERT INTO artist_follow(user_id, artist_id) VALUES(28, '3TVXtAsR1Inumwj472S9r4');
INSERT INTO artist_follow(user_id, artist_id) VALUES(14, '1Xyo4u8uXC1ZmMpatF05PJ');
INSERT INTO artist_follow(user_id, artist_id) VALUES(94, '3TVXtAsR1Inumwj472S9r4');
INSERT INTO artist_follow(user_id, artist_id) VALUES(21, '6YVMFz59CuY7ngCxTxjpxE');
INSERT INTO artist_follow(user_id, artist_id) VALUES(91, '41MozSoPIsD1dJM0CLPjZF');
INSERT INTO artist_follow(user_id, artist_id) VALUES(99, '2KC9Qb60EaY0kW4eH68vr3');
INSERT INTO artist_follow(user_id, artist_id) VALUES(83, '3TVXtAsR1Inumwj472S9r4');
INSERT INTO artist_follow(user_id, artist_id) VALUES(24, '2KC9Qb60EaY0kW4eH68vr3');
INSERT INTO artist_follow(user_id, artist_id) VALUES(91, '6YVMFz59CuY7ngCxTxjpxE');
INSERT INTO artist_follow(user_id, artist_id) VALUES(5, '1Xyo4u8uXC1ZmMpatF05PJ');
INSERT INTO artist_follow(user_id, artist_id) VALUES(34, '1rpgxJZxZMLnFNc1Jmyov5');
INSERT INTO artist_follow(user_id, artist_id) VALUES(21, '6HvZYsbFfjnjFrWF950C9d');
INSERT INTO artist_follow(user_id, artist_id) VALUES(13, '2yNNYQBChuox9A5Ka93BIn');
INSERT INTO artist_follow(user_id, artist_id) VALUES(34, '3TVXtAsR1Inumwj472S9r4');
INSERT INTO artist_follow(user_id, artist_id) VALUES(47, '6HvZYsbFfjnjFrWF950C9d');
INSERT INTO artist_follow(user_id, artist_id) VALUES(36, '6HvZYsbFfjnjFrWF950C9d');
INSERT INTO artist_follow(user_id, artist_id) VALUES(18, '1Xyo4u8uXC1ZmMpatF05PJ');
INSERT INTO artist_follow(user_id, artist_id) VALUES(63, '0du5cEVh5yTK9QJze8zA0C');
INSERT INTO artist_follow(user_id, artist_id) VALUES(41, '2KC9Qb60EaY0kW4eH68vr3');
INSERT INTO artist_follow(user_id, artist_id) VALUES(51, '6HvZYsbFfjnjFrWF950C9d');
INSERT INTO artist_follow(user_id, artist_id) VALUES(53, '6YVMFz59CuY7ngCxTxjpxE');
INSERT INTO artist_follow(user_id, artist_id) VALUES(92, '2yNNYQBChuox9A5Ka93BIn');
INSERT INTO artist_follow(user_id, artist_id) VALUES(18, '1rpgxJZxZMLnFNc1Jmyov5');
INSERT INTO artist_follow(user_id, artist_id) VALUES(23, '0du5cEVh5yTK9QJze8zA0C');
INSERT INTO artist_follow(user_id, artist_id) VALUES(77, '1Xyo4u8uXC1ZmMpatF05PJ');
INSERT INTO artist_follow(user_id, artist_id) VALUES(67, '0du5cEVh5yTK9QJze8zA0C');
INSERT INTO artist_follow(user_id, artist_id) VALUES(49, '6HvZYsbFfjnjFrWF950C9d');
INSERT INTO artist_follow(user_id, artist_id) VALUES(73, '1rpgxJZxZMLnFNc1Jmyov5');
INSERT INTO artist_follow(user_id, artist_id) VALUES(66, '41MozSoPIsD1dJM0CLPjZF');
INSERT INTO artist_follow(user_id, artist_id) VALUES(1, '57htMBtzpppc1yoXgjbslj');
INSERT INTO artist_follow(user_id, artist_id) VALUES(27, '0du5cEVh5yTK9QJze8zA0C');
INSERT INTO artist_follow(user_id, artist_id) VALUES(26, '41MozSoPIsD1dJM0CLPjZF');
INSERT INTO artist_follow(user_id, artist_id) VALUES(93, '0du5cEVh5yTK9QJze8zA0C');
INSERT INTO artist_follow(user_id, artist_id) VALUES(53, '6HvZYsbFfjnjFrWF950C9d');
INSERT INTO artist_follow(user_id, artist_id) VALUES(1, '2yNNYQBChuox9A5Ka93BIn');
INSERT INTO artist_follow(user_id, artist_id) VALUES(78, '2KC9Qb60EaY0kW4eH68vr3');
INSERT INTO artist_follow(user_id, artist_id) VALUES(75, '1Xyo4u8uXC1ZmMpatF05PJ');
INSERT INTO artist_follow(user_id, artist_id) VALUES(13, '1Xyo4u8uXC1ZmMpatF05PJ');
INSERT INTO artist_follow(user_id, artist_id) VALUES(14, '2KC9Qb60EaY0kW4eH68vr3');
INSERT INTO artist_follow(user_id, artist_id) VALUES(93, '2KC9Qb60EaY0kW4eH68vr3');
INSERT INTO artist_follow(user_id, artist_id) VALUES(58, '57htMBtzpppc1yoXgjbslj');
INSERT INTO artist_follow(user_id, artist_id) VALUES(35, '1rpgxJZxZMLnFNc1Jmyov5');
INSERT INTO artist_follow(user_id, artist_id) VALUES(80, '57htMBtzpppc1yoXgjbslj');
INSERT INTO artist_follow(user_id, artist_id) VALUES(17, '41MozSoPIsD1dJM0CLPjZF');
INSERT INTO artist_follow(user_id, artist_id) VALUES(28, '41MozSoPIsD1dJM0CLPjZF');
INSERT INTO artist_follow(user_id, artist_id) VALUES(84, '0du5cEVh5yTK9QJze8zA0C');
INSERT INTO artist_follow(user_id, artist_id) VALUES(79, '1rpgxJZxZMLnFNc1Jmyov5');
INSERT INTO artist_follow(user_id, artist_id) VALUES(58, '2yNNYQBChuox9A5Ka93BIn');
INSERT INTO artist_follow(user_id, artist_id) VALUES(39, '1rpgxJZxZMLnFNc1Jmyov5');
INSERT INTO artist_follow(user_id, artist_id) VALUES(24, '3TVXtAsR1Inumwj472S9r4');
INSERT INTO artist_follow(user_id, artist_id) VALUES(90, '3TVXtAsR1Inumwj472S9r4');
INSERT INTO artist_follow(user_id, artist_id) VALUES(28, '6YVMFz59CuY7ngCxTxjpxE');
INSERT INTO artist_follow(user_id, artist_id) VALUES(84, '2KC9Qb60EaY0kW4eH68vr3');
INSERT INTO artist_follow(user_id, artist_id) VALUES(71, '2KC9Qb60EaY0kW4eH68vr3');
INSERT INTO artist_follow(user_id, artist_id) VALUES(94, '6YVMFz59CuY7ngCxTxjpxE');
INSERT INTO artist_follow(user_id, artist_id) VALUES(39, '3TVXtAsR1Inumwj472S9r4');
INSERT INTO artist_follow(user_id, artist_id) VALUES(32, '6YVMFz59CuY7ngCxTxjpxE');
INSERT INTO artist_follow(user_id, artist_id) VALUES(55, '2KC9Qb60EaY0kW4eH68vr3');
INSERT INTO artist_follow(user_id, artist_id) VALUES(18, '57htMBtzpppc1yoXgjbslj');
INSERT INTO artist_follow(user_id, artist_id) VALUES(97, '57htMBtzpppc1yoXgjbslj');
INSERT INTO artist_follow(user_id, artist_id) VALUES(52, '1rpgxJZxZMLnFNc1Jmyov5');
INSERT INTO artist_follow(user_id, artist_id) VALUES(96, '1rpgxJZxZMLnFNc1Jmyov5');
INSERT INTO artist_follow(user_id, artist_id) VALUES(46, '0du5cEVh5yTK9QJze8zA0C');
INSERT INTO artist_follow(user_id, artist_id) VALUES(92, '3TVXtAsR1Inumwj472S9r4');
INSERT INTO artist_follow(user_id, artist_id) VALUES(83, '6HvZYsbFfjnjFrWF950C9d');
INSERT INTO artist_follow(user_id, artist_id) VALUES(94, '6HvZYsbFfjnjFrWF950C9d');
INSERT INTO artist_follow(user_id, artist_id) VALUES(99, '57htMBtzpppc1yoXgjbslj');
INSERT INTO artist_follow(user_id, artist_id) VALUES(86, '2yNNYQBChuox9A5Ka93BIn');
INSERT INTO artist_follow(user_id, artist_id) VALUES(5, '41MozSoPIsD1dJM0CLPjZF');
INSERT INTO artist_follow(user_id, artist_id) VALUES(72, '0du5cEVh5yTK9QJze8zA0C');
INSERT INTO artist_follow(user_id, artist_id) VALUES(32, '6HvZYsbFfjnjFrWF950C9d');
INSERT INTO artist_follow(user_id, artist_id) VALUES(98, '6HvZYsbFfjnjFrWF950C9d');
INSERT INTO artist_follow(user_id, artist_id) VALUES(44, '2KC9Qb60EaY0kW4eH68vr3');
INSERT INTO artist_follow(user_id, artist_id) VALUES(3, '1Xyo4u8uXC1ZmMpatF05PJ');
INSERT INTO artist_follow(user_id, artist_id) VALUES(75, '57htMBtzpppc1yoXgjbslj');
INSERT INTO artist_follow(user_id, artist_id) VALUES(70, '0du5cEVh5yTK9QJze8zA0C');
INSERT INTO liked_playlist(user_id, playlist_id) VALUES(62, 17);
INSERT INTO liked_playlist(user_id, playlist_id) VALUES(36, 181);
INSERT INTO liked_playlist(user_id, playlist_id) VALUES(76, 43);
INSERT INTO liked_playlist(user_id, playlist_id) VALUES(61, 125);
INSERT INTO liked_playlist(user_id, playlist_id) VALUES(6, 283);
INSERT INTO liked_playlist(user_id, playlist_id) VALUES(19, 73);
INSERT INTO liked_playlist(user_id, playlist_id) VALUES(66, 5);
INSERT INTO liked_playlist(user_id, playlist_id) VALUES(74, 27);
INSERT INTO liked_playlist(user_id, playlist_id) VALUES(53, 297);
INSERT INTO liked_playlist(user_id, playlist_id) VALUES(1, 15);
INSERT INTO liked_playlist(user_id, playlist_id) VALUES(25, 25);
INSERT INTO liked_playlist(user_id, playlist_id) VALUES(42, 105);
INSERT INTO liked_playlist(user_id, playlist_id) VALUES(96, 225);
INSERT INTO liked_playlist(user_id, playlist_id) VALUES(61, 118);
INSERT INTO liked_playlist(user_id, playlist_id) VALUES(48, 29);
INSERT INTO liked_playlist(user_id, playlist_id) VALUES(73, 202);
INSERT INTO liked_playlist(user_id, playlist_id) VALUES(84, 150);
INSERT INTO liked_playlist(user_id, playlist_id) VALUES(61, 127);
INSERT INTO liked_playlist(user_id, playlist_id) VALUES(23, 262);
INSERT INTO liked_playlist(user_id, playlist_id) VALUES(45, 149);
INSERT INTO liked_playlist(user_id, playlist_id) VALUES(91, 27);
INSERT INTO liked_playlist(user_id, playlist_id) VALUES(99, 129);
INSERT INTO liked_playlist(user_id, playlist_id) VALUES(29, 107);
INSERT INTO liked_playlist(user_id, playlist_id) VALUES(32, 14);
INSERT INTO liked_playlist(user_id, playlist_id) VALUES(9, 266);
INSERT INTO liked_playlist(user_id, playlist_id) VALUES(74, 212);
INSERT INTO liked_playlist(user_id, playlist_id) VALUES(33, 22);
INSERT INTO liked_playlist(user_id, playlist_id) VALUES(39, 138);
INSERT INTO liked_playlist(user_id, playlist_id) VALUES(73, 259);
INSERT INTO liked_playlist(user_id, playlist_id) VALUES(14, 72);
INSERT INTO liked_playlist(user_id, playlist_id) VALUES(48, 113);
INSERT INTO liked_playlist(user_id, playlist_id) VALUES(6, 43);
INSERT INTO liked_playlist(user_id, playlist_id) VALUES(47, 267);
INSERT INTO liked_playlist(user_id, playlist_id) VALUES(40, 228);
INSERT INTO liked_playlist(user_id, playlist_id) VALUES(4, 107);
INSERT INTO liked_playlist(user_id, playlist_id) VALUES(69, 291);
INSERT INTO liked_playlist(user_id, playlist_id) VALUES(43, 98);
INSERT INTO liked_playlist(user_id, playlist_id) VALUES(54, 10);
INSERT INTO liked_playlist(user_id, playlist_id) VALUES(36, 13);
INSERT INTO liked_playlist(user_id, playlist_id) VALUES(93, 10);
INSERT INTO liked_playlist(user_id, playlist_id) VALUES(47, 260);
INSERT INTO liked_playlist(user_id, playlist_id) VALUES(23, 205);
INSERT INTO liked_playlist(user_id, playlist_id) VALUES(97, 35);
INSERT INTO liked_playlist(user_id, playlist_id) VALUES(77, 270);
INSERT INTO liked_playlist(user_id, playlist_id) VALUES(43, 18);
INSERT INTO liked_playlist(user_id, playlist_id) VALUES(90, 78);
INSERT INTO liked_playlist(user_id, playlist_id) VALUES(61, 225);
INSERT INTO liked_playlist(user_id, playlist_id) VALUES(47, 6);
INSERT INTO liked_playlist(user_id, playlist_id) VALUES(20, 275);
INSERT INTO liked_playlist(user_id, playlist_id) VALUES(62, 183);
INSERT INTO liked_playlist(user_id, playlist_id) VALUES(44, 156);
INSERT INTO liked_playlist(user_id, playlist_id) VALUES(74, 157);
INSERT INTO liked_playlist(user_id, playlist_id) VALUES(98, 157);
INSERT INTO liked_playlist(user_id, playlist_id) VALUES(15, 205);
INSERT INTO liked_playlist(user_id, playlist_id) VALUES(75, 110);
INSERT INTO liked_playlist(user_id, playlist_id) VALUES(33, 293);
INSERT INTO liked_playlist(user_id, playlist_id) VALUES(58, 69);
INSERT INTO liked_playlist(user_id, playlist_id) VALUES(20, 94);
INSERT INTO liked_playlist(user_id, playlist_id) VALUES(75, 9);
INSERT INTO liked_playlist(user_id, playlist_id) VALUES(21, 276);
INSERT INTO liked_playlist(user_id, playlist_id) VALUES(72, 113);
INSERT INTO liked_playlist(user_id, playlist_id) VALUES(58, 215);
INSERT INTO liked_playlist(user_id, playlist_id) VALUES(89, 163);
INSERT INTO liked_playlist(user_id, playlist_id) VALUES(42, 79);
INSERT INTO liked_playlist(user_id, playlist_id) VALUES(61, 211);
INSERT INTO liked_playlist(user_id, playlist_id) VALUES(82, 5);
INSERT INTO liked_playlist(user_id, playlist_id) VALUES(96, 281);
INSERT INTO liked_playlist(user_id, playlist_id) VALUES(88, 222);
INSERT INTO liked_playlist(user_id, playlist_id) VALUES(30, 58);
INSERT INTO liked_playlist(user_id, playlist_id) VALUES(78, 19);
INSERT INTO liked_playlist(user_id, playlist_id) VALUES(95, 108);
INSERT INTO liked_playlist(user_id, playlist_id) VALUES(70, 207);
INSERT INTO liked_playlist(user_id, playlist_id) VALUES(96, 27);
INSERT INTO liked_playlist(user_id, playlist_id) VALUES(44, 23);
INSERT INTO liked_playlist(user_id, playlist_id) VALUES(61, 103);
INSERT INTO liked_playlist(user_id, playlist_id) VALUES(71, 135);
INSERT INTO liked_playlist(user_id, playlist_id) VALUES(97, 62);
INSERT INTO liked_playlist(user_id, playlist_id) VALUES(51, 40);
INSERT INTO liked_playlist(user_id, playlist_id) VALUES(83, 54);
INSERT INTO liked_playlist(user_id, playlist_id) VALUES(59, 8);
INSERT INTO liked_playlist(user_id, playlist_id) VALUES(52, 2);
INSERT INTO liked_playlist(user_id, playlist_id) VALUES(68, 236);
INSERT INTO liked_playlist(user_id, playlist_id) VALUES(30, 8);
INSERT INTO liked_playlist(user_id, playlist_id) VALUES(17, 148);
INSERT INTO liked_playlist(user_id, playlist_id) VALUES(90, 260);
INSERT INTO liked_playlist(user_id, playlist_id) VALUES(48, 162);
INSERT INTO liked_playlist(user_id, playlist_id) VALUES(52, 132);
INSERT INTO liked_playlist(user_id, playlist_id) VALUES(1, 233);
INSERT INTO liked_playlist(user_id, playlist_id) VALUES(89, 96);
INSERT INTO liked_playlist(user_id, playlist_id) VALUES(19, 147);
INSERT INTO liked_playlist(user_id, playlist_id) VALUES(45, 285);
INSERT INTO liked_playlist(user_id, playlist_id) VALUES(1, 205);
INSERT INTO liked_playlist(user_id, playlist_id) VALUES(66, 33);
INSERT INTO liked_playlist(user_id, playlist_id) VALUES(77, 237);
INSERT INTO liked_playlist(user_id, playlist_id) VALUES(83, 296);
INSERT INTO liked_playlist(user_id, playlist_id) VALUES(86, 148);
INSERT INTO liked_playlist(user_id, playlist_id) VALUES(10, 9);
INSERT INTO liked_playlist(user_id, playlist_id) VALUES(54, 162);
INSERT INTO liked_playlist(user_id, playlist_id) VALUES(65, 91);
INSERT INTO liked_playlist(user_id, playlist_id) VALUES(54, 125);
INSERT INTO liked_playlist(user_id, playlist_id) VALUES(57, 261);
INSERT INTO liked_playlist(user_id, playlist_id) VALUES(29, 135);
INSERT INTO liked_playlist(user_id, playlist_id) VALUES(68, 96);
INSERT INTO liked_playlist(user_id, playlist_id) VALUES(39, 264);
INSERT INTO liked_playlist(user_id, playlist_id) VALUES(84, 162);
INSERT INTO liked_playlist(user_id, playlist_id) VALUES(27, 137);
INSERT INTO liked_playlist(user_id, playlist_id) VALUES(26, 291);
INSERT INTO liked_playlist(user_id, playlist_id) VALUES(8, 14);
INSERT INTO liked_playlist(user_id, playlist_id) VALUES(14, 45);
INSERT INTO liked_playlist(user_id, playlist_id) VALUES(86, 180);
INSERT INTO liked_playlist(user_id, playlist_id) VALUES(72, 7);
INSERT INTO liked_playlist(user_id, playlist_id) VALUES(94, 172);
INSERT INTO liked_playlist(user_id, playlist_id) VALUES(14, 182);
INSERT INTO liked_playlist(user_id, playlist_id) VALUES(75, 113);
INSERT INTO liked_playlist(user_id, playlist_id) VALUES(39, 168);
INSERT INTO liked_playlist(user_id, playlist_id) VALUES(59, 153);
INSERT INTO liked_playlist(user_id, playlist_id) VALUES(28, 28);
INSERT INTO liked_playlist(user_id, playlist_id) VALUES(71, 63);
INSERT INTO liked_playlist(user_id, playlist_id) VALUES(74, 199);
INSERT INTO liked_playlist(user_id, playlist_id) VALUES(60, 145);
INSERT INTO liked_playlist(user_id, playlist_id) VALUES(53, 167);
INSERT INTO liked_playlist(user_id, playlist_id) VALUES(11, 85);
INSERT INTO liked_playlist(user_id, playlist_id) VALUES(91, 224);
INSERT INTO liked_playlist(user_id, playlist_id) VALUES(9, 152);
INSERT INTO liked_playlist(user_id, playlist_id) VALUES(72, 128);
INSERT INTO album_review(user_id, album_id, rating, content, blinded, critic) VALUES(67, '4aLnzOsnBf5gqTDMJn3XLz', 3, '코멘트 299', 0, 1);
INSERT INTO album_review(user_id, album_id, rating, content, blinded, critic) VALUES(73, '7AVPWq0bdemQcflSSHMfBx', 1, '코멘트 4421', 0, 0);
INSERT INTO album_review(user_id, album_id, rating, content, blinded, critic) VALUES(68, '4qZBW3f2Q8y0k1A84d4iAO', 5, '코멘트 6882', 0, 1);
INSERT INTO album_review(user_id, album_id, rating, content, blinded, critic) VALUES(69, '73B0Ru9CdUgVoi5AGmLe99', 2, '코멘트 4458', 0, 0);
INSERT INTO album_review(user_id, album_id, rating, content, blinded, critic) VALUES(73, '2AgHdKsWib9wJJjQ1ohVHS', 4, '코멘트 4690', 0, 1);
INSERT INTO album_review(user_id, album_id, rating, content, blinded, critic) VALUES(24, '7J4ASJD3IvdANlrPkmeVP0', 3, '코멘트 7185', 0, 0);
INSERT INTO album_review(user_id, album_id, rating, content, blinded, critic) VALUES(79, '0e9GAAJT7lX5C6RTZsCCDR', 4, '코멘트 9619', 0, 0);
INSERT INTO album_review(user_id, album_id, rating, content, blinded, critic) VALUES(30, '2YVpqON0I1KS8LjQLqV0uH', 1, '코멘트 2326', 0, 0);
INSERT INTO album_review(user_id, album_id, rating, content, blinded, critic) VALUES(14, '58ufpQsJ1DS5kq4hhzQDiI', 4, '코멘트 2250', 0, 1);
INSERT INTO album_review(user_id, album_id, rating, content, blinded, critic) VALUES(94, '4czdORdCWP9umpbhFXK2fW', 4, '코멘트 7658', 0, 0);
INSERT INTO album_review(user_id, album_id, rating, content, blinded, critic) VALUES(33, '4nGujzCa6JLhMx7rHXE4J9', 5, '코멘트 763', 0, 1);
INSERT INTO album_review(user_id, album_id, rating, content, blinded, critic) VALUES(57, '4iL0sqHuipLrqy4y8HRYsZ', 1, '코멘트 5014', 0, 1);
INSERT INTO album_review(user_id, album_id, rating, content, blinded, critic) VALUES(95, '6zWajG8oLkshBrkjIMPbjQ', 2, '코멘트 3544', 0, 0);
INSERT INTO album_review(user_id, album_id, rating, content, blinded, critic) VALUES(44, '6wRev1uYL0JsMsWqktJuVi', 1, '코멘트 7901', 0, 1);
INSERT INTO album_review(user_id, album_id, rating, content, blinded, critic) VALUES(52, '10SppFk45za4CHPEiiuQaD', 1, '코멘트 3472', 0, 0);
INSERT INTO album_review(user_id, album_id, rating, content, blinded, critic) VALUES(95, '36cJnr7GCuGbuw0YQpjmTY', 3, '코멘트 323', 0, 0);
INSERT INTO album_review(user_id, album_id, rating, content, blinded, critic) VALUES(49, '5nNtpPsSUgb9Hlb3dF1gXa', 4, '코멘트 9713', 0, 1);
INSERT INTO album_review(user_id, album_id, rating, content, blinded, critic) VALUES(74, '4MNtFZXiyx5ltdldHFKQSg', 3, '코멘트 4853', 0, 1);
INSERT INTO album_review(user_id, album_id, rating, content, blinded, critic) VALUES(27, '2jchmY4qmN4Zsp1L3cSFIA', 3, '코멘트 7749', 0, 1);
INSERT INTO album_review(user_id, album_id, rating, content, blinded, critic) VALUES(91, '4Epq84TTM5hHH5jI78R271', 3, '코멘트 9749', 0, 1);
INSERT INTO album_review(user_id, album_id, rating, content, blinded, critic) VALUES(4, '6zWajG8oLkshBrkjIMPbjQ', 4, '코멘트 4669', 0, 1);
INSERT INTO album_review(user_id, album_id, rating, content, blinded, critic) VALUES(35, '0xjql3TEYd34hlAky4Ck2z', 4, '코멘트 2202', 0, 0);
INSERT INTO album_review(user_id, album_id, rating, content, blinded, critic) VALUES(63, '69eqA59bgh09wQ2MT1AlnL', 4, '코멘트 2497', 0, 0);
INSERT INTO album_review(user_id, album_id, rating, content, blinded, critic) VALUES(70, '17cYF29ZBcDYoRkWUzFWfQ', 5, '코멘트 9944', 0, 0);
INSERT INTO album_review(user_id, album_id, rating, content, blinded, critic) VALUES(47, '6LD3J50OxLEQbAB8ahoj1S', 5, '코멘트 9304', 0, 0);
INSERT INTO album_review(user_id, album_id, rating, content, blinded, critic) VALUES(28, '05K5RSyTasOI8cQTFHhTLS', 1, '코멘트 8458', 0, 1);
INSERT INTO album_review(user_id, album_id, rating, content, blinded, critic) VALUES(100, '2q4uMcogIfSvbjZevQTIDL', 3, '코멘트 6136', 0, 0);
INSERT INTO album_review(user_id, album_id, rating, content, blinded, critic) VALUES(44, '55N0UTP5992idhnEYOKYd9', 4, '코멘트 3835', 0, 0);
INSERT INTO album_review(user_id, album_id, rating, content, blinded, critic) VALUES(81, '1ozpmkWcCHwsQ4QTnxOOdT', 2, '코멘트 1447', 0, 1);
INSERT INTO album_review(user_id, album_id, rating, content, blinded, critic) VALUES(34, '12INlMsFtBjyehNnawBv36', 3, '코멘트 659', 0, 1);
INSERT INTO album_review(user_id, album_id, rating, content, blinded, critic) VALUES(28, '6Exo0MYoL3XammoTDeihFy', 4, '코멘트 850', 0, 0);
INSERT INTO album_review(user_id, album_id, rating, content, blinded, critic) VALUES(59, '5NMtxQJy4wq3mpo3ERVnLs', 1, '코멘트 6913', 0, 1);
INSERT INTO album_review(user_id, album_id, rating, content, blinded, critic) VALUES(14, '3BQuktwdgPu30k6QSUslCr', 2, '코멘트 1455', 0, 0);
INSERT INTO album_review(user_id, album_id, rating, content, blinded, critic) VALUES(77, '6F87lH0I09qlrzvCCKc7lz', 5, '코멘트 7339', 0, 1);
INSERT INTO album_review(user_id, album_id, rating, content, blinded, critic) VALUES(84, '4a8uxN5j5ZSWuioZ9cHqWk', 4, '코멘트 5760', 0, 0);
INSERT INTO album_review(user_id, album_id, rating, content, blinded, critic) VALUES(78, '4yP0hdKOZPNshxUOjY0cZj', 3, '코멘트 7893', 0, 0);
INSERT INTO album_review(user_id, album_id, rating, content, blinded, critic) VALUES(59, '06me0leRR3AuF4IFiEytml', 3, '코멘트 1197', 0, 0);
INSERT INTO album_review(user_id, album_id, rating, content, blinded, critic) VALUES(41, '1z4Zl2hcCiRyB4uIPeqEfr', 2, '코멘트 7350', 0, 1);
INSERT INTO album_review(user_id, album_id, rating, content, blinded, critic) VALUES(77, '6vJRxj9GnmwXT7mKJqE61n', 4, '코멘트 498', 0, 0);
INSERT INTO album_review(user_id, album_id, rating, content, blinded, critic) VALUES(81, '5oT8PMXGWiPlhcl930fkII', 1, '코멘트 7566', 0, 0);
INSERT INTO album_review(user_id, album_id, rating, content, blinded, critic) VALUES(71, '54DNHFsfCa7nlQFWXMg7y3', 5, '코멘트 9312', 0, 1);
INSERT INTO album_review(user_id, album_id, rating, content, blinded, critic) VALUES(36, '7ybV3NCogLGAhBx75pB3ih', 3, '코멘트 4634', 0, 0);
INSERT INTO album_review(user_id, album_id, rating, content, blinded, critic) VALUES(85, '4sfwHIxFU5kcDqSdMENQsy', 4, '코멘트 7828', 0, 0);
INSERT INTO album_review(user_id, album_id, rating, content, blinded, critic) VALUES(94, '4aLnzOsnBf5gqTDMJn3XLz', 2, '코멘트 3038', 0, 0);
INSERT INTO album_review(user_id, album_id, rating, content, blinded, critic) VALUES(80, '1lXY618HWkwYKJWBRYR4MK', 5, '코멘트 4167', 0, 0);
INSERT INTO album_review(user_id, album_id, rating, content, blinded, critic) VALUES(7, '7yBnuW3SpMKy3EB9iU0C7p', 3, '코멘트 3554', 0, 0);
INSERT INTO album_review(user_id, album_id, rating, content, blinded, critic) VALUES(78, '2Fna4Tb7fme5aHsNMJtVtp', 1, '코멘트 648', 0, 0);
INSERT INTO album_review(user_id, album_id, rating, content, blinded, critic) VALUES(59, '1YItIfS2HNJkWIgaoj50SM', 3, '코멘트 4112', 0, 1);
INSERT INTO album_review(user_id, album_id, rating, content, blinded, critic) VALUES(53, '1NCgEqPlo1t2jCvmjpyiqD', 4, '코멘트 4528', 0, 0);
INSERT INTO album_review(user_id, album_id, rating, content, blinded, critic) VALUES(85, '7ikmjsvRzDRzxHN0KXSQdv', 4, '코멘트 2918', 0, 1);
INSERT INTO album_review(user_id, album_id, rating, content, blinded, critic) VALUES(58, '4lAdPVMD5IK4JrTkiQoaRf', 1, '코멘트 5205', 0, 0);
INSERT INTO album_review(user_id, album_id, rating, content, blinded, critic) VALUES(23, '1JirxaiYwz8hAxAk38rkeH', 1, '코멘트 7588', 0, 0);
INSERT INTO album_review(user_id, album_id, rating, content, blinded, critic) VALUES(3, '0cLXqY56lwJjG7QNG2mzu7', 1, '코멘트 7676', 0, 1);
INSERT INTO album_review(user_id, album_id, rating, content, blinded, critic) VALUES(85, '4OQEGCbts7MiJm8wfwC9BX', 4, '코멘트 2777', 0, 0);
INSERT INTO album_review(user_id, album_id, rating, content, blinded, critic) VALUES(80, '1V8uYmO4nGulH3YnSbBbWZ', 4, '코멘트 8554', 0, 1);
INSERT INTO album_review(user_id, album_id, rating, content, blinded, critic) VALUES(56, '6J84szYCnMfzEcvIcfWMFL', 1, '코멘트 7273', 0, 0);
INSERT INTO album_review(user_id, album_id, rating, content, blinded, critic) VALUES(32, '2xclonI4faQWl6lhqecGM5', 3, '코멘트 2893', 0, 0);
INSERT INTO album_review(user_id, album_id, rating, content, blinded, critic) VALUES(70, '49avguRc9qHbWv5Gjmj4nQ', 4, '코멘트 6195', 0, 0);
INSERT INTO album_review(user_id, album_id, rating, content, blinded, critic) VALUES(29, '7zCODUHkfuRxsUjtuzNqbd', 2, '코멘트 4363', 0, 1);
INSERT INTO album_review(user_id, album_id, rating, content, blinded, critic) VALUES(59, '6X1x82kppWZmDzlXXK3y3q', 4, '코멘트 8153', 0, 1);
INSERT INTO album_review(user_id, album_id, rating, content, blinded, critic) VALUES(22, '5EA4kogB3cZr2qykFlZDYV', 1, '코멘트 6227', 0, 1);
INSERT INTO album_review(user_id, album_id, rating, content, blinded, critic) VALUES(55, '3wtbBSjOhKOw7UdngHEDiO', 3, '코멘트 969', 0, 0);
INSERT INTO album_review(user_id, album_id, rating, content, blinded, critic) VALUES(60, '2xclonI4faQWl6lhqecGM5', 4, '코멘트 7541', 0, 1);
INSERT INTO album_review(user_id, album_id, rating, content, blinded, critic) VALUES(40, '3hhDpPtCFuQbppwYgsVhMO', 5, '코멘트 2703', 0, 1);
INSERT INTO album_review(user_id, album_id, rating, content, blinded, critic) VALUES(98, '7l5z6PdgRUaww549kUVeGO', 3, '코멘트 1471', 0, 0);
INSERT INTO album_review(user_id, album_id, rating, content, blinded, critic) VALUES(100, '6X1x82kppWZmDzlXXK3y3q', 4, '코멘트 2637', 0, 1);
INSERT INTO album_review(user_id, album_id, rating, content, blinded, critic) VALUES(66, '3KJrNl6UCBBXF7f4Fu14fG', 4, '코멘트 4169', 0, 1);
INSERT INTO album_review(user_id, album_id, rating, content, blinded, critic) VALUES(38, '3OxfaVgvTxUTy7276t7SPU', 2, '코멘트 6687', 0, 1);
INSERT INTO album_review(user_id, album_id, rating, content, blinded, critic) VALUES(80, '4nGujzCa6JLhMx7rHXE4J9', 2, '코멘트 7115', 0, 1);
INSERT INTO album_review(user_id, album_id, rating, content, blinded, critic) VALUES(44, '6TA0VcPiUH1a3tPRp3SjbC', 5, '코멘트 6388', 0, 0);
INSERT INTO album_review(user_id, album_id, rating, content, blinded, critic) VALUES(79, '2rwRvLdjGzjSYl9AS3UbvH', 4, '코멘트 6455', 0, 0);
INSERT INTO album_review(user_id, album_id, rating, content, blinded, critic) VALUES(98, '1ATL5GLyefJaxhQzSPVrLX', 1, '코멘트 4805', 0, 0);
INSERT INTO album_review(user_id, album_id, rating, content, blinded, critic) VALUES(33, '6Exo0MYoL3XammoTDeihFy', 1, '코멘트 8861', 0, 1);
INSERT INTO album_review(user_id, album_id, rating, content, blinded, critic) VALUES(9, '6yetqbA9vli7RLoUWYZLsq', 4, '코멘트 5258', 0, 0);
INSERT INTO album_review(user_id, album_id, rating, content, blinded, critic) VALUES(25, '4y0RwaWQvfCzYgbUrWwNl8', 2, '코멘트 3971', 0, 1);
INSERT INTO album_review(user_id, album_id, rating, content, blinded, critic) VALUES(37, '36cJnr7GCuGbuw0YQpjmTY', 2, '코멘트 7999', 0, 0);
INSERT INTO album_review(user_id, album_id, rating, content, blinded, critic) VALUES(94, '69xF8jTd0c4Zoo7DT3Rwrn', 2, '코멘트 5144', 0, 1);
INSERT INTO album_review(user_id, album_id, rating, content, blinded, critic) VALUES(26, '4q3wUuIReEjGSYzmSsxtl6', 1, '코멘트 844', 0, 0);
INSERT INTO album_review(user_id, album_id, rating, content, blinded, critic) VALUES(53, '0pjhLqD8bXav2eXgbnvzHE', 2, '코멘트 55', 0, 0);
INSERT INTO album_review(user_id, album_id, rating, content, blinded, critic) VALUES(73, '6OQ9gBfg5EXeNAEwGSs6jK', 4, '코멘트 6932', 0, 1);
INSERT INTO album_review(user_id, album_id, rating, content, blinded, critic) VALUES(26, '0jiAYLsE1PumLJncO7vUIl', 5, '코멘트 486', 0, 1);
INSERT INTO album_review(user_id, album_id, rating, content, blinded, critic) VALUES(10, '6yetqbA9vli7RLoUWYZLsq', 1, '코멘트 8561', 0, 1);
INSERT INTO album_review(user_id, album_id, rating, content, blinded, critic) VALUES(29, '4MtUmggE3ExRmzshLvmU9o', 3, '코멘트 3614', 0, 1);
INSERT INTO album_review(user_id, album_id, rating, content, blinded, critic) VALUES(73, '3vyyDkvYWC36DwgZCYd3Wu', 2, '코멘트 3684', 0, 1);
INSERT INTO album_review(user_id, album_id, rating, content, blinded, critic) VALUES(41, '2rTc5TdRP7hr7gE4h4lUR1', 3, '코멘트 6628', 0, 1);
INSERT INTO album_review(user_id, album_id, rating, content, blinded, critic) VALUES(77, '7iLdPmU6eUTwKsYifBQ6zb', 3, '코멘트 3228', 0, 0);
INSERT INTO album_review(user_id, album_id, rating, content, blinded, critic) VALUES(77, '1oJztb2MfwieRwHZ1t4NrN', 3, '코멘트 114', 0, 1);
INSERT INTO album_review(user_id, album_id, rating, content, blinded, critic) VALUES(79, '2nLOHgzXzwFEpl62zAgCEC', 1, '코멘트 2053', 0, 0);
INSERT INTO album_review(user_id, album_id, rating, content, blinded, critic) VALUES(93, '3cjssumQEsRatYlYG5K86T', 5, '코멘트 2797', 0, 0);
INSERT INTO album_review(user_id, album_id, rating, content, blinded, critic) VALUES(50, '1LShhEEKRT5MNPcO7jtYHh', 5, '코멘트 6092', 0, 1);
INSERT INTO album_review(user_id, album_id, rating, content, blinded, critic) VALUES(41, '0t98iMat2EXJthAhr844Sx', 2, '코멘트 6585', 0, 0);
INSERT INTO album_review(user_id, album_id, rating, content, blinded, critic) VALUES(16, '0219JhsyibMkftKsI94Mv1', 4, '코멘트 1282', 0, 1);
INSERT INTO album_review(user_id, album_id, rating, content, blinded, critic) VALUES(49, '0xjql3TEYd34hlAky4Ck2z', 3, '코멘트 3926', 0, 0);
INSERT INTO album_review(user_id, album_id, rating, content, blinded, critic) VALUES(66, '4yJNcgX3otzDbMMyrdJBN5', 2, '코멘트 3688', 0, 0);
INSERT INTO album_review(user_id, album_id, rating, content, blinded, critic) VALUES(70, '2q4uMcogIfSvbjZevQTIDL', 4, '코멘트 8239', 0, 0);
INSERT INTO album_review(user_id, album_id, rating, content, blinded, critic) VALUES(51, '1LShhEEKRT5MNPcO7jtYHh', 4, '코멘트 2722', 0, 0);
INSERT INTO album_review(user_id, album_id, rating, content, blinded, critic) VALUES(31, '7ybV3NCogLGAhBx75pB3ih', 5, '코멘트 705', 0, 1);
INSERT INTO album_review(user_id, album_id, rating, content, blinded, critic) VALUES(25, '3xIwVbGJuAcovYIhzbLO3J', 3, '코멘트 5420', 0, 0);
INSERT INTO album_review(user_id, album_id, rating, content, blinded, critic) VALUES(62, '55N0UTP5992idhnEYOKYd9', 3, '코멘트 6408', 0, 0);
INSERT INTO album_review(user_id, album_id, rating, content, blinded, critic) VALUES(42, '7tzVd1fwkxsorytCBjEJkU', 2, '코멘트 7857', 0, 1);
INSERT INTO track_review(user_id, track_id, rating, content, blinded, critic) VALUES(74, '7HX1VOiPj1oMlgZ3OQ92B6', 4, '리뷰 5614', 0, 0);
INSERT INTO track_review(user_id, track_id, rating, content, blinded, critic) VALUES(35, '4coENUbKuiuFb0C38uqFTi', 5, '리뷰 7113', 0, 0);
INSERT INTO track_review(user_id, track_id, rating, content, blinded, critic) VALUES(37, '0r9tyybf8eV2cvSpBnQH0e', 5, '리뷰 2735', 0, 0);
INSERT INTO track_review(user_id, track_id, rating, content, blinded, critic) VALUES(18, '2rOJPyasbcVXcsLheZEVt0', 1, '리뷰 4391', 0, 0);
INSERT INTO track_review(user_id, track_id, rating, content, blinded, critic) VALUES(67, '49PBvg9QELHDx3bMHRTA2s', 2, '리뷰 9463', 0, 1);
INSERT INTO track_review(user_id, track_id, rating, content, blinded, critic) VALUES(26, '6knNhL3mIaackJvtjmUrfN', 1, '리뷰 2112', 0, 0);
INSERT INTO track_review(user_id, track_id, rating, content, blinded, critic) VALUES(4, '1us5wNgZc0YLT8RQQs2Q7L', 2, '리뷰 105', 0, 0);
INSERT INTO track_review(user_id, track_id, rating, content, blinded, critic) VALUES(68, '3SnXwQUrvSacFziUYXTNKY', 1, '리뷰 578', 0, 0);
INSERT INTO track_review(user_id, track_id, rating, content, blinded, critic) VALUES(33, '7KU3A1fotuV0GXY1doHFT8', 4, '리뷰 7155', 0, 1);
INSERT INTO track_review(user_id, track_id, rating, content, blinded, critic) VALUES(58, '51jiSRzeecKDqQmqm7Qm9C', 4, '리뷰 9400', 0, 1);
INSERT INTO track_review(user_id, track_id, rating, content, blinded, critic) VALUES(93, '6Q3lFQgpvhA9VApFKLFZtZ', 2, '리뷰 42', 0, 0);
INSERT INTO track_review(user_id, track_id, rating, content, blinded, critic) VALUES(87, '5RoqWTV72C8GZhHmQqBh7O', 3, '리뷰 6300', 0, 1);
INSERT INTO track_review(user_id, track_id, rating, content, blinded, critic) VALUES(96, '7Kd39JsnLyJLEXNeWUi3T9', 2, '리뷰 8124', 0, 0);
INSERT INTO track_review(user_id, track_id, rating, content, blinded, critic) VALUES(59, '3RUVLIRUNA3KHLt8pd8PL6', 4, '리뷰 9023', 0, 1);
INSERT INTO track_review(user_id, track_id, rating, content, blinded, critic) VALUES(88, '2yD6jt9CQQApZc9MAVHeJn', 2, '리뷰 8999', 0, 0);
INSERT INTO track_review(user_id, track_id, rating, content, blinded, critic) VALUES(73, '3dbLT62Cvs46Ju7a8gpr36', 5, '리뷰 7640', 0, 1);
INSERT INTO track_review(user_id, track_id, rating, content, blinded, critic) VALUES(35, '34QlcZ3BZxRrZh4x3jMm1A', 5, '리뷰 1443', 0, 1);
INSERT INTO track_review(user_id, track_id, rating, content, blinded, critic) VALUES(41, '7LgNjQL79QIxTpYOJ4c0R2', 3, '리뷰 2930', 0, 0);
INSERT INTO track_review(user_id, track_id, rating, content, blinded, critic) VALUES(20, '2JXtnYipvED0oh36MJ9YyM', 1, '리뷰 9752', 0, 0);
INSERT INTO track_review(user_id, track_id, rating, content, blinded, critic) VALUES(55, '4z66pUh3MsTiZIofVjKLuE', 3, '리뷰 1818', 0, 0);
INSERT INTO track_review(user_id, track_id, rating, content, blinded, critic) VALUES(51, '2DsrtZoRxeHdCSGRlQVQtj', 5, '리뷰 5716', 0, 1);
INSERT INTO track_review(user_id, track_id, rating, content, blinded, critic) VALUES(16, '5PjyQ1UDDAT4mIiTYI320C', 4, '리뷰 8034', 0, 0);
INSERT INTO track_review(user_id, track_id, rating, content, blinded, critic) VALUES(11, '7DKS0rX27cCEPsK0R6tFWS', 5, '리뷰 9306', 0, 1);
INSERT INTO track_review(user_id, track_id, rating, content, blinded, critic) VALUES(34, '3KyKxJ4P3pVCgaZwaq2rUC', 1, '리뷰 7642', 0, 0);
INSERT INTO track_review(user_id, track_id, rating, content, blinded, critic) VALUES(54, '1BEMASUZQDqN5UGxMb1m6A', 4, '리뷰 5874', 0, 1);
INSERT INTO track_review(user_id, track_id, rating, content, blinded, critic) VALUES(57, '4BhGTc3Cgay2U1QcTS7vQe', 2, '리뷰 7580', 0, 1);
INSERT INTO track_review(user_id, track_id, rating, content, blinded, critic) VALUES(70, '3DBumrwaikaisVDQdcM7jU', 4, '리뷰 5045', 0, 0);
INSERT INTO track_review(user_id, track_id, rating, content, blinded, critic) VALUES(6, '364ciSfW74iruR0KZcycP4', 3, '리뷰 4516', 0, 1);
INSERT INTO track_review(user_id, track_id, rating, content, blinded, critic) VALUES(60, '0YQ7hl18bXabKzuTE0VwMV', 2, '리뷰 9278', 0, 0);
INSERT INTO track_review(user_id, track_id, rating, content, blinded, critic) VALUES(99, '6Uj2XaahtYXK2WeD7GGwBY', 3, '리뷰 6043', 0, 0);
INSERT INTO track_review(user_id, track_id, rating, content, blinded, critic) VALUES(53, '6XZ8C5etRn0kiS1wwuW0SO', 3, '리뷰 7375', 0, 0);
INSERT INTO track_review(user_id, track_id, rating, content, blinded, critic) VALUES(46, '3TVnaEVbUBFmWYk9IOIwRo', 4, '리뷰 8799', 0, 0);
INSERT INTO track_review(user_id, track_id, rating, content, blinded, critic) VALUES(83, '1cKHdTo9u0ZymJdPGSh6nq', 1, '리뷰 8541', 0, 1);
INSERT INTO track_review(user_id, track_id, rating, content, blinded, critic) VALUES(22, '3weHnt82LuCTMa2AnZFM78', 1, '리뷰 2531', 0, 1);
INSERT INTO track_review(user_id, track_id, rating, content, blinded, critic) VALUES(82, '2CFhTND54uE5carTvSeILv', 4, '리뷰 1663', 0, 0);
INSERT INTO track_review(user_id, track_id, rating, content, blinded, critic) VALUES(68, '4823f9W4xmR3n1BebPyNaR', 1, '리뷰 2603', 0, 1);
INSERT INTO track_review(user_id, track_id, rating, content, blinded, critic) VALUES(71, '4jzrYUhlzXROpV5M944Yvu', 3, '리뷰 9302', 0, 0);
INSERT INTO track_review(user_id, track_id, rating, content, blinded, critic) VALUES(21, '7aqfrAY2p9BUSiupwk3svU', 4, '리뷰 8109', 0, 1);
INSERT INTO track_review(user_id, track_id, rating, content, blinded, critic) VALUES(3, '4JoV6ys443Oxx4SUxlA8yt', 3, '리뷰 6700', 0, 1);
INSERT INTO track_review(user_id, track_id, rating, content, blinded, critic) VALUES(48, '0ymDgXNt5qdPZmeSpAf3P0', 4, '리뷰 9023', 0, 0);
INSERT INTO track_review(user_id, track_id, rating, content, blinded, critic) VALUES(75, '4kJn7armCJDav48yCu3yKh', 1, '리뷰 1583', 0, 1);
INSERT INTO track_review(user_id, track_id, rating, content, blinded, critic) VALUES(27, '36YCdzT57us0LhDmCYtrNE', 3, '리뷰 688', 0, 1);
INSERT INTO track_review(user_id, track_id, rating, content, blinded, critic) VALUES(71, '2D4dV2KXDTszzJ3p3cFqhA', 2, '리뷰 6456', 0, 1);
INSERT INTO track_review(user_id, track_id, rating, content, blinded, critic) VALUES(46, '38eKmp6QjELXKgLh0pePfG', 3, '리뷰 1522', 0, 0);
INSERT INTO track_review(user_id, track_id, rating, content, blinded, critic) VALUES(17, '1gGU3FKR2pXcYpaLb4fAVn', 2, '리뷰 1253', 0, 1);
INSERT INTO track_review(user_id, track_id, rating, content, blinded, critic) VALUES(86, '5HUQPQ9E1a4er4UhB8C7Rc', 4, '리뷰 5744', 0, 0);
INSERT INTO track_review(user_id, track_id, rating, content, blinded, critic) VALUES(6, '0B5OTb36fzLayn6XQHg5A1', 2, '리뷰 9550', 0, 1);
INSERT INTO track_review(user_id, track_id, rating, content, blinded, critic) VALUES(74, '4K3BhUMfBHZuUfeC3kbhrQ', 3, '리뷰 9888', 0, 1);
INSERT INTO track_review(user_id, track_id, rating, content, blinded, critic) VALUES(97, '37Nqx7iavZpotJSDXZWbJ3', 1, '리뷰 5394', 0, 0);
INSERT INTO track_review(user_id, track_id, rating, content, blinded, critic) VALUES(89, '0jcXavoOHe9f99PE2sLg6T', 2, '리뷰 2202', 0, 0);
INSERT INTO track_review(user_id, track_id, rating, content, blinded, critic) VALUES(59, '51jiSRzeecKDqQmqm7Qm9C', 4, '리뷰 1174', 0, 0);
INSERT INTO track_review(user_id, track_id, rating, content, blinded, critic) VALUES(92, '40MXr7BMh3ShPf2b9giSRt', 3, '리뷰 2205', 0, 0);
INSERT INTO track_review(user_id, track_id, rating, content, blinded, critic) VALUES(70, '38eKmp6QjELXKgLh0pePfG', 3, '리뷰 8251', 0, 0);
INSERT INTO track_review(user_id, track_id, rating, content, blinded, critic) VALUES(28, '5eJvtHFpdYgzHbcidqijCy', 4, '리뷰 7186', 0, 1);
INSERT INTO track_review(user_id, track_id, rating, content, blinded, critic) VALUES(66, '1E5Xu8dur0fAjSP1VpVhAZ', 4, '리뷰 5448', 0, 1);
INSERT INTO track_review(user_id, track_id, rating, content, blinded, critic) VALUES(76, '43iKgGbmfqPLh3mxUlospI', 5, '리뷰 1383', 0, 0);
INSERT INTO track_review(user_id, track_id, rating, content, blinded, critic) VALUES(95, '0nAZGkBGKQCXyaoSJfRhC1', 1, '리뷰 733', 0, 0);
INSERT INTO track_review(user_id, track_id, rating, content, blinded, critic) VALUES(8, '1X1BT1SyKnzrvsjao6R5wN', 4, '리뷰 6453', 0, 1);
INSERT INTO track_review(user_id, track_id, rating, content, blinded, critic) VALUES(41, '08XWh5c0BMyD1nKVxxl91z', 3, '리뷰 1046', 0, 0);
INSERT INTO track_review(user_id, track_id, rating, content, blinded, critic) VALUES(25, '2t9f491bZPReKdu6hH4dRk', 1, '리뷰 9511', 0, 0);
INSERT INTO track_review(user_id, track_id, rating, content, blinded, critic) VALUES(18, '2GkxcNcIy05smHTiG88fet', 1, '리뷰 4881', 0, 1);
INSERT INTO track_review(user_id, track_id, rating, content, blinded, critic) VALUES(7, '6l1dTAhX7P6EKvA11NLNuW', 4, '리뷰 6728', 0, 1);
INSERT INTO track_review(user_id, track_id, rating, content, blinded, critic) VALUES(51, '4D1ixkJ5oQwLangrMs8TyB', 2, '리뷰 4120', 0, 1);
INSERT INTO track_review(user_id, track_id, rating, content, blinded, critic) VALUES(5, '0sTBOp1hdayTjw6UOyPyi6', 3, '리뷰 4110', 0, 0);
INSERT INTO track_review(user_id, track_id, rating, content, blinded, critic) VALUES(55, '1I2MEjnS9c4OPMnKWbIuYs', 1, '리뷰 6482', 0, 1);
INSERT INTO track_review(user_id, track_id, rating, content, blinded, critic) VALUES(10, '34D6FJysnQioVingDKufuf', 1, '리뷰 2569', 0, 0);
INSERT INTO track_review(user_id, track_id, rating, content, blinded, critic) VALUES(36, '5M2lX0ZAYSAzCs1xPPi9BX', 2, '리뷰 4083', 0, 1);
INSERT INTO track_review(user_id, track_id, rating, content, blinded, critic) VALUES(93, '0wQAFwLtz1WSfFALy5iOyN', 5, '리뷰 2055', 0, 0);
INSERT INTO track_review(user_id, track_id, rating, content, blinded, critic) VALUES(23, '2D5fYMRm0Fm1kDt4IvccGM', 3, '리뷰 346', 0, 0);
INSERT INTO track_review(user_id, track_id, rating, content, blinded, critic) VALUES(64, '40iJIUlhi6renaREYGeIDS', 1, '리뷰 5766', 0, 0);
INSERT INTO track_review(user_id, track_id, rating, content, blinded, critic) VALUES(23, '5ECz2phQLQWNGbKUlN8AAS', 2, '리뷰 1028', 0, 1);
INSERT INTO track_review(user_id, track_id, rating, content, blinded, critic) VALUES(46, '0fmtziRRsJocN4Sv5I0vkr', 4, '리뷰 7261', 0, 0);
INSERT INTO track_review(user_id, track_id, rating, content, blinded, critic) VALUES(19, '4bF4MxTGnNj8dTW0LZmAx5', 1, '리뷰 8747', 0, 0);
INSERT INTO track_review(user_id, track_id, rating, content, blinded, critic) VALUES(53, '7J1P951xPFJa07HNTDnmxy', 4, '리뷰 615', 0, 1);
INSERT INTO track_review(user_id, track_id, rating, content, blinded, critic) VALUES(15, '0Nwar8rweBUyfyuoyjjUvk', 1, '리뷰 4201', 0, 0);
INSERT INTO track_review(user_id, track_id, rating, content, blinded, critic) VALUES(16, '6DCZcSspjsKoFjzjrWoCdn', 5, '리뷰 53', 0, 1);
INSERT INTO track_review(user_id, track_id, rating, content, blinded, critic) VALUES(68, '12Yy0hZrUebGnr3IrppPnW', 4, '리뷰 2490', 0, 0);
INSERT INTO track_review(user_id, track_id, rating, content, blinded, critic) VALUES(46, '1gZADNt16Oh23jWyMYRk4p', 4, '리뷰 4781', 0, 1);
INSERT INTO track_review(user_id, track_id, rating, content, blinded, critic) VALUES(63, '3dgQqOiQ9fCKVhNOedd2lf', 4, '리뷰 9545', 0, 1);
INSERT INTO track_review(user_id, track_id, rating, content, blinded, critic) VALUES(90, '3ABi5sVjvEp08IQEKh8BmG', 1, '리뷰 1865', 0, 0);
INSERT INTO track_review(user_id, track_id, rating, content, blinded, critic) VALUES(88, '1I6pKIyaBp4OebTGLJpCCC', 3, '리뷰 7521', 0, 1);
INSERT INTO track_review(user_id, track_id, rating, content, blinded, critic) VALUES(6, '3k9WRYmrEqCyrtzE4Lf3hv', 2, '리뷰 3263', 0, 1);
INSERT INTO track_review(user_id, track_id, rating, content, blinded, critic) VALUES(64, '5oAOK7xCJD8hzp9PuxjULL', 3, '리뷰 8008', 0, 1);
INSERT INTO track_review(user_id, track_id, rating, content, blinded, critic) VALUES(57, '6jDGDtQPC46pFqxph3qdbD', 3, '리뷰 7856', 0, 0);
INSERT INTO track_review(user_id, track_id, rating, content, blinded, critic) VALUES(23, '3Upq1Ljn7YpFS6jJL13glH', 3, '리뷰 7113', 0, 1);
INSERT INTO track_review(user_id, track_id, rating, content, blinded, critic) VALUES(85, '7uVKvaDWDpss7Ldj9kypLX', 3, '리뷰 3669', 0, 1);
INSERT INTO track_review(user_id, track_id, rating, content, blinded, critic) VALUES(9, '7cJm6ENCOTONwAMBPN1U9r', 3, '리뷰 2839', 0, 0);
INSERT INTO track_review(user_id, track_id, rating, content, blinded, critic) VALUES(39, '4ppTAJUbNXELZcoUaL90wo', 3, '리뷰 2677', 0, 0);
INSERT INTO track_review(user_id, track_id, rating, content, blinded, critic) VALUES(51, '3NxAG2ni1lLa8RKL6a0INc', 1, '리뷰 4727', 0, 1);
INSERT INTO track_review(user_id, track_id, rating, content, blinded, critic) VALUES(59, '7skxtd9x0d05fjz4D7w3t2', 4, '리뷰 1893', 0, 0);
INSERT INTO track_review(user_id, track_id, rating, content, blinded, critic) VALUES(20, '6H0uHtgOFj6EGmnJfVwXpx', 3, '리뷰 8787', 0, 1);
INSERT INTO track_review(user_id, track_id, rating, content, blinded, critic) VALUES(47, '5Ermk04tSk2Z7mfVDcP6EG', 1, '리뷰 4338', 0, 0);
INSERT INTO track_review(user_id, track_id, rating, content, blinded, critic) VALUES(88, '0MW6ssRaOVUfMToUp3YEZW', 5, '리뷰 8809', 0, 1);
INSERT INTO track_review(user_id, track_id, rating, content, blinded, critic) VALUES(100, '2uvBprdlMpzeN5Bq0PzMBI', 3, '리뷰 1983', 0, 0);
INSERT INTO track_review(user_id, track_id, rating, content, blinded, critic) VALUES(6, '28N8gvR5Mo8d23XL4cFptk', 4, '리뷰 9322', 0, 0);
INSERT INTO track_review(user_id, track_id, rating, content, blinded, critic) VALUES(50, '3xrYWQcYn1mcix1xc3m4BR', 2, '리뷰 9465', 0, 1);
INSERT INTO track_review(user_id, track_id, rating, content, blinded, critic) VALUES(18, '41J8SYwb9YHzPjpbXouIkS', 4, '리뷰 2697', 0, 1);
INSERT INTO track_review(user_id, track_id, rating, content, blinded, critic) VALUES(23, '79XrkTOfV1AqySNjVlygpW', 3, '리뷰 4140', 0, 1);
INSERT INTO track_review(user_id, track_id, rating, content, blinded, critic) VALUES(61, '7cw1tFoH677J2zytWQvh5r', 1, '리뷰 4056', 0, 1);
INSERT INTO track_review(user_id, track_id, rating, content, blinded, critic) VALUES(11, '3r5lHFACTti0w2REN5tcrn', 4, '리뷰 9528', 0, 0);
INSERT INTO comment(id, content, user_id, type, target_id) VALUES (1, '댓글 내용 1', 30, 'playlist', 132);
INSERT INTO comment(id, content, user_id, type, target_id) VALUES (2, '댓글 내용 2', 93, 'comment', 1);
INSERT INTO comment(id, content, user_id, type, target_id) VALUES (3, '댓글 내용 3', 17, 'playlist', 263);
INSERT INTO comment(id, content, user_id, type, target_id) VALUES (4, '댓글 내용 4', 45, 'comment', 2);
INSERT INTO comment(id, content, user_id, type, target_id) VALUES (5, '댓글 내용 5', 56, 'playlist', 55);
INSERT INTO comment(id, content, user_id, type, target_id) VALUES (6, '댓글 내용 6', 48, 'posts', 166);
INSERT INTO comment(id, content, user_id, type, target_id) VALUES (7, '댓글 내용 7', 16, 'posts', 886);
INSERT INTO comment(id, content, user_id, type, target_id) VALUES (8, '댓글 내용 8', 70, 'playlist', 17);
INSERT INTO comment(id, content, user_id, type, target_id) VALUES (9, '댓글 내용 9', 50, 'comment', 2);
INSERT INTO comment(id, content, user_id, type, target_id) VALUES (10, '댓글 내용 10', 7, 'posts', 481);
INSERT INTO comment(id, content, user_id, type, target_id) VALUES (11, '댓글 내용 11', 23, 'playlist', 31);
INSERT INTO comment(id, content, user_id, type, target_id) VALUES (12, '댓글 내용 12', 48, 'comment', 11);
INSERT INTO comment(id, content, user_id, type, target_id) VALUES (13, '댓글 내용 13', 32, 'posts', 279);
INSERT INTO comment(id, content, user_id, type, target_id) VALUES (14, '댓글 내용 14', 89, 'playlist', 127);
INSERT INTO comment(id, content, user_id, type, target_id) VALUES (15, '댓글 내용 15', 5, 'posts', 124);
INSERT INTO comment(id, content, user_id, type, target_id) VALUES (16, '댓글 내용 16', 54, 'posts', 179);
INSERT INTO comment(id, content, user_id, type, target_id) VALUES (17, '댓글 내용 17', 35, 'playlist', 182);
INSERT INTO comment(id, content, user_id, type, target_id) VALUES (18, '댓글 내용 18', 89, 'playlist', 135);
INSERT INTO comment(id, content, user_id, type, target_id) VALUES (19, '댓글 내용 19', 79, 'posts', 364);
INSERT INTO comment(id, content, user_id, type, target_id) VALUES (20, '댓글 내용 20', 100, 'comment', 7);
INSERT INTO comment(id, content, user_id, type, target_id) VALUES (21, '댓글 내용 21', 40, 'playlist', 109);
INSERT INTO comment(id, content, user_id, type, target_id) VALUES (22, '댓글 내용 22', 17, 'comment', 20);
INSERT INTO comment(id, content, user_id, type, target_id) VALUES (23, '댓글 내용 23', 83, 'comment', 9);
INSERT INTO comment(id, content, user_id, type, target_id) VALUES (24, '댓글 내용 24', 19, 'posts', 824);
INSERT INTO comment(id, content, user_id, type, target_id) VALUES (25, '댓글 내용 25', 83, 'posts', 917);
INSERT INTO comment(id, content, user_id, type, target_id) VALUES (26, '댓글 내용 26', 27, 'comment', 4);
INSERT INTO comment(id, content, user_id, type, target_id) VALUES (27, '댓글 내용 27', 43, 'comment', 8);
INSERT INTO comment(id, content, user_id, type, target_id) VALUES (28, '댓글 내용 28', 17, 'posts', 98);
INSERT INTO comment(id, content, user_id, type, target_id) VALUES (29, '댓글 내용 29', 30, 'posts', 290);
INSERT INTO comment(id, content, user_id, type, target_id) VALUES (30, '댓글 내용 30', 13, 'posts', 894);
INSERT INTO comment(id, content, user_id, type, target_id) VALUES (31, '댓글 내용 31', 84, 'posts', 218);
INSERT INTO comment(id, content, user_id, type, target_id) VALUES (32, '댓글 내용 32', 96, 'posts', 240);
INSERT INTO comment(id, content, user_id, type, target_id) VALUES (33, '댓글 내용 33', 60, 'comment', 2);
INSERT INTO comment(id, content, user_id, type, target_id) VALUES (34, '댓글 내용 34', 91, 'posts', 359);
INSERT INTO comment(id, content, user_id, type, target_id) VALUES (35, '댓글 내용 35', 10, 'comment', 10);
INSERT INTO comment(id, content, user_id, type, target_id) VALUES (36, '댓글 내용 36', 54, 'comment', 16);
INSERT INTO comment(id, content, user_id, type, target_id) VALUES (37, '댓글 내용 37', 93, 'playlist', 172);
INSERT INTO comment(id, content, user_id, type, target_id) VALUES (38, '댓글 내용 38', 13, 'comment', 9);
INSERT INTO comment(id, content, user_id, type, target_id) VALUES (39, '댓글 내용 39', 27, 'comment', 29);
INSERT INTO comment(id, content, user_id, type, target_id) VALUES (40, '댓글 내용 40', 36, 'playlist', 122);
INSERT INTO comment(id, content, user_id, type, target_id) VALUES (41, '댓글 내용 41', 23, 'comment', 7);
INSERT INTO comment(id, content, user_id, type, target_id) VALUES (42, '댓글 내용 42', 1, 'comment', 13);
INSERT INTO comment(id, content, user_id, type, target_id) VALUES (43, '댓글 내용 43', 25, 'comment', 24);
INSERT INTO comment(id, content, user_id, type, target_id) VALUES (44, '댓글 내용 44', 8, 'comment', 7);
INSERT INTO comment(id, content, user_id, type, target_id) VALUES (45, '댓글 내용 45', 10, 'comment', 4);
INSERT INTO comment(id, content, user_id, type, target_id) VALUES (46, '댓글 내용 46', 63, 'playlist', 260);
INSERT INTO comment(id, content, user_id, type, target_id) VALUES (47, '댓글 내용 47', 88, 'playlist', 205);
INSERT INTO comment(id, content, user_id, type, target_id) VALUES (48, '댓글 내용 48', 49, 'posts', 770);
INSERT INTO comment(id, content, user_id, type, target_id) VALUES (49, '댓글 내용 49', 7, 'posts', 343);
INSERT INTO comment(id, content, user_id, type, target_id) VALUES (50, '댓글 내용 50', 11, 'playlist', 39);
INSERT INTO comment(id, content, user_id, type, target_id) VALUES (51, '댓글 내용 51', 97, 'posts', 924);
INSERT INTO comment(id, content, user_id, type, target_id) VALUES (52, '댓글 내용 52', 21, 'posts', 268);
INSERT INTO comment(id, content, user_id, type, target_id) VALUES (53, '댓글 내용 53', 11, 'posts', 194);
INSERT INTO comment(id, content, user_id, type, target_id) VALUES (54, '댓글 내용 54', 50, 'posts', 943);
INSERT INTO comment(id, content, user_id, type, target_id) VALUES (55, '댓글 내용 55', 42, 'playlist', 4);
INSERT INTO comment(id, content, user_id, type, target_id) VALUES (56, '댓글 내용 56', 36, 'comment', 24);
INSERT INTO comment(id, content, user_id, type, target_id) VALUES (57, '댓글 내용 57', 46, 'playlist', 251);
INSERT INTO comment(id, content, user_id, type, target_id) VALUES (58, '댓글 내용 58', 82, 'posts', 788);
INSERT INTO comment(id, content, user_id, type, target_id) VALUES (59, '댓글 내용 59', 54, 'playlist', 97);
INSERT INTO comment(id, content, user_id, type, target_id) VALUES (60, '댓글 내용 60', 5, 'comment', 32);
INSERT INTO comment(id, content, user_id, type, target_id) VALUES (61, '댓글 내용 61', 63, 'comment', 23);
INSERT INTO comment(id, content, user_id, type, target_id) VALUES (62, '댓글 내용 62', 5, 'comment', 44);
INSERT INTO comment(id, content, user_id, type, target_id) VALUES (63, '댓글 내용 63', 9, 'playlist', 63);
INSERT INTO comment(id, content, user_id, type, target_id) VALUES (64, '댓글 내용 64', 16, 'comment', 13);
INSERT INTO comment(id, content, user_id, type, target_id) VALUES (65, '댓글 내용 65', 14, 'comment', 33);
INSERT INTO comment(id, content, user_id, type, target_id) VALUES (66, '댓글 내용 66', 80, 'comment', 25);
INSERT INTO comment(id, content, user_id, type, target_id) VALUES (67, '댓글 내용 67', 7, 'posts', 654);
INSERT INTO comment(id, content, user_id, type, target_id) VALUES (68, '댓글 내용 68', 16, 'comment', 8);
INSERT INTO comment(id, content, user_id, type, target_id) VALUES (69, '댓글 내용 69', 14, 'posts', 339);
INSERT INTO comment(id, content, user_id, type, target_id) VALUES (70, '댓글 내용 70', 74, 'comment', 44);
INSERT INTO comment(id, content, user_id, type, target_id) VALUES (71, '댓글 내용 71', 80, 'comment', 61);
INSERT INTO comment(id, content, user_id, type, target_id) VALUES (72, '댓글 내용 72', 96, 'posts', 954);
INSERT INTO comment(id, content, user_id, type, target_id) VALUES (73, '댓글 내용 73', 72, 'playlist', 184);
INSERT INTO comment(id, content, user_id, type, target_id) VALUES (74, '댓글 내용 74', 19, 'comment', 48);
INSERT INTO comment(id, content, user_id, type, target_id) VALUES (75, '댓글 내용 75', 37, 'posts', 266);
INSERT INTO comment(id, content, user_id, type, target_id) VALUES (76, '댓글 내용 76', 39, 'playlist', 223);
INSERT INTO comment(id, content, user_id, type, target_id) VALUES (77, '댓글 내용 77', 73, 'comment', 69);
INSERT INTO comment(id, content, user_id, type, target_id) VALUES (78, '댓글 내용 78', 58, 'posts', 148);
INSERT INTO comment(id, content, user_id, type, target_id) VALUES (79, '댓글 내용 79', 21, 'posts', 214);
INSERT INTO comment(id, content, user_id, type, target_id) VALUES (80, '댓글 내용 80', 61, 'comment', 55);
INSERT INTO comment(id, content, user_id, type, target_id) VALUES (81, '댓글 내용 81', 24, 'playlist', 12);
INSERT INTO comment(id, content, user_id, type, target_id) VALUES (82, '댓글 내용 82', 15, 'posts', 298);
INSERT INTO comment(id, content, user_id, type, target_id) VALUES (83, '댓글 내용 83', 46, 'playlist', 193);
INSERT INTO comment(id, content, user_id, type, target_id) VALUES (84, '댓글 내용 84', 70, 'playlist', 28);
INSERT INTO comment(id, content, user_id, type, target_id) VALUES (85, '댓글 내용 85', 26, 'posts', 269);
INSERT INTO comment(id, content, user_id, type, target_id) VALUES (86, '댓글 내용 86', 7, 'playlist', 104);
INSERT INTO comment(id, content, user_id, type, target_id) VALUES (87, '댓글 내용 87', 37, 'comment', 54);
INSERT INTO comment(id, content, user_id, type, target_id) VALUES (88, '댓글 내용 88', 88, 'posts', 711);
INSERT INTO comment(id, content, user_id, type, target_id) VALUES (89, '댓글 내용 89', 68, 'playlist', 46);
INSERT INTO comment(id, content, user_id, type, target_id) VALUES (90, '댓글 내용 90', 38, 'comment', 66);
INSERT INTO comment(id, content, user_id, type, target_id) VALUES (91, '댓글 내용 91', 69, 'comment', 51);
INSERT INTO comment(id, content, user_id, type, target_id) VALUES (92, '댓글 내용 92', 56, 'comment', 70);
INSERT INTO comment(id, content, user_id, type, target_id) VALUES (93, '댓글 내용 93', 64, 'playlist', 287);
INSERT INTO comment(id, content, user_id, type, target_id) VALUES (94, '댓글 내용 94', 100, 'playlist', 163);
INSERT INTO comment(id, content, user_id, type, target_id) VALUES (95, '댓글 내용 95', 20, 'comment', 13);
INSERT INTO comment(id, content, user_id, type, target_id) VALUES (96, '댓글 내용 96', 36, 'comment', 87);
INSERT INTO comment(id, content, user_id, type, target_id) VALUES (97, '댓글 내용 97', 2, 'comment', 15);
INSERT INTO comment(id, content, user_id, type, target_id) VALUES (98, '댓글 내용 98', 34, 'posts', 369);
INSERT INTO comment(id, content, user_id, type, target_id) VALUES (99, '댓글 내용 99', 36, 'playlist', 113);
INSERT INTO comment(id, content, user_id, type, target_id) VALUES (100, '댓글 내용 100', 16, 'posts', 175);
INSERT INTO comment(id, content, user_id, type, target_id) VALUES (101, '댓글 내용 101', 28, 'posts', 758);
INSERT INTO comment(id, content, user_id, type, target_id) VALUES (102, '댓글 내용 102', 66, 'playlist', 291);
INSERT INTO comment(id, content, user_id, type, target_id) VALUES (103, '댓글 내용 103', 94, 'comment', 70);
INSERT INTO comment(id, content, user_id, type, target_id) VALUES (104, '댓글 내용 104', 72, 'posts', 948);
INSERT INTO comment(id, content, user_id, type, target_id) VALUES (105, '댓글 내용 105', 81, 'comment', 23);
INSERT INTO comment(id, content, user_id, type, target_id) VALUES (106, '댓글 내용 106', 47, 'playlist', 67);
INSERT INTO comment(id, content, user_id, type, target_id) VALUES (107, '댓글 내용 107', 6, 'posts', 678);
INSERT INTO comment(id, content, user_id, type, target_id) VALUES (108, '댓글 내용 108', 79, 'playlist', 171);
INSERT INTO comment(id, content, user_id, type, target_id) VALUES (109, '댓글 내용 109', 53, 'comment', 65);
INSERT INTO comment(id, content, user_id, type, target_id) VALUES (110, '댓글 내용 110', 18, 'posts', 747);
INSERT INTO comment(id, content, user_id, type, target_id) VALUES (111, '댓글 내용 111', 73, 'comment', 64);
INSERT INTO comment(id, content, user_id, type, target_id) VALUES (112, '댓글 내용 112', 39, 'comment', 50);
INSERT INTO comment(id, content, user_id, type, target_id) VALUES (113, '댓글 내용 113', 25, 'playlist', 241);
INSERT INTO comment(id, content, user_id, type, target_id) VALUES (114, '댓글 내용 114', 52, 'comment', 84);
INSERT INTO comment(id, content, user_id, type, target_id) VALUES (115, '댓글 내용 115', 4, 'comment', 95);
INSERT INTO comment(id, content, user_id, type, target_id) VALUES (116, '댓글 내용 116', 75, 'playlist', 248);
INSERT INTO comment(id, content, user_id, type, target_id) VALUES (117, '댓글 내용 117', 59, 'comment', 49);
INSERT INTO comment(id, content, user_id, type, target_id) VALUES (118, '댓글 내용 118', 50, 'playlist', 162);
INSERT INTO comment(id, content, user_id, type, target_id) VALUES (119, '댓글 내용 119', 23, 'posts', 328);
INSERT INTO comment(id, content, user_id, type, target_id) VALUES (120, '댓글 내용 120', 24, 'playlist', 18);
INSERT INTO comment(id, content, user_id, type, target_id) VALUES (121, '댓글 내용 121', 1, 'comment', 76);
INSERT INTO comment(id, content, user_id, type, target_id) VALUES (122, '댓글 내용 122', 55, 'posts', 205);
INSERT INTO comment(id, content, user_id, type, target_id) VALUES (123, '댓글 내용 123', 28, 'comment', 74);
INSERT INTO comment(id, content, user_id, type, target_id) VALUES (124, '댓글 내용 124', 71, 'comment', 34);
INSERT INTO comment(id, content, user_id, type, target_id) VALUES (125, '댓글 내용 125', 96, 'playlist', 203);
INSERT INTO comment(id, content, user_id, type, target_id) VALUES (126, '댓글 내용 126', 74, 'playlist', 48);
INSERT INTO comment(id, content, user_id, type, target_id) VALUES (127, '댓글 내용 127', 89, 'comment', 124);
INSERT INTO comment(id, content, user_id, type, target_id) VALUES (128, '댓글 내용 128', 92, 'posts', 498);
INSERT INTO comment(id, content, user_id, type, target_id) VALUES (129, '댓글 내용 129', 42, 'playlist', 101);
INSERT INTO comment(id, content, user_id, type, target_id) VALUES (130, '댓글 내용 130', 15, 'posts', 548);
INSERT INTO comment(id, content, user_id, type, target_id) VALUES (131, '댓글 내용 131', 99, 'posts', 594);
INSERT INTO comment(id, content, user_id, type, target_id) VALUES (132, '댓글 내용 132', 71, 'comment', 69);
INSERT INTO comment(id, content, user_id, type, target_id) VALUES (133, '댓글 내용 133', 70, 'posts', 890);
INSERT INTO comment(id, content, user_id, type, target_id) VALUES (134, '댓글 내용 134', 77, 'playlist', 59);
INSERT INTO comment(id, content, user_id, type, target_id) VALUES (135, '댓글 내용 135', 9, 'posts', 985);
INSERT INTO comment(id, content, user_id, type, target_id) VALUES (136, '댓글 내용 136', 4, 'comment', 90);
INSERT INTO comment(id, content, user_id, type, target_id) VALUES (137, '댓글 내용 137', 59, 'posts', 457);
INSERT INTO comment(id, content, user_id, type, target_id) VALUES (138, '댓글 내용 138', 47, 'posts', 439);
INSERT INTO comment(id, content, user_id, type, target_id) VALUES (139, '댓글 내용 139', 8, 'posts', 591);
INSERT INTO comment(id, content, user_id, type, target_id) VALUES (140, '댓글 내용 140', 34, 'playlist', 281);
INSERT INTO comment(id, content, user_id, type, target_id) VALUES (141, '댓글 내용 141', 4, 'comment', 62);
INSERT INTO comment(id, content, user_id, type, target_id) VALUES (142, '댓글 내용 142', 91, 'posts', 197);
INSERT INTO comment(id, content, user_id, type, target_id) VALUES (143, '댓글 내용 143', 79, 'posts', 801);
INSERT INTO comment(id, content, user_id, type, target_id) VALUES (144, '댓글 내용 144', 74, 'posts', 62);
INSERT INTO comment(id, content, user_id, type, target_id) VALUES (145, '댓글 내용 145', 35, 'comment', 34);
INSERT INTO comment(id, content, user_id, type, target_id) VALUES (146, '댓글 내용 146', 34, 'playlist', 129);
INSERT INTO comment(id, content, user_id, type, target_id) VALUES (147, '댓글 내용 147', 11, 'posts', 510);
INSERT INTO comment(id, content, user_id, type, target_id) VALUES (148, '댓글 내용 148', 5, 'posts', 516);
INSERT INTO comment(id, content, user_id, type, target_id) VALUES (149, '댓글 내용 149', 65, 'playlist', 291);
INSERT INTO comment(id, content, user_id, type, target_id) VALUES (150, '댓글 내용 150', 42, 'comment', 98);
INSERT INTO comment(id, content, user_id, type, target_id) VALUES (151, '댓글 내용 151', 5, 'posts', 804);
INSERT INTO comment(id, content, user_id, type, target_id) VALUES (152, '댓글 내용 152', 92, 'posts', 119);
INSERT INTO comment(id, content, user_id, type, target_id) VALUES (153, '댓글 내용 153', 52, 'comment', 24);
INSERT INTO comment(id, content, user_id, type, target_id) VALUES (154, '댓글 내용 154', 26, 'posts', 224);
INSERT INTO comment(id, content, user_id, type, target_id) VALUES (155, '댓글 내용 155', 93, 'comment', 87);
INSERT INTO comment(id, content, user_id, type, target_id) VALUES (156, '댓글 내용 156', 75, 'comment', 32);
INSERT INTO comment(id, content, user_id, type, target_id) VALUES (157, '댓글 내용 157', 14, 'comment', 52);
INSERT INTO comment(id, content, user_id, type, target_id) VALUES (158, '댓글 내용 158', 48, 'playlist', 163);
INSERT INTO comment(id, content, user_id, type, target_id) VALUES (159, '댓글 내용 159', 52, 'comment', 46);
INSERT INTO comment(id, content, user_id, type, target_id) VALUES (160, '댓글 내용 160', 72, 'posts', 205);
INSERT INTO comment(id, content, user_id, type, target_id) VALUES (161, '댓글 내용 161', 49, 'comment', 5);
INSERT INTO comment(id, content, user_id, type, target_id) VALUES (162, '댓글 내용 162', 70, 'posts', 988);
INSERT INTO comment(id, content, user_id, type, target_id) VALUES (163, '댓글 내용 163', 78, 'posts', 962);
INSERT INTO comment(id, content, user_id, type, target_id) VALUES (164, '댓글 내용 164', 1, 'comment', 48);
INSERT INTO comment(id, content, user_id, type, target_id) VALUES (165, '댓글 내용 165', 74, 'playlist', 75);
INSERT INTO comment(id, content, user_id, type, target_id) VALUES (166, '댓글 내용 166', 86, 'posts', 600);
INSERT INTO comment(id, content, user_id, type, target_id) VALUES (167, '댓글 내용 167', 97, 'playlist', 285);
INSERT INTO comment(id, content, user_id, type, target_id) VALUES (168, '댓글 내용 168', 23, 'comment', 167);
INSERT INTO comment(id, content, user_id, type, target_id) VALUES (169, '댓글 내용 169', 47, 'playlist', 164);
INSERT INTO comment(id, content, user_id, type, target_id) VALUES (170, '댓글 내용 170', 72, 'posts', 671);
INSERT INTO comment(id, content, user_id, type, target_id) VALUES (171, '댓글 내용 171', 77, 'playlist', 186);
INSERT INTO comment(id, content, user_id, type, target_id) VALUES (172, '댓글 내용 172', 25, 'posts', 100);
INSERT INTO comment(id, content, user_id, type, target_id) VALUES (173, '댓글 내용 173', 24, 'playlist', 20);
INSERT INTO comment(id, content, user_id, type, target_id) VALUES (174, '댓글 내용 174', 71, 'playlist', 269);
INSERT INTO comment(id, content, user_id, type, target_id) VALUES (175, '댓글 내용 175', 4, 'comment', 119);
INSERT INTO comment(id, content, user_id, type, target_id) VALUES (176, '댓글 내용 176', 79, 'playlist', 122);
INSERT INTO comment(id, content, user_id, type, target_id) VALUES (177, '댓글 내용 177', 65, 'comment', 126);
INSERT INTO comment(id, content, user_id, type, target_id) VALUES (178, '댓글 내용 178', 55, 'playlist', 195);
INSERT INTO comment(id, content, user_id, type, target_id) VALUES (179, '댓글 내용 179', 88, 'comment', 4);
INSERT INTO comment(id, content, user_id, type, target_id) VALUES (180, '댓글 내용 180', 29, 'comment', 127);
INSERT INTO comment(id, content, user_id, type, target_id) VALUES (181, '댓글 내용 181', 5, 'posts', 345);
INSERT INTO comment(id, content, user_id, type, target_id) VALUES (182, '댓글 내용 182', 73, 'comment', 120);
INSERT INTO comment(id, content, user_id, type, target_id) VALUES (183, '댓글 내용 183', 24, 'posts', 876);
INSERT INTO comment(id, content, user_id, type, target_id) VALUES (184, '댓글 내용 184', 25, 'comment', 132);
INSERT INTO comment(id, content, user_id, type, target_id) VALUES (185, '댓글 내용 185', 38, 'comment', 25);
INSERT INTO comment(id, content, user_id, type, target_id) VALUES (186, '댓글 내용 186', 27, 'playlist', 235);
INSERT INTO comment(id, content, user_id, type, target_id) VALUES (187, '댓글 내용 187', 70, 'comment', 169);
INSERT INTO comment(id, content, user_id, type, target_id) VALUES (188, '댓글 내용 188', 4, 'comment', 82);
INSERT INTO comment(id, content, user_id, type, target_id) VALUES (189, '댓글 내용 189', 71, 'comment', 172);
INSERT INTO comment(id, content, user_id, type, target_id) VALUES (190, '댓글 내용 190', 86, 'posts', 349);
INSERT INTO comment(id, content, user_id, type, target_id) VALUES (191, '댓글 내용 191', 88, 'playlist', 95);
INSERT INTO comment(id, content, user_id, type, target_id) VALUES (192, '댓글 내용 192', 28, 'playlist', 296);
INSERT INTO comment(id, content, user_id, type, target_id) VALUES (193, '댓글 내용 193', 63, 'comment', 133);
INSERT INTO comment(id, content, user_id, type, target_id) VALUES (194, '댓글 내용 194', 46, 'comment', 112);
INSERT INTO comment(id, content, user_id, type, target_id) VALUES (195, '댓글 내용 195', 62, 'comment', 94);
INSERT INTO comment(id, content, user_id, type, target_id) VALUES (196, '댓글 내용 196', 71, 'posts', 602);
INSERT INTO comment(id, content, user_id, type, target_id) VALUES (197, '댓글 내용 197', 61, 'comment', 94);
INSERT INTO comment(id, content, user_id, type, target_id) VALUES (198, '댓글 내용 198', 61, 'playlist', 99);
INSERT INTO comment(id, content, user_id, type, target_id) VALUES (199, '댓글 내용 199', 17, 'posts', 599);
INSERT INTO comment(id, content, user_id, type, target_id) VALUES (200, '댓글 내용 200', 98, 'posts', 596);
INSERT INTO comment(id, content, user_id, type, target_id) VALUES (201, '댓글 내용 201', 1, 'posts', 201);
INSERT INTO comment(id, content, user_id, type, target_id) VALUES (202, '댓글 내용 202', 88, 'playlist', 160);
INSERT INTO comment(id, content, user_id, type, target_id) VALUES (203, '댓글 내용 203', 17, 'comment', 140);
INSERT INTO comment(id, content, user_id, type, target_id) VALUES (204, '댓글 내용 204', 8, 'posts', 947);
INSERT INTO comment(id, content, user_id, type, target_id) VALUES (205, '댓글 내용 205', 68, 'comment', 177);
INSERT INTO comment(id, content, user_id, type, target_id) VALUES (206, '댓글 내용 206', 14, 'playlist', 81);
INSERT INTO comment(id, content, user_id, type, target_id) VALUES (207, '댓글 내용 207', 77, 'comment', 116);
INSERT INTO comment(id, content, user_id, type, target_id) VALUES (208, '댓글 내용 208', 28, 'playlist', 147);
INSERT INTO comment(id, content, user_id, type, target_id) VALUES (209, '댓글 내용 209', 22, 'posts', 833);
INSERT INTO comment(id, content, user_id, type, target_id) VALUES (210, '댓글 내용 210', 51, 'comment', 62);
INSERT INTO comment(id, content, user_id, type, target_id) VALUES (211, '댓글 내용 211', 44, 'playlist', 95);
INSERT INTO comment(id, content, user_id, type, target_id) VALUES (212, '댓글 내용 212', 28, 'playlist', 229);
INSERT INTO comment(id, content, user_id, type, target_id) VALUES (213, '댓글 내용 213', 24, 'comment', 84);
INSERT INTO comment(id, content, user_id, type, target_id) VALUES (214, '댓글 내용 214', 77, 'comment', 55);
INSERT INTO comment(id, content, user_id, type, target_id) VALUES (215, '댓글 내용 215', 92, 'playlist', 155);
INSERT INTO comment(id, content, user_id, type, target_id) VALUES (216, '댓글 내용 216', 36, 'playlist', 278);
INSERT INTO comment(id, content, user_id, type, target_id) VALUES (217, '댓글 내용 217', 58, 'playlist', 94);
INSERT INTO comment(id, content, user_id, type, target_id) VALUES (218, '댓글 내용 218', 67, 'comment', 173);
INSERT INTO comment(id, content, user_id, type, target_id) VALUES (219, '댓글 내용 219', 22, 'posts', 432);
INSERT INTO comment(id, content, user_id, type, target_id) VALUES (220, '댓글 내용 220', 94, 'comment', 156);
INSERT INTO comment(id, content, user_id, type, target_id) VALUES (221, '댓글 내용 221', 50, 'playlist', 173);
INSERT INTO comment(id, content, user_id, type, target_id) VALUES (222, '댓글 내용 222', 12, 'posts', 385);
INSERT INTO comment(id, content, user_id, type, target_id) VALUES (223, '댓글 내용 223', 80, 'playlist', 80);
INSERT INTO comment(id, content, user_id, type, target_id) VALUES (224, '댓글 내용 224', 34, 'comment', 180);
INSERT INTO comment(id, content, user_id, type, target_id) VALUES (225, '댓글 내용 225', 28, 'posts', 709);
INSERT INTO comment(id, content, user_id, type, target_id) VALUES (226, '댓글 내용 226', 95, 'playlist', 66);
INSERT INTO comment(id, content, user_id, type, target_id) VALUES (227, '댓글 내용 227', 27, 'posts', 654);
INSERT INTO comment(id, content, user_id, type, target_id) VALUES (228, '댓글 내용 228', 48, 'posts', 950);
INSERT INTO comment(id, content, user_id, type, target_id) VALUES (229, '댓글 내용 229', 55, 'posts', 987);
INSERT INTO comment(id, content, user_id, type, target_id) VALUES (230, '댓글 내용 230', 25, 'playlist', 145);
INSERT INTO comment(id, content, user_id, type, target_id) VALUES (231, '댓글 내용 231', 67, 'playlist', 33);
INSERT INTO comment(id, content, user_id, type, target_id) VALUES (232, '댓글 내용 232', 47, 'playlist', 89);
INSERT INTO comment(id, content, user_id, type, target_id) VALUES (233, '댓글 내용 233', 14, 'posts', 878);
INSERT INTO comment(id, content, user_id, type, target_id) VALUES (234, '댓글 내용 234', 93, 'playlist', 73);
INSERT INTO comment(id, content, user_id, type, target_id) VALUES (235, '댓글 내용 235', 61, 'posts', 364);
INSERT INTO comment(id, content, user_id, type, target_id) VALUES (236, '댓글 내용 236', 30, 'comment', 99);
INSERT INTO comment(id, content, user_id, type, target_id) VALUES (237, '댓글 내용 237', 52, 'comment', 64);
INSERT INTO comment(id, content, user_id, type, target_id) VALUES (238, '댓글 내용 238', 26, 'playlist', 244);
INSERT INTO comment(id, content, user_id, type, target_id) VALUES (239, '댓글 내용 239', 46, 'playlist', 54);
INSERT INTO comment(id, content, user_id, type, target_id) VALUES (240, '댓글 내용 240', 82, 'posts', 533);
INSERT INTO comment(id, content, user_id, type, target_id) VALUES (241, '댓글 내용 241', 18, 'playlist', 174);
INSERT INTO comment(id, content, user_id, type, target_id) VALUES (242, '댓글 내용 242', 95, 'comment', 47);
INSERT INTO comment(id, content, user_id, type, target_id) VALUES (243, '댓글 내용 243', 30, 'posts', 995);
INSERT INTO comment(id, content, user_id, type, target_id) VALUES (244, '댓글 내용 244', 51, 'playlist', 14);
INSERT INTO comment(id, content, user_id, type, target_id) VALUES (245, '댓글 내용 245', 75, 'comment', 232);
INSERT INTO comment(id, content, user_id, type, target_id) VALUES (246, '댓글 내용 246', 10, 'playlist', 168);
INSERT INTO comment(id, content, user_id, type, target_id) VALUES (247, '댓글 내용 247', 57, 'posts', 30);
INSERT INTO comment(id, content, user_id, type, target_id) VALUES (248, '댓글 내용 248', 23, 'comment', 110);
INSERT INTO comment(id, content, user_id, type, target_id) VALUES (249, '댓글 내용 249', 61, 'comment', 47);
INSERT INTO comment(id, content, user_id, type, target_id) VALUES (250, '댓글 내용 250', 53, 'comment', 249);
INSERT INTO comment(id, content, user_id, type, target_id) VALUES (251, '댓글 내용 251', 83, 'posts', 843);
INSERT INTO comment(id, content, user_id, type, target_id) VALUES (252, '댓글 내용 252', 12, 'comment', 39);
INSERT INTO comment(id, content, user_id, type, target_id) VALUES (253, '댓글 내용 253', 65, 'posts', 5);
INSERT INTO comment(id, content, user_id, type, target_id) VALUES (254, '댓글 내용 254', 48, 'comment', 77);
INSERT INTO comment(id, content, user_id, type, target_id) VALUES (255, '댓글 내용 255', 26, 'playlist', 282);
INSERT INTO comment(id, content, user_id, type, target_id) VALUES (256, '댓글 내용 256', 16, 'posts', 180);
INSERT INTO comment(id, content, user_id, type, target_id) VALUES (257, '댓글 내용 257', 91, 'comment', 170);
INSERT INTO comment(id, content, user_id, type, target_id) VALUES (258, '댓글 내용 258', 94, 'posts', 617);
INSERT INTO comment(id, content, user_id, type, target_id) VALUES (259, '댓글 내용 259', 41, 'posts', 823);
INSERT INTO comment(id, content, user_id, type, target_id) VALUES (260, '댓글 내용 260', 1, 'posts', 776);
INSERT INTO comment(id, content, user_id, type, target_id) VALUES (261, '댓글 내용 261', 89, 'posts', 318);
INSERT INTO comment(id, content, user_id, type, target_id) VALUES (262, '댓글 내용 262', 50, 'comment', 113);
INSERT INTO comment(id, content, user_id, type, target_id) VALUES (263, '댓글 내용 263', 26, 'comment', 101);
INSERT INTO comment(id, content, user_id, type, target_id) VALUES (264, '댓글 내용 264', 74, 'playlist', 63);
INSERT INTO comment(id, content, user_id, type, target_id) VALUES (265, '댓글 내용 265', 88, 'posts', 193);
INSERT INTO comment(id, content, user_id, type, target_id) VALUES (266, '댓글 내용 266', 74, 'comment', 232);
INSERT INTO comment(id, content, user_id, type, target_id) VALUES (267, '댓글 내용 267', 40, 'posts', 355);
INSERT INTO comment(id, content, user_id, type, target_id) VALUES (268, '댓글 내용 268', 88, 'posts', 51);
INSERT INTO comment(id, content, user_id, type, target_id) VALUES (269, '댓글 내용 269', 1, 'playlist', 271);
INSERT INTO comment(id, content, user_id, type, target_id) VALUES (270, '댓글 내용 270', 30, 'playlist', 136);
INSERT INTO comment(id, content, user_id, type, target_id) VALUES (271, '댓글 내용 271', 70, 'comment', 102);
INSERT INTO comment(id, content, user_id, type, target_id) VALUES (272, '댓글 내용 272', 13, 'posts', 815);
INSERT INTO comment(id, content, user_id, type, target_id) VALUES (273, '댓글 내용 273', 48, 'playlist', 214);
INSERT INTO comment(id, content, user_id, type, target_id) VALUES (274, '댓글 내용 274', 58, 'posts', 511);
INSERT INTO comment(id, content, user_id, type, target_id) VALUES (275, '댓글 내용 275', 43, 'comment', 46);
INSERT INTO comment(id, content, user_id, type, target_id) VALUES (276, '댓글 내용 276', 60, 'comment', 191);
INSERT INTO comment(id, content, user_id, type, target_id) VALUES (277, '댓글 내용 277', 26, 'posts', 908);
INSERT INTO comment(id, content, user_id, type, target_id) VALUES (278, '댓글 내용 278', 21, 'comment', 233);
INSERT INTO comment(id, content, user_id, type, target_id) VALUES (279, '댓글 내용 279', 29, 'playlist', 210);
INSERT INTO comment(id, content, user_id, type, target_id) VALUES (280, '댓글 내용 280', 20, 'playlist', 104);
INSERT INTO comment(id, content, user_id, type, target_id) VALUES (281, '댓글 내용 281', 30, 'comment', 220);
INSERT INTO comment(id, content, user_id, type, target_id) VALUES (282, '댓글 내용 282', 4, 'posts', 744);
INSERT INTO comment(id, content, user_id, type, target_id) VALUES (283, '댓글 내용 283', 87, 'posts', 503);
INSERT INTO comment(id, content, user_id, type, target_id) VALUES (284, '댓글 내용 284', 85, 'playlist', 215);
INSERT INTO comment(id, content, user_id, type, target_id) VALUES (285, '댓글 내용 285', 72, 'playlist', 233);
INSERT INTO comment(id, content, user_id, type, target_id) VALUES (286, '댓글 내용 286', 41, 'posts', 978);
INSERT INTO comment(id, content, user_id, type, target_id) VALUES (287, '댓글 내용 287', 51, 'playlist', 183);
INSERT INTO comment(id, content, user_id, type, target_id) VALUES (288, '댓글 내용 288', 46, 'comment', 185);
INSERT INTO comment(id, content, user_id, type, target_id) VALUES (289, '댓글 내용 289', 15, 'playlist', 38);
INSERT INTO comment(id, content, user_id, type, target_id) VALUES (290, '댓글 내용 290', 56, 'playlist', 159);
INSERT INTO comment(id, content, user_id, type, target_id) VALUES (291, '댓글 내용 291', 3, 'posts', 265);
INSERT INTO comment(id, content, user_id, type, target_id) VALUES (292, '댓글 내용 292', 77, 'comment', 140);
INSERT INTO comment(id, content, user_id, type, target_id) VALUES (293, '댓글 내용 293', 93, 'comment', 259);
INSERT INTO comment(id, content, user_id, type, target_id) VALUES (294, '댓글 내용 294', 20, 'comment', 207);
INSERT INTO comment(id, content, user_id, type, target_id) VALUES (295, '댓글 내용 295', 38, 'posts', 384);
INSERT INTO comment(id, content, user_id, type, target_id) VALUES (296, '댓글 내용 296', 22, 'playlist', 14);
INSERT INTO comment(id, content, user_id, type, target_id) VALUES (297, '댓글 내용 297', 63, 'posts', 310);
INSERT INTO comment(id, content, user_id, type, target_id) VALUES (298, '댓글 내용 298', 97, 'posts', 377);
INSERT INTO comment(id, content, user_id, type, target_id) VALUES (299, '댓글 내용 299', 94, 'playlist', 178);
INSERT INTO comment(id, content, user_id, type, target_id) VALUES (300, '댓글 내용 300', 32, 'posts', 550);
INSERT INTO comment(id, content, user_id, type, target_id) VALUES (301, '댓글 내용 301', 30, 'comment', 138);
INSERT INTO comment(id, content, user_id, type, target_id) VALUES (302, '댓글 내용 302', 100, 'playlist', 176);
INSERT INTO comment(id, content, user_id, type, target_id) VALUES (303, '댓글 내용 303', 64, 'playlist', 189);
INSERT INTO comment(id, content, user_id, type, target_id) VALUES (304, '댓글 내용 304', 48, 'playlist', 105);
INSERT INTO comment(id, content, user_id, type, target_id) VALUES (305, '댓글 내용 305', 90, 'comment', 105);
INSERT INTO comment(id, content, user_id, type, target_id) VALUES (306, '댓글 내용 306', 88, 'playlist', 47);
INSERT INTO comment(id, content, user_id, type, target_id) VALUES (307, '댓글 내용 307', 97, 'comment', 8);
INSERT INTO comment(id, content, user_id, type, target_id) VALUES (308, '댓글 내용 308', 45, 'playlist', 99);
INSERT INTO comment(id, content, user_id, type, target_id) VALUES (309, '댓글 내용 309', 62, 'posts', 245);
INSERT INTO comment(id, content, user_id, type, target_id) VALUES (310, '댓글 내용 310', 80, 'posts', 176);
INSERT INTO comment(id, content, user_id, type, target_id) VALUES (311, '댓글 내용 311', 2, 'posts', 485);
INSERT INTO comment(id, content, user_id, type, target_id) VALUES (312, '댓글 내용 312', 48, 'playlist', 190);
INSERT INTO comment(id, content, user_id, type, target_id) VALUES (313, '댓글 내용 313', 40, 'posts', 206);
INSERT INTO comment(id, content, user_id, type, target_id) VALUES (314, '댓글 내용 314', 80, 'comment', 237);
INSERT INTO comment(id, content, user_id, type, target_id) VALUES (315, '댓글 내용 315', 44, 'posts', 875);
INSERT INTO comment(id, content, user_id, type, target_id) VALUES (316, '댓글 내용 316', 60, 'posts', 724);
INSERT INTO comment(id, content, user_id, type, target_id) VALUES (317, '댓글 내용 317', 93, 'comment', 193);
INSERT INTO comment(id, content, user_id, type, target_id) VALUES (318, '댓글 내용 318', 1, 'posts', 824);
INSERT INTO comment(id, content, user_id, type, target_id) VALUES (319, '댓글 내용 319', 20, 'comment', 315);
INSERT INTO comment(id, content, user_id, type, target_id) VALUES (320, '댓글 내용 320', 5, 'comment', 236);
INSERT INTO comment(id, content, user_id, type, target_id) VALUES (321, '댓글 내용 321', 85, 'playlist', 161);
INSERT INTO comment(id, content, user_id, type, target_id) VALUES (322, '댓글 내용 322', 40, 'playlist', 277);
INSERT INTO comment(id, content, user_id, type, target_id) VALUES (323, '댓글 내용 323', 84, 'playlist', 6);
INSERT INTO comment(id, content, user_id, type, target_id) VALUES (324, '댓글 내용 324', 79, 'playlist', 102);
INSERT INTO comment(id, content, user_id, type, target_id) VALUES (325, '댓글 내용 325', 54, 'playlist', 300);
INSERT INTO comment(id, content, user_id, type, target_id) VALUES (326, '댓글 내용 326', 37, 'playlist', 35);
INSERT INTO comment(id, content, user_id, type, target_id) VALUES (327, '댓글 내용 327', 38, 'playlist', 262);
INSERT INTO comment(id, content, user_id, type, target_id) VALUES (328, '댓글 내용 328', 62, 'posts', 335);
INSERT INTO comment(id, content, user_id, type, target_id) VALUES (329, '댓글 내용 329', 64, 'comment', 286);
INSERT INTO comment(id, content, user_id, type, target_id) VALUES (330, '댓글 내용 330', 6, 'posts', 63);
INSERT INTO comment(id, content, user_id, type, target_id) VALUES (331, '댓글 내용 331', 93, 'playlist', 62);
INSERT INTO comment(id, content, user_id, type, target_id) VALUES (332, '댓글 내용 332', 43, 'comment', 328);
INSERT INTO comment(id, content, user_id, type, target_id) VALUES (333, '댓글 내용 333', 88, 'posts', 386);
INSERT INTO comment(id, content, user_id, type, target_id) VALUES (334, '댓글 내용 334', 27, 'playlist', 129);
INSERT INTO comment(id, content, user_id, type, target_id) VALUES (335, '댓글 내용 335', 56, 'playlist', 213);
INSERT INTO comment(id, content, user_id, type, target_id) VALUES (336, '댓글 내용 336', 77, 'playlist', 205);
INSERT INTO comment(id, content, user_id, type, target_id) VALUES (337, '댓글 내용 337', 26, 'comment', 238);
INSERT INTO comment(id, content, user_id, type, target_id) VALUES (338, '댓글 내용 338', 70, 'playlist', 36);
INSERT INTO comment(id, content, user_id, type, target_id) VALUES (339, '댓글 내용 339', 100, 'comment', 28);
INSERT INTO comment(id, content, user_id, type, target_id) VALUES (340, '댓글 내용 340', 47, 'comment', 46);
INSERT INTO comment(id, content, user_id, type, target_id) VALUES (341, '댓글 내용 341', 21, 'comment', 91);
INSERT INTO comment(id, content, user_id, type, target_id) VALUES (342, '댓글 내용 342', 69, 'comment', 29);
INSERT INTO comment(id, content, user_id, type, target_id) VALUES (343, '댓글 내용 343', 81, 'posts', 643);
INSERT INTO comment(id, content, user_id, type, target_id) VALUES (344, '댓글 내용 344', 55, 'posts', 382);
INSERT INTO comment(id, content, user_id, type, target_id) VALUES (345, '댓글 내용 345', 19, 'playlist', 92);
INSERT INTO comment(id, content, user_id, type, target_id) VALUES (346, '댓글 내용 346', 97, 'playlist', 92);
INSERT INTO comment(id, content, user_id, type, target_id) VALUES (347, '댓글 내용 347', 16, 'comment', 330);
INSERT INTO comment(id, content, user_id, type, target_id) VALUES (348, '댓글 내용 348', 57, 'posts', 461);
INSERT INTO comment(id, content, user_id, type, target_id) VALUES (349, '댓글 내용 349', 20, 'comment', 19);
INSERT INTO comment(id, content, user_id, type, target_id) VALUES (350, '댓글 내용 350', 17, 'comment', 77);
INSERT INTO comment(id, content, user_id, type, target_id) VALUES (351, '댓글 내용 351', 87, 'comment', 246);
INSERT INTO comment(id, content, user_id, type, target_id) VALUES (352, '댓글 내용 352', 38, 'posts', 971);
INSERT INTO comment(id, content, user_id, type, target_id) VALUES (353, '댓글 내용 353', 13, 'posts', 228);
INSERT INTO comment(id, content, user_id, type, target_id) VALUES (354, '댓글 내용 354', 44, 'playlist', 2);
INSERT INTO comment(id, content, user_id, type, target_id) VALUES (355, '댓글 내용 355', 12, 'playlist', 248);
INSERT INTO comment(id, content, user_id, type, target_id) VALUES (356, '댓글 내용 356', 13, 'playlist', 54);
INSERT INTO comment(id, content, user_id, type, target_id) VALUES (357, '댓글 내용 357', 99, 'posts', 11);
INSERT INTO comment(id, content, user_id, type, target_id) VALUES (358, '댓글 내용 358', 56, 'playlist', 63);
INSERT INTO comment(id, content, user_id, type, target_id) VALUES (359, '댓글 내용 359', 16, 'comment', 112);
INSERT INTO comment(id, content, user_id, type, target_id) VALUES (360, '댓글 내용 360', 50, 'playlist', 158);
INSERT INTO comment(id, content, user_id, type, target_id) VALUES (361, '댓글 내용 361', 53, 'posts', 62);
INSERT INTO comment(id, content, user_id, type, target_id) VALUES (362, '댓글 내용 362', 36, 'posts', 438);
INSERT INTO comment(id, content, user_id, type, target_id) VALUES (363, '댓글 내용 363', 43, 'posts', 93);
INSERT INTO comment(id, content, user_id, type, target_id) VALUES (364, '댓글 내용 364', 18, 'playlist', 47);
INSERT INTO comment(id, content, user_id, type, target_id) VALUES (365, '댓글 내용 365', 40, 'playlist', 67);
INSERT INTO comment(id, content, user_id, type, target_id) VALUES (366, '댓글 내용 366', 99, 'comment', 290);
INSERT INTO comment(id, content, user_id, type, target_id) VALUES (367, '댓글 내용 367', 40, 'posts', 119);
INSERT INTO comment(id, content, user_id, type, target_id) VALUES (368, '댓글 내용 368', 87, 'playlist', 154);
INSERT INTO comment(id, content, user_id, type, target_id) VALUES (369, '댓글 내용 369', 62, 'posts', 765);
INSERT INTO comment(id, content, user_id, type, target_id) VALUES (370, '댓글 내용 370', 14, 'playlist', 19);
INSERT INTO comment(id, content, user_id, type, target_id) VALUES (371, '댓글 내용 371', 40, 'playlist', 136);
INSERT INTO comment(id, content, user_id, type, target_id) VALUES (372, '댓글 내용 372', 32, 'playlist', 178);
INSERT INTO comment(id, content, user_id, type, target_id) VALUES (373, '댓글 내용 373', 58, 'comment', 127);
INSERT INTO comment(id, content, user_id, type, target_id) VALUES (374, '댓글 내용 374', 30, 'posts', 790);
INSERT INTO comment(id, content, user_id, type, target_id) VALUES (375, '댓글 내용 375', 17, 'comment', 249);
INSERT INTO comment(id, content, user_id, type, target_id) VALUES (376, '댓글 내용 376', 16, 'comment', 163);
INSERT INTO comment(id, content, user_id, type, target_id) VALUES (377, '댓글 내용 377', 3, 'comment', 175);
INSERT INTO comment(id, content, user_id, type, target_id) VALUES (378, '댓글 내용 378', 80, 'posts', 867);
INSERT INTO comment(id, content, user_id, type, target_id) VALUES (379, '댓글 내용 379', 87, 'posts', 992);
INSERT INTO comment(id, content, user_id, type, target_id) VALUES (380, '댓글 내용 380', 2, 'posts', 273);
INSERT INTO comment(id, content, user_id, type, target_id) VALUES (381, '댓글 내용 381', 69, 'playlist', 84);
INSERT INTO comment(id, content, user_id, type, target_id) VALUES (382, '댓글 내용 382', 84, 'posts', 60);
INSERT INTO comment(id, content, user_id, type, target_id) VALUES (383, '댓글 내용 383', 52, 'posts', 704);
INSERT INTO comment(id, content, user_id, type, target_id) VALUES (384, '댓글 내용 384', 18, 'playlist', 240);
INSERT INTO comment(id, content, user_id, type, target_id) VALUES (385, '댓글 내용 385', 24, 'playlist', 286);
INSERT INTO comment(id, content, user_id, type, target_id) VALUES (386, '댓글 내용 386', 3, 'playlist', 104);
INSERT INTO comment(id, content, user_id, type, target_id) VALUES (387, '댓글 내용 387', 71, 'comment', 350);
INSERT INTO comment(id, content, user_id, type, target_id) VALUES (388, '댓글 내용 388', 27, 'posts', 57);
INSERT INTO comment(id, content, user_id, type, target_id) VALUES (389, '댓글 내용 389', 45, 'comment', 22);
INSERT INTO comment(id, content, user_id, type, target_id) VALUES (390, '댓글 내용 390', 29, 'playlist', 92);
INSERT INTO comment(id, content, user_id, type, target_id) VALUES (391, '댓글 내용 391', 25, 'playlist', 169);
INSERT INTO comment(id, content, user_id, type, target_id) VALUES (392, '댓글 내용 392', 29, 'playlist', 44);
INSERT INTO comment(id, content, user_id, type, target_id) VALUES (393, '댓글 내용 393', 44, 'comment', 159);
INSERT INTO comment(id, content, user_id, type, target_id) VALUES (394, '댓글 내용 394', 40, 'posts', 513);
INSERT INTO comment(id, content, user_id, type, target_id) VALUES (395, '댓글 내용 395', 76, 'posts', 283);
INSERT INTO comment(id, content, user_id, type, target_id) VALUES (396, '댓글 내용 396', 44, 'posts', 508);
INSERT INTO comment(id, content, user_id, type, target_id) VALUES (397, '댓글 내용 397', 23, 'comment', 211);
INSERT INTO comment(id, content, user_id, type, target_id) VALUES (398, '댓글 내용 398', 29, 'comment', 134);
INSERT INTO comment(id, content, user_id, type, target_id) VALUES (399, '댓글 내용 399', 79, 'playlist', 284);
INSERT INTO comment(id, content, user_id, type, target_id) VALUES (400, '댓글 내용 400', 94, 'comment', 303);
INSERT INTO comment(id, content, user_id, type, target_id) VALUES (401, '댓글 내용 401', 73, 'posts', 733);
INSERT INTO comment(id, content, user_id, type, target_id) VALUES (402, '댓글 내용 402', 71, 'playlist', 119);
INSERT INTO comment(id, content, user_id, type, target_id) VALUES (403, '댓글 내용 403', 65, 'comment', 369);
INSERT INTO comment(id, content, user_id, type, target_id) VALUES (404, '댓글 내용 404', 20, 'comment', 259);
INSERT INTO comment(id, content, user_id, type, target_id) VALUES (405, '댓글 내용 405', 18, 'comment', 7);
INSERT INTO comment(id, content, user_id, type, target_id) VALUES (406, '댓글 내용 406', 57, 'posts', 834);
INSERT INTO comment(id, content, user_id, type, target_id) VALUES (407, '댓글 내용 407', 11, 'posts', 648);
INSERT INTO comment(id, content, user_id, type, target_id) VALUES (408, '댓글 내용 408', 14, 'playlist', 134);
INSERT INTO comment(id, content, user_id, type, target_id) VALUES (409, '댓글 내용 409', 29, 'playlist', 68);
INSERT INTO comment(id, content, user_id, type, target_id) VALUES (410, '댓글 내용 410', 42, 'playlist', 51);
INSERT INTO comment(id, content, user_id, type, target_id) VALUES (411, '댓글 내용 411', 99, 'posts', 650);
INSERT INTO comment(id, content, user_id, type, target_id) VALUES (412, '댓글 내용 412', 7, 'posts', 910);
INSERT INTO comment(id, content, user_id, type, target_id) VALUES (413, '댓글 내용 413', 47, 'playlist', 10);
INSERT INTO comment(id, content, user_id, type, target_id) VALUES (414, '댓글 내용 414', 28, 'posts', 54);
INSERT INTO comment(id, content, user_id, type, target_id) VALUES (415, '댓글 내용 415', 96, 'posts', 138);
INSERT INTO comment(id, content, user_id, type, target_id) VALUES (416, '댓글 내용 416', 59, 'posts', 855);
INSERT INTO comment(id, content, user_id, type, target_id) VALUES (417, '댓글 내용 417', 34, 'posts', 938);
INSERT INTO comment(id, content, user_id, type, target_id) VALUES (418, '댓글 내용 418', 8, 'comment', 335);
INSERT INTO comment(id, content, user_id, type, target_id) VALUES (419, '댓글 내용 419', 16, 'playlist', 160);
INSERT INTO comment(id, content, user_id, type, target_id) VALUES (420, '댓글 내용 420', 46, 'playlist', 261);
INSERT INTO comment(id, content, user_id, type, target_id) VALUES (421, '댓글 내용 421', 90, 'playlist', 31);
INSERT INTO comment(id, content, user_id, type, target_id) VALUES (422, '댓글 내용 422', 78, 'playlist', 215);
INSERT INTO comment(id, content, user_id, type, target_id) VALUES (423, '댓글 내용 423', 26, 'posts', 958);
INSERT INTO comment(id, content, user_id, type, target_id) VALUES (424, '댓글 내용 424', 53, 'comment', 292);
INSERT INTO comment(id, content, user_id, type, target_id) VALUES (425, '댓글 내용 425', 7, 'posts', 336);
INSERT INTO comment(id, content, user_id, type, target_id) VALUES (426, '댓글 내용 426', 96, 'posts', 279);
INSERT INTO comment(id, content, user_id, type, target_id) VALUES (427, '댓글 내용 427', 55, 'posts', 405);
INSERT INTO comment(id, content, user_id, type, target_id) VALUES (428, '댓글 내용 428', 2, 'comment', 309);
INSERT INTO comment(id, content, user_id, type, target_id) VALUES (429, '댓글 내용 429', 20, 'playlist', 155);
INSERT INTO comment(id, content, user_id, type, target_id) VALUES (430, '댓글 내용 430', 21, 'comment', 172);
INSERT INTO comment(id, content, user_id, type, target_id) VALUES (431, '댓글 내용 431', 48, 'posts', 416);
INSERT INTO comment(id, content, user_id, type, target_id) VALUES (432, '댓글 내용 432', 97, 'posts', 6);
INSERT INTO comment(id, content, user_id, type, target_id) VALUES (433, '댓글 내용 433', 35, 'posts', 921);
INSERT INTO comment(id, content, user_id, type, target_id) VALUES (434, '댓글 내용 434', 10, 'playlist', 282);
INSERT INTO comment(id, content, user_id, type, target_id) VALUES (435, '댓글 내용 435', 64, 'playlist', 102);
INSERT INTO comment(id, content, user_id, type, target_id) VALUES (436, '댓글 내용 436', 30, 'comment', 8);
INSERT INTO comment(id, content, user_id, type, target_id) VALUES (437, '댓글 내용 437', 46, 'posts', 731);
INSERT INTO comment(id, content, user_id, type, target_id) VALUES (438, '댓글 내용 438', 15, 'posts', 305);
INSERT INTO comment(id, content, user_id, type, target_id) VALUES (439, '댓글 내용 439', 64, 'posts', 146);
INSERT INTO comment(id, content, user_id, type, target_id) VALUES (440, '댓글 내용 440', 58, 'comment', 312);
INSERT INTO comment(id, content, user_id, type, target_id) VALUES (441, '댓글 내용 441', 80, 'posts', 140);
INSERT INTO comment(id, content, user_id, type, target_id) VALUES (442, '댓글 내용 442', 41, 'playlist', 7);
INSERT INTO comment(id, content, user_id, type, target_id) VALUES (443, '댓글 내용 443', 33, 'comment', 379);
INSERT INTO comment(id, content, user_id, type, target_id) VALUES (444, '댓글 내용 444', 12, 'comment', 443);
INSERT INTO comment(id, content, user_id, type, target_id) VALUES (445, '댓글 내용 445', 4, 'posts', 587);
INSERT INTO comment(id, content, user_id, type, target_id) VALUES (446, '댓글 내용 446', 22, 'comment', 50);
INSERT INTO comment(id, content, user_id, type, target_id) VALUES (447, '댓글 내용 447', 51, 'comment', 132);
INSERT INTO comment(id, content, user_id, type, target_id) VALUES (448, '댓글 내용 448', 49, 'posts', 518);
INSERT INTO comment(id, content, user_id, type, target_id) VALUES (449, '댓글 내용 449', 46, 'posts', 255);
INSERT INTO comment(id, content, user_id, type, target_id) VALUES (450, '댓글 내용 450', 100, 'playlist', 21);
INSERT INTO comment(id, content, user_id, type, target_id) VALUES (451, '댓글 내용 451', 46, 'playlist', 170);
INSERT INTO comment(id, content, user_id, type, target_id) VALUES (452, '댓글 내용 452', 63, 'comment', 248);
INSERT INTO comment(id, content, user_id, type, target_id) VALUES (453, '댓글 내용 453', 46, 'comment', 189);
INSERT INTO comment(id, content, user_id, type, target_id) VALUES (454, '댓글 내용 454', 96, 'posts', 926);
INSERT INTO comment(id, content, user_id, type, target_id) VALUES (455, '댓글 내용 455', 85, 'comment', 193);
INSERT INTO comment(id, content, user_id, type, target_id) VALUES (456, '댓글 내용 456', 42, 'playlist', 186);
INSERT INTO comment(id, content, user_id, type, target_id) VALUES (457, '댓글 내용 457', 72, 'playlist', 179);
INSERT INTO comment(id, content, user_id, type, target_id) VALUES (458, '댓글 내용 458', 74, 'comment', 407);
INSERT INTO comment(id, content, user_id, type, target_id) VALUES (459, '댓글 내용 459', 66, 'posts', 199);
INSERT INTO comment(id, content, user_id, type, target_id) VALUES (460, '댓글 내용 460', 64, 'playlist', 245);
INSERT INTO comment(id, content, user_id, type, target_id) VALUES (461, '댓글 내용 461', 7, 'playlist', 75);
INSERT INTO comment(id, content, user_id, type, target_id) VALUES (462, '댓글 내용 462', 79, 'playlist', 168);
INSERT INTO comment(id, content, user_id, type, target_id) VALUES (463, '댓글 내용 463', 8, 'playlist', 240);
INSERT INTO comment(id, content, user_id, type, target_id) VALUES (464, '댓글 내용 464', 90, 'playlist', 208);
INSERT INTO comment(id, content, user_id, type, target_id) VALUES (465, '댓글 내용 465', 89, 'posts', 944);
INSERT INTO comment(id, content, user_id, type, target_id) VALUES (466, '댓글 내용 466', 80, 'playlist', 1);
INSERT INTO comment(id, content, user_id, type, target_id) VALUES (467, '댓글 내용 467', 82, 'playlist', 82);
INSERT INTO comment(id, content, user_id, type, target_id) VALUES (468, '댓글 내용 468', 32, 'comment', 52);
INSERT INTO comment(id, content, user_id, type, target_id) VALUES (469, '댓글 내용 469', 72, 'comment', 311);
INSERT INTO comment(id, content, user_id, type, target_id) VALUES (470, '댓글 내용 470', 50, 'comment', 441);
INSERT INTO comment(id, content, user_id, type, target_id) VALUES (471, '댓글 내용 471', 83, 'comment', 412);
INSERT INTO comment(id, content, user_id, type, target_id) VALUES (472, '댓글 내용 472', 10, 'posts', 411);
INSERT INTO comment(id, content, user_id, type, target_id) VALUES (473, '댓글 내용 473', 49, 'comment', 234);
INSERT INTO comment(id, content, user_id, type, target_id) VALUES (474, '댓글 내용 474', 86, 'posts', 765);
INSERT INTO comment(id, content, user_id, type, target_id) VALUES (475, '댓글 내용 475', 58, 'playlist', 182);
INSERT INTO comment(id, content, user_id, type, target_id) VALUES (476, '댓글 내용 476', 86, 'playlist', 82);
INSERT INTO comment(id, content, user_id, type, target_id) VALUES (477, '댓글 내용 477', 80, 'playlist', 35);
INSERT INTO comment(id, content, user_id, type, target_id) VALUES (478, '댓글 내용 478', 69, 'playlist', 19);
INSERT INTO comment(id, content, user_id, type, target_id) VALUES (479, '댓글 내용 479', 46, 'playlist', 21);
INSERT INTO comment(id, content, user_id, type, target_id) VALUES (480, '댓글 내용 480', 38, 'comment', 341);
INSERT INTO comment(id, content, user_id, type, target_id) VALUES (481, '댓글 내용 481', 75, 'playlist', 90);
INSERT INTO comment(id, content, user_id, type, target_id) VALUES (482, '댓글 내용 482', 19, 'comment', 348);
INSERT INTO comment(id, content, user_id, type, target_id) VALUES (483, '댓글 내용 483', 13, 'playlist', 235);
INSERT INTO comment(id, content, user_id, type, target_id) VALUES (484, '댓글 내용 484', 29, 'posts', 711);
INSERT INTO comment(id, content, user_id, type, target_id) VALUES (485, '댓글 내용 485', 59, 'comment', 183);
INSERT INTO comment(id, content, user_id, type, target_id) VALUES (486, '댓글 내용 486', 91, 'playlist', 154);
INSERT INTO comment(id, content, user_id, type, target_id) VALUES (487, '댓글 내용 487', 51, 'comment', 141);
INSERT INTO comment(id, content, user_id, type, target_id) VALUES (488, '댓글 내용 488', 48, 'posts', 991);
INSERT INTO comment(id, content, user_id, type, target_id) VALUES (489, '댓글 내용 489', 89, 'playlist', 74);
INSERT INTO comment(id, content, user_id, type, target_id) VALUES (490, '댓글 내용 490', 66, 'playlist', 152);
INSERT INTO comment(id, content, user_id, type, target_id) VALUES (491, '댓글 내용 491', 31, 'playlist', 226);
INSERT INTO comment(id, content, user_id, type, target_id) VALUES (492, '댓글 내용 492', 82, 'comment', 406);
INSERT INTO comment(id, content, user_id, type, target_id) VALUES (493, '댓글 내용 493', 31, 'comment', 251);
INSERT INTO comment(id, content, user_id, type, target_id) VALUES (494, '댓글 내용 494', 15, 'playlist', 19);
INSERT INTO comment(id, content, user_id, type, target_id) VALUES (495, '댓글 내용 495', 19, 'posts', 787);
INSERT INTO comment(id, content, user_id, type, target_id) VALUES (496, '댓글 내용 496', 47, 'posts', 946);
INSERT INTO comment(id, content, user_id, type, target_id) VALUES (497, '댓글 내용 497', 86, 'comment', 361);
INSERT INTO comment(id, content, user_id, type, target_id) VALUES (498, '댓글 내용 498', 38, 'posts', 347);
INSERT INTO comment(id, content, user_id, type, target_id) VALUES (499, '댓글 내용 499', 89, 'comment', 152);
INSERT INTO comment(id, content, user_id, type, target_id) VALUES (500, '댓글 내용 500', 90, 'posts', 863);
INSERT INTO comment(id, content, user_id, type, target_id) VALUES (501, '댓글 내용 501', 42, 'comment', 282);
INSERT INTO comment(id, content, user_id, type, target_id) VALUES (502, '댓글 내용 502', 42, 'playlist', 29);
INSERT INTO comment(id, content, user_id, type, target_id) VALUES (503, '댓글 내용 503', 54, 'posts', 928);
INSERT INTO comment(id, content, user_id, type, target_id) VALUES (504, '댓글 내용 504', 11, 'comment', 220);
INSERT INTO comment(id, content, user_id, type, target_id) VALUES (505, '댓글 내용 505', 8, 'comment', 383);
INSERT INTO comment(id, content, user_id, type, target_id) VALUES (506, '댓글 내용 506', 74, 'posts', 901);
INSERT INTO comment(id, content, user_id, type, target_id) VALUES (507, '댓글 내용 507', 19, 'playlist', 270);
INSERT INTO comment(id, content, user_id, type, target_id) VALUES (508, '댓글 내용 508', 19, 'posts', 649);
INSERT INTO comment(id, content, user_id, type, target_id) VALUES (509, '댓글 내용 509', 44, 'comment', 66);
INSERT INTO comment(id, content, user_id, type, target_id) VALUES (510, '댓글 내용 510', 98, 'comment', 270);
INSERT INTO comment(id, content, user_id, type, target_id) VALUES (511, '댓글 내용 511', 19, 'posts', 63);
INSERT INTO comment(id, content, user_id, type, target_id) VALUES (512, '댓글 내용 512', 54, 'playlist', 158);
INSERT INTO comment(id, content, user_id, type, target_id) VALUES (513, '댓글 내용 513', 24, 'comment', 184);
INSERT INTO comment(id, content, user_id, type, target_id) VALUES (514, '댓글 내용 514', 43, 'comment', 48);
INSERT INTO comment(id, content, user_id, type, target_id) VALUES (515, '댓글 내용 515', 44, 'posts', 907);
INSERT INTO comment(id, content, user_id, type, target_id) VALUES (516, '댓글 내용 516', 27, 'posts', 164);
INSERT INTO comment(id, content, user_id, type, target_id) VALUES (517, '댓글 내용 517', 61, 'comment', 487);
INSERT INTO comment(id, content, user_id, type, target_id) VALUES (518, '댓글 내용 518', 55, 'posts', 856);
INSERT INTO comment(id, content, user_id, type, target_id) VALUES (519, '댓글 내용 519', 30, 'comment', 291);
INSERT INTO comment(id, content, user_id, type, target_id) VALUES (520, '댓글 내용 520', 72, 'playlist', 296);
INSERT INTO comment(id, content, user_id, type, target_id) VALUES (521, '댓글 내용 521', 62, 'posts', 122);
INSERT INTO comment(id, content, user_id, type, target_id) VALUES (522, '댓글 내용 522', 79, 'comment', 519);
INSERT INTO comment(id, content, user_id, type, target_id) VALUES (523, '댓글 내용 523', 91, 'playlist', 19);
INSERT INTO comment(id, content, user_id, type, target_id) VALUES (524, '댓글 내용 524', 89, 'playlist', 67);
INSERT INTO comment(id, content, user_id, type, target_id) VALUES (525, '댓글 내용 525', 69, 'comment', 503);
INSERT INTO comment(id, content, user_id, type, target_id) VALUES (526, '댓글 내용 526', 77, 'posts', 807);
INSERT INTO comment(id, content, user_id, type, target_id) VALUES (527, '댓글 내용 527', 10, 'comment', 45);
INSERT INTO comment(id, content, user_id, type, target_id) VALUES (528, '댓글 내용 528', 12, 'playlist', 33);
INSERT INTO comment(id, content, user_id, type, target_id) VALUES (529, '댓글 내용 529', 75, 'posts', 750);
INSERT INTO comment(id, content, user_id, type, target_id) VALUES (530, '댓글 내용 530', 36, 'posts', 332);
INSERT INTO comment(id, content, user_id, type, target_id) VALUES (531, '댓글 내용 531', 97, 'posts', 608);
INSERT INTO comment(id, content, user_id, type, target_id) VALUES (532, '댓글 내용 532', 84, 'comment', 90);
INSERT INTO comment(id, content, user_id, type, target_id) VALUES (533, '댓글 내용 533', 9, 'playlist', 41);
INSERT INTO comment(id, content, user_id, type, target_id) VALUES (534, '댓글 내용 534', 53, 'posts', 409);
INSERT INTO comment(id, content, user_id, type, target_id) VALUES (535, '댓글 내용 535', 7, 'posts', 778);
INSERT INTO comment(id, content, user_id, type, target_id) VALUES (536, '댓글 내용 536', 65, 'comment', 105);
INSERT INTO comment(id, content, user_id, type, target_id) VALUES (537, '댓글 내용 537', 97, 'playlist', 113);
INSERT INTO comment(id, content, user_id, type, target_id) VALUES (538, '댓글 내용 538', 37, 'playlist', 103);
INSERT INTO comment(id, content, user_id, type, target_id) VALUES (539, '댓글 내용 539', 53, 'playlist', 237);
INSERT INTO comment(id, content, user_id, type, target_id) VALUES (540, '댓글 내용 540', 49, 'comment', 349);
INSERT INTO comment(id, content, user_id, type, target_id) VALUES (541, '댓글 내용 541', 66, 'comment', 171);
INSERT INTO comment(id, content, user_id, type, target_id) VALUES (542, '댓글 내용 542', 89, 'posts', 926);
INSERT INTO comment(id, content, user_id, type, target_id) VALUES (543, '댓글 내용 543', 80, 'posts', 821);
INSERT INTO comment(id, content, user_id, type, target_id) VALUES (544, '댓글 내용 544', 59, 'posts', 559);
INSERT INTO comment(id, content, user_id, type, target_id) VALUES (545, '댓글 내용 545', 86, 'comment', 155);
INSERT INTO comment(id, content, user_id, type, target_id) VALUES (546, '댓글 내용 546', 23, 'posts', 514);
INSERT INTO comment(id, content, user_id, type, target_id) VALUES (547, '댓글 내용 547', 87, 'playlist', 131);
INSERT INTO comment(id, content, user_id, type, target_id) VALUES (548, '댓글 내용 548', 36, 'playlist', 290);
INSERT INTO comment(id, content, user_id, type, target_id) VALUES (549, '댓글 내용 549', 23, 'posts', 276);
INSERT INTO comment(id, content, user_id, type, target_id) VALUES (550, '댓글 내용 550', 78, 'playlist', 93);
INSERT INTO comment(id, content, user_id, type, target_id) VALUES (551, '댓글 내용 551', 97, 'playlist', 184);
INSERT INTO comment(id, content, user_id, type, target_id) VALUES (552, '댓글 내용 552', 61, 'playlist', 76);
INSERT INTO comment(id, content, user_id, type, target_id) VALUES (553, '댓글 내용 553', 78, 'playlist', 194);
INSERT INTO comment(id, content, user_id, type, target_id) VALUES (554, '댓글 내용 554', 8, 'comment', 189);
INSERT INTO comment(id, content, user_id, type, target_id) VALUES (555, '댓글 내용 555', 58, 'posts', 12);
INSERT INTO comment(id, content, user_id, type, target_id) VALUES (556, '댓글 내용 556', 48, 'playlist', 273);
INSERT INTO comment(id, content, user_id, type, target_id) VALUES (557, '댓글 내용 557', 11, 'playlist', 172);
INSERT INTO comment(id, content, user_id, type, target_id) VALUES (558, '댓글 내용 558', 81, 'playlist', 248);
INSERT INTO comment(id, content, user_id, type, target_id) VALUES (559, '댓글 내용 559', 58, 'comment', 17);
INSERT INTO comment(id, content, user_id, type, target_id) VALUES (560, '댓글 내용 560', 11, 'posts', 521);
INSERT INTO comment(id, content, user_id, type, target_id) VALUES (561, '댓글 내용 561', 51, 'playlist', 256);
INSERT INTO comment(id, content, user_id, type, target_id) VALUES (562, '댓글 내용 562', 16, 'comment', 128);
INSERT INTO comment(id, content, user_id, type, target_id) VALUES (563, '댓글 내용 563', 67, 'posts', 404);
INSERT INTO comment(id, content, user_id, type, target_id) VALUES (564, '댓글 내용 564', 21, 'comment', 217);
INSERT INTO comment(id, content, user_id, type, target_id) VALUES (565, '댓글 내용 565', 72, 'comment', 462);
INSERT INTO comment(id, content, user_id, type, target_id) VALUES (566, '댓글 내용 566', 46, 'posts', 481);
INSERT INTO comment(id, content, user_id, type, target_id) VALUES (567, '댓글 내용 567', 66, 'comment', 397);
INSERT INTO comment(id, content, user_id, type, target_id) VALUES (568, '댓글 내용 568', 65, 'posts', 50);
INSERT INTO comment(id, content, user_id, type, target_id) VALUES (569, '댓글 내용 569', 16, 'playlist', 200);
INSERT INTO comment(id, content, user_id, type, target_id) VALUES (570, '댓글 내용 570', 6, 'posts', 335);
INSERT INTO comment(id, content, user_id, type, target_id) VALUES (571, '댓글 내용 571', 2, 'posts', 560);
INSERT INTO comment(id, content, user_id, type, target_id) VALUES (572, '댓글 내용 572', 83, 'playlist', 64);
INSERT INTO comment(id, content, user_id, type, target_id) VALUES (573, '댓글 내용 573', 7, 'comment', 508);
INSERT INTO comment(id, content, user_id, type, target_id) VALUES (574, '댓글 내용 574', 94, 'posts', 778);
INSERT INTO comment(id, content, user_id, type, target_id) VALUES (575, '댓글 내용 575', 63, 'comment', 366);
INSERT INTO comment(id, content, user_id, type, target_id) VALUES (576, '댓글 내용 576', 74, 'posts', 161);
INSERT INTO comment(id, content, user_id, type, target_id) VALUES (577, '댓글 내용 577', 94, 'playlist', 272);
INSERT INTO comment(id, content, user_id, type, target_id) VALUES (578, '댓글 내용 578', 69, 'posts', 710);
INSERT INTO comment(id, content, user_id, type, target_id) VALUES (579, '댓글 내용 579', 44, 'comment', 571);
INSERT INTO comment(id, content, user_id, type, target_id) VALUES (580, '댓글 내용 580', 94, 'posts', 980);
INSERT INTO comment(id, content, user_id, type, target_id) VALUES (581, '댓글 내용 581', 66, 'playlist', 101);
INSERT INTO comment(id, content, user_id, type, target_id) VALUES (582, '댓글 내용 582', 60, 'posts', 17);
INSERT INTO comment(id, content, user_id, type, target_id) VALUES (583, '댓글 내용 583', 62, 'playlist', 190);
INSERT INTO comment(id, content, user_id, type, target_id) VALUES (584, '댓글 내용 584', 41, 'comment', 504);
INSERT INTO comment(id, content, user_id, type, target_id) VALUES (585, '댓글 내용 585', 78, 'posts', 650);
INSERT INTO comment(id, content, user_id, type, target_id) VALUES (586, '댓글 내용 586', 35, 'posts', 973);
INSERT INTO comment(id, content, user_id, type, target_id) VALUES (587, '댓글 내용 587', 35, 'comment', 465);
INSERT INTO comment(id, content, user_id, type, target_id) VALUES (588, '댓글 내용 588', 91, 'posts', 313);
INSERT INTO comment(id, content, user_id, type, target_id) VALUES (589, '댓글 내용 589', 94, 'playlist', 45);
INSERT INTO comment(id, content, user_id, type, target_id) VALUES (590, '댓글 내용 590', 29, 'posts', 509);
INSERT INTO comment(id, content, user_id, type, target_id) VALUES (591, '댓글 내용 591', 52, 'playlist', 292);
INSERT INTO comment(id, content, user_id, type, target_id) VALUES (592, '댓글 내용 592', 39, 'comment', 296);
INSERT INTO comment(id, content, user_id, type, target_id) VALUES (593, '댓글 내용 593', 20, 'posts', 475);
INSERT INTO comment(id, content, user_id, type, target_id) VALUES (594, '댓글 내용 594', 86, 'comment', 475);
INSERT INTO comment(id, content, user_id, type, target_id) VALUES (595, '댓글 내용 595', 19, 'comment', 514);
INSERT INTO comment(id, content, user_id, type, target_id) VALUES (596, '댓글 내용 596', 36, 'playlist', 23);
INSERT INTO comment(id, content, user_id, type, target_id) VALUES (597, '댓글 내용 597', 36, 'playlist', 222);
INSERT INTO comment(id, content, user_id, type, target_id) VALUES (598, '댓글 내용 598', 73, 'playlist', 251);
INSERT INTO comment(id, content, user_id, type, target_id) VALUES (599, '댓글 내용 599', 6, 'comment', 283);
INSERT INTO comment(id, content, user_id, type, target_id) VALUES (600, '댓글 내용 600', 18, 'posts', 9);
INSERT INTO comment(id, content, user_id, type, target_id) VALUES (601, '댓글 내용 601', 39, 'comment', 485);
INSERT INTO comment(id, content, user_id, type, target_id) VALUES (602, '댓글 내용 602', 34, 'playlist', 240);
INSERT INTO comment(id, content, user_id, type, target_id) VALUES (603, '댓글 내용 603', 92, 'comment', 575);
INSERT INTO comment(id, content, user_id, type, target_id) VALUES (604, '댓글 내용 604', 28, 'playlist', 107);
INSERT INTO comment(id, content, user_id, type, target_id) VALUES (605, '댓글 내용 605', 90, 'playlist', 205);
INSERT INTO comment(id, content, user_id, type, target_id) VALUES (606, '댓글 내용 606', 65, 'comment', 385);
INSERT INTO comment(id, content, user_id, type, target_id) VALUES (607, '댓글 내용 607', 25, 'playlist', 61);
INSERT INTO comment(id, content, user_id, type, target_id) VALUES (608, '댓글 내용 608', 64, 'playlist', 163);
INSERT INTO comment(id, content, user_id, type, target_id) VALUES (609, '댓글 내용 609', 53, 'posts', 994);
INSERT INTO comment(id, content, user_id, type, target_id) VALUES (610, '댓글 내용 610', 84, 'playlist', 272);
INSERT INTO comment(id, content, user_id, type, target_id) VALUES (611, '댓글 내용 611', 34, 'posts', 421);
INSERT INTO comment(id, content, user_id, type, target_id) VALUES (612, '댓글 내용 612', 50, 'comment', 101);
INSERT INTO comment(id, content, user_id, type, target_id) VALUES (613, '댓글 내용 613', 6, 'playlist', 155);
INSERT INTO comment(id, content, user_id, type, target_id) VALUES (614, '댓글 내용 614', 41, 'playlist', 2);
INSERT INTO comment(id, content, user_id, type, target_id) VALUES (615, '댓글 내용 615', 90, 'posts', 398);
INSERT INTO comment(id, content, user_id, type, target_id) VALUES (616, '댓글 내용 616', 5, 'posts', 587);
INSERT INTO comment(id, content, user_id, type, target_id) VALUES (617, '댓글 내용 617', 32, 'playlist', 222);
INSERT INTO comment(id, content, user_id, type, target_id) VALUES (618, '댓글 내용 618', 40, 'playlist', 6);
INSERT INTO comment(id, content, user_id, type, target_id) VALUES (619, '댓글 내용 619', 1, 'posts', 816);
INSERT INTO comment(id, content, user_id, type, target_id) VALUES (620, '댓글 내용 620', 53, 'playlist', 187);
INSERT INTO comment(id, content, user_id, type, target_id) VALUES (621, '댓글 내용 621', 74, 'playlist', 104);
INSERT INTO comment(id, content, user_id, type, target_id) VALUES (622, '댓글 내용 622', 16, 'playlist', 249);
INSERT INTO comment(id, content, user_id, type, target_id) VALUES (623, '댓글 내용 623', 44, 'comment', 27);
INSERT INTO comment(id, content, user_id, type, target_id) VALUES (624, '댓글 내용 624', 9, 'posts', 997);
INSERT INTO comment(id, content, user_id, type, target_id) VALUES (625, '댓글 내용 625', 61, 'posts', 161);
INSERT INTO comment(id, content, user_id, type, target_id) VALUES (626, '댓글 내용 626', 20, 'comment', 258);
INSERT INTO comment(id, content, user_id, type, target_id) VALUES (627, '댓글 내용 627', 82, 'comment', 341);
INSERT INTO comment(id, content, user_id, type, target_id) VALUES (628, '댓글 내용 628', 1, 'playlist', 97);
INSERT INTO comment(id, content, user_id, type, target_id) VALUES (629, '댓글 내용 629', 52, 'posts', 318);
INSERT INTO comment(id, content, user_id, type, target_id) VALUES (630, '댓글 내용 630', 11, 'playlist', 61);
INSERT INTO comment(id, content, user_id, type, target_id) VALUES (631, '댓글 내용 631', 36, 'comment', 248);
INSERT INTO comment(id, content, user_id, type, target_id) VALUES (632, '댓글 내용 632', 45, 'comment', 406);
INSERT INTO comment(id, content, user_id, type, target_id) VALUES (633, '댓글 내용 633', 3, 'posts', 778);
INSERT INTO comment(id, content, user_id, type, target_id) VALUES (634, '댓글 내용 634', 37, 'comment', 249);
INSERT INTO comment(id, content, user_id, type, target_id) VALUES (635, '댓글 내용 635', 57, 'posts', 494);
INSERT INTO comment(id, content, user_id, type, target_id) VALUES (636, '댓글 내용 636', 56, 'posts', 187);
INSERT INTO comment(id, content, user_id, type, target_id) VALUES (637, '댓글 내용 637', 86, 'posts', 252);
INSERT INTO comment(id, content, user_id, type, target_id) VALUES (638, '댓글 내용 638', 51, 'playlist', 278);
INSERT INTO comment(id, content, user_id, type, target_id) VALUES (639, '댓글 내용 639', 86, 'comment', 119);
INSERT INTO comment(id, content, user_id, type, target_id) VALUES (640, '댓글 내용 640', 20, 'comment', 509);
INSERT INTO comment(id, content, user_id, type, target_id) VALUES (641, '댓글 내용 641', 49, 'comment', 208);
INSERT INTO comment(id, content, user_id, type, target_id) VALUES (642, '댓글 내용 642', 70, 'playlist', 196);
INSERT INTO comment(id, content, user_id, type, target_id) VALUES (643, '댓글 내용 643', 55, 'playlist', 54);
INSERT INTO comment(id, content, user_id, type, target_id) VALUES (644, '댓글 내용 644', 11, 'comment', 595);
INSERT INTO comment(id, content, user_id, type, target_id) VALUES (645, '댓글 내용 645', 22, 'playlist', 220);
INSERT INTO comment(id, content, user_id, type, target_id) VALUES (646, '댓글 내용 646', 81, 'playlist', 228);
INSERT INTO comment(id, content, user_id, type, target_id) VALUES (647, '댓글 내용 647', 93, 'playlist', 70);
INSERT INTO comment(id, content, user_id, type, target_id) VALUES (648, '댓글 내용 648', 3, 'comment', 298);
INSERT INTO comment(id, content, user_id, type, target_id) VALUES (649, '댓글 내용 649', 92, 'comment', 490);
INSERT INTO comment(id, content, user_id, type, target_id) VALUES (650, '댓글 내용 650', 63, 'posts', 77);
INSERT INTO comment(id, content, user_id, type, target_id) VALUES (651, '댓글 내용 651', 53, 'posts', 688);
INSERT INTO comment(id, content, user_id, type, target_id) VALUES (652, '댓글 내용 652', 50, 'posts', 731);
INSERT INTO comment(id, content, user_id, type, target_id) VALUES (653, '댓글 내용 653', 91, 'posts', 670);
INSERT INTO comment(id, content, user_id, type, target_id) VALUES (654, '댓글 내용 654', 58, 'posts', 862);
INSERT INTO comment(id, content, user_id, type, target_id) VALUES (655, '댓글 내용 655', 72, 'posts', 525);
INSERT INTO comment(id, content, user_id, type, target_id) VALUES (656, '댓글 내용 656', 54, 'playlist', 96);
INSERT INTO comment(id, content, user_id, type, target_id) VALUES (657, '댓글 내용 657', 66, 'playlist', 277);
INSERT INTO comment(id, content, user_id, type, target_id) VALUES (658, '댓글 내용 658', 81, 'posts', 535);
INSERT INTO comment(id, content, user_id, type, target_id) VALUES (659, '댓글 내용 659', 39, 'comment', 333);
INSERT INTO comment(id, content, user_id, type, target_id) VALUES (660, '댓글 내용 660', 31, 'playlist', 87);
INSERT INTO comment(id, content, user_id, type, target_id) VALUES (661, '댓글 내용 661', 66, 'comment', 549);
INSERT INTO comment(id, content, user_id, type, target_id) VALUES (662, '댓글 내용 662', 39, 'comment', 285);
INSERT INTO comment(id, content, user_id, type, target_id) VALUES (663, '댓글 내용 663', 31, 'comment', 188);
INSERT INTO comment(id, content, user_id, type, target_id) VALUES (664, '댓글 내용 664', 24, 'posts', 678);
INSERT INTO comment(id, content, user_id, type, target_id) VALUES (665, '댓글 내용 665', 56, 'posts', 124);
INSERT INTO comment(id, content, user_id, type, target_id) VALUES (666, '댓글 내용 666', 93, 'playlist', 157);
INSERT INTO comment(id, content, user_id, type, target_id) VALUES (667, '댓글 내용 667', 77, 'posts', 305);
INSERT INTO comment(id, content, user_id, type, target_id) VALUES (668, '댓글 내용 668', 8, 'playlist', 146);
INSERT INTO comment(id, content, user_id, type, target_id) VALUES (669, '댓글 내용 669', 41, 'playlist', 106);
INSERT INTO comment(id, content, user_id, type, target_id) VALUES (670, '댓글 내용 670', 15, 'posts', 653);
INSERT INTO comment(id, content, user_id, type, target_id) VALUES (671, '댓글 내용 671', 17, 'posts', 431);
INSERT INTO comment(id, content, user_id, type, target_id) VALUES (672, '댓글 내용 672', 76, 'playlist', 116);
INSERT INTO comment(id, content, user_id, type, target_id) VALUES (673, '댓글 내용 673', 10, 'posts', 547);
INSERT INTO comment(id, content, user_id, type, target_id) VALUES (674, '댓글 내용 674', 82, 'posts', 1000);
INSERT INTO comment(id, content, user_id, type, target_id) VALUES (675, '댓글 내용 675', 93, 'playlist', 155);
INSERT INTO comment(id, content, user_id, type, target_id) VALUES (676, '댓글 내용 676', 21, 'playlist', 109);
INSERT INTO comment(id, content, user_id, type, target_id) VALUES (677, '댓글 내용 677', 13, 'playlist', 206);
INSERT INTO comment(id, content, user_id, type, target_id) VALUES (678, '댓글 내용 678', 57, 'posts', 761);
INSERT INTO comment(id, content, user_id, type, target_id) VALUES (679, '댓글 내용 679', 64, 'comment', 305);
INSERT INTO comment(id, content, user_id, type, target_id) VALUES (680, '댓글 내용 680', 53, 'posts', 18);
INSERT INTO comment(id, content, user_id, type, target_id) VALUES (681, '댓글 내용 681', 48, 'posts', 436);
INSERT INTO comment(id, content, user_id, type, target_id) VALUES (682, '댓글 내용 682', 56, 'playlist', 200);
INSERT INTO comment(id, content, user_id, type, target_id) VALUES (683, '댓글 내용 683', 43, 'playlist', 51);
INSERT INTO comment(id, content, user_id, type, target_id) VALUES (684, '댓글 내용 684', 32, 'posts', 384);
INSERT INTO comment(id, content, user_id, type, target_id) VALUES (685, '댓글 내용 685', 36, 'posts', 745);
INSERT INTO comment(id, content, user_id, type, target_id) VALUES (686, '댓글 내용 686', 87, 'posts', 773);
INSERT INTO comment(id, content, user_id, type, target_id) VALUES (687, '댓글 내용 687', 57, 'playlist', 147);
INSERT INTO comment(id, content, user_id, type, target_id) VALUES (688, '댓글 내용 688', 50, 'posts', 877);
INSERT INTO comment(id, content, user_id, type, target_id) VALUES (689, '댓글 내용 689', 59, 'posts', 665);
INSERT INTO comment(id, content, user_id, type, target_id) VALUES (690, '댓글 내용 690', 69, 'posts', 760);
INSERT INTO comment(id, content, user_id, type, target_id) VALUES (691, '댓글 내용 691', 68, 'comment', 32);
INSERT INTO comment(id, content, user_id, type, target_id) VALUES (692, '댓글 내용 692', 83, 'posts', 759);
INSERT INTO comment(id, content, user_id, type, target_id) VALUES (693, '댓글 내용 693', 47, 'playlist', 8);
INSERT INTO comment(id, content, user_id, type, target_id) VALUES (694, '댓글 내용 694', 69, 'posts', 813);
INSERT INTO comment(id, content, user_id, type, target_id) VALUES (695, '댓글 내용 695', 3, 'playlist', 87);
INSERT INTO comment(id, content, user_id, type, target_id) VALUES (696, '댓글 내용 696', 12, 'posts', 709);
INSERT INTO comment(id, content, user_id, type, target_id) VALUES (697, '댓글 내용 697', 23, 'posts', 439);
INSERT INTO comment(id, content, user_id, type, target_id) VALUES (698, '댓글 내용 698', 74, 'comment', 628);
INSERT INTO comment(id, content, user_id, type, target_id) VALUES (699, '댓글 내용 699', 98, 'posts', 329);
INSERT INTO comment(id, content, user_id, type, target_id) VALUES (700, '댓글 내용 700', 36, 'playlist', 195);
INSERT INTO comment(id, content, user_id, type, target_id) VALUES (701, '댓글 내용 701', 54, 'playlist', 64);
INSERT INTO comment(id, content, user_id, type, target_id) VALUES (702, '댓글 내용 702', 41, 'playlist', 261);
INSERT INTO comment(id, content, user_id, type, target_id) VALUES (703, '댓글 내용 703', 20, 'playlist', 265);
INSERT INTO comment(id, content, user_id, type, target_id) VALUES (704, '댓글 내용 704', 97, 'playlist', 185);
INSERT INTO comment(id, content, user_id, type, target_id) VALUES (705, '댓글 내용 705', 79, 'posts', 87);
INSERT INTO comment(id, content, user_id, type, target_id) VALUES (706, '댓글 내용 706', 6, 'comment', 4);
INSERT INTO comment(id, content, user_id, type, target_id) VALUES (707, '댓글 내용 707', 95, 'posts', 945);
INSERT INTO comment(id, content, user_id, type, target_id) VALUES (708, '댓글 내용 708', 69, 'posts', 794);
INSERT INTO comment(id, content, user_id, type, target_id) VALUES (709, '댓글 내용 709', 75, 'playlist', 149);
INSERT INTO comment(id, content, user_id, type, target_id) VALUES (710, '댓글 내용 710', 52, 'comment', 610);
INSERT INTO comment(id, content, user_id, type, target_id) VALUES (711, '댓글 내용 711', 95, 'posts', 436);
INSERT INTO comment(id, content, user_id, type, target_id) VALUES (712, '댓글 내용 712', 61, 'comment', 588);
INSERT INTO comment(id, content, user_id, type, target_id) VALUES (713, '댓글 내용 713', 87, 'posts', 133);
INSERT INTO comment(id, content, user_id, type, target_id) VALUES (714, '댓글 내용 714', 28, 'comment', 34);
INSERT INTO comment(id, content, user_id, type, target_id) VALUES (715, '댓글 내용 715', 12, 'playlist', 124);
INSERT INTO comment(id, content, user_id, type, target_id) VALUES (716, '댓글 내용 716', 50, 'comment', 687);
INSERT INTO comment(id, content, user_id, type, target_id) VALUES (717, '댓글 내용 717', 78, 'posts', 279);
INSERT INTO comment(id, content, user_id, type, target_id) VALUES (718, '댓글 내용 718', 6, 'comment', 94);
INSERT INTO comment(id, content, user_id, type, target_id) VALUES (719, '댓글 내용 719', 10, 'comment', 159);
INSERT INTO comment(id, content, user_id, type, target_id) VALUES (720, '댓글 내용 720', 32, 'posts', 981);
INSERT INTO comment(id, content, user_id, type, target_id) VALUES (721, '댓글 내용 721', 20, 'posts', 356);
INSERT INTO comment(id, content, user_id, type, target_id) VALUES (722, '댓글 내용 722', 17, 'posts', 188);
INSERT INTO comment(id, content, user_id, type, target_id) VALUES (723, '댓글 내용 723', 43, 'posts', 446);
INSERT INTO comment(id, content, user_id, type, target_id) VALUES (724, '댓글 내용 724', 53, 'playlist', 177);
INSERT INTO comment(id, content, user_id, type, target_id) VALUES (725, '댓글 내용 725', 50, 'comment', 577);
INSERT INTO comment(id, content, user_id, type, target_id) VALUES (726, '댓글 내용 726', 17, 'playlist', 282);
INSERT INTO comment(id, content, user_id, type, target_id) VALUES (727, '댓글 내용 727', 40, 'comment', 192);
INSERT INTO comment(id, content, user_id, type, target_id) VALUES (728, '댓글 내용 728', 53, 'playlist', 89);
INSERT INTO comment(id, content, user_id, type, target_id) VALUES (729, '댓글 내용 729', 92, 'comment', 3);
INSERT INTO comment(id, content, user_id, type, target_id) VALUES (730, '댓글 내용 730', 8, 'comment', 76);
INSERT INTO comment(id, content, user_id, type, target_id) VALUES (731, '댓글 내용 731', 66, 'comment', 585);
INSERT INTO comment(id, content, user_id, type, target_id) VALUES (732, '댓글 내용 732', 25, 'comment', 498);
INSERT INTO comment(id, content, user_id, type, target_id) VALUES (733, '댓글 내용 733', 86, 'posts', 565);
INSERT INTO comment(id, content, user_id, type, target_id) VALUES (734, '댓글 내용 734', 46, 'comment', 420);
INSERT INTO comment(id, content, user_id, type, target_id) VALUES (735, '댓글 내용 735', 65, 'comment', 630);
INSERT INTO comment(id, content, user_id, type, target_id) VALUES (736, '댓글 내용 736', 33, 'posts', 70);
INSERT INTO comment(id, content, user_id, type, target_id) VALUES (737, '댓글 내용 737', 94, 'playlist', 4);
INSERT INTO comment(id, content, user_id, type, target_id) VALUES (738, '댓글 내용 738', 29, 'comment', 45);
INSERT INTO comment(id, content, user_id, type, target_id) VALUES (739, '댓글 내용 739', 43, 'comment', 685);
INSERT INTO comment(id, content, user_id, type, target_id) VALUES (740, '댓글 내용 740', 60, 'playlist', 162);
INSERT INTO comment(id, content, user_id, type, target_id) VALUES (741, '댓글 내용 741', 91, 'playlist', 128);
INSERT INTO comment(id, content, user_id, type, target_id) VALUES (742, '댓글 내용 742', 18, 'posts', 894);
INSERT INTO comment(id, content, user_id, type, target_id) VALUES (743, '댓글 내용 743', 61, 'posts', 363);
INSERT INTO comment(id, content, user_id, type, target_id) VALUES (744, '댓글 내용 744', 17, 'posts', 523);
INSERT INTO comment(id, content, user_id, type, target_id) VALUES (745, '댓글 내용 745', 97, 'playlist', 201);
INSERT INTO comment(id, content, user_id, type, target_id) VALUES (746, '댓글 내용 746', 5, 'playlist', 64);
INSERT INTO comment(id, content, user_id, type, target_id) VALUES (747, '댓글 내용 747', 56, 'comment', 286);
INSERT INTO comment(id, content, user_id, type, target_id) VALUES (748, '댓글 내용 748', 82, 'posts', 950);
INSERT INTO comment(id, content, user_id, type, target_id) VALUES (749, '댓글 내용 749', 82, 'comment', 254);
INSERT INTO comment(id, content, user_id, type, target_id) VALUES (750, '댓글 내용 750', 49, 'playlist', 290);
INSERT INTO comment(id, content, user_id, type, target_id) VALUES (751, '댓글 내용 751', 46, 'playlist', 186);
INSERT INTO comment(id, content, user_id, type, target_id) VALUES (752, '댓글 내용 752', 77, 'comment', 580);
INSERT INTO comment(id, content, user_id, type, target_id) VALUES (753, '댓글 내용 753', 61, 'playlist', 201);
INSERT INTO comment(id, content, user_id, type, target_id) VALUES (754, '댓글 내용 754', 48, 'playlist', 295);
INSERT INTO comment(id, content, user_id, type, target_id) VALUES (755, '댓글 내용 755', 39, 'comment', 600);
INSERT INTO comment(id, content, user_id, type, target_id) VALUES (756, '댓글 내용 756', 62, 'comment', 369);
INSERT INTO comment(id, content, user_id, type, target_id) VALUES (757, '댓글 내용 757', 97, 'posts', 112);
INSERT INTO comment(id, content, user_id, type, target_id) VALUES (758, '댓글 내용 758', 94, 'posts', 512);
INSERT INTO comment(id, content, user_id, type, target_id) VALUES (759, '댓글 내용 759', 26, 'comment', 274);
INSERT INTO comment(id, content, user_id, type, target_id) VALUES (760, '댓글 내용 760', 11, 'posts', 688);
INSERT INTO comment(id, content, user_id, type, target_id) VALUES (761, '댓글 내용 761', 88, 'comment', 582);
INSERT INTO comment(id, content, user_id, type, target_id) VALUES (762, '댓글 내용 762', 62, 'posts', 886);
INSERT INTO comment(id, content, user_id, type, target_id) VALUES (763, '댓글 내용 763', 85, 'comment', 491);
INSERT INTO comment(id, content, user_id, type, target_id) VALUES (764, '댓글 내용 764', 2, 'posts', 406);
INSERT INTO comment(id, content, user_id, type, target_id) VALUES (765, '댓글 내용 765', 79, 'posts', 778);
INSERT INTO comment(id, content, user_id, type, target_id) VALUES (766, '댓글 내용 766', 95, 'posts', 604);
INSERT INTO comment(id, content, user_id, type, target_id) VALUES (767, '댓글 내용 767', 87, 'posts', 1000);
INSERT INTO comment(id, content, user_id, type, target_id) VALUES (768, '댓글 내용 768', 27, 'posts', 757);
INSERT INTO comment(id, content, user_id, type, target_id) VALUES (769, '댓글 내용 769', 73, 'playlist', 175);
INSERT INTO comment(id, content, user_id, type, target_id) VALUES (770, '댓글 내용 770', 69, 'comment', 467);
INSERT INTO comment(id, content, user_id, type, target_id) VALUES (771, '댓글 내용 771', 51, 'playlist', 1);
INSERT INTO comment(id, content, user_id, type, target_id) VALUES (772, '댓글 내용 772', 48, 'posts', 644);
INSERT INTO comment(id, content, user_id, type, target_id) VALUES (773, '댓글 내용 773', 63, 'comment', 320);
INSERT INTO comment(id, content, user_id, type, target_id) VALUES (774, '댓글 내용 774', 35, 'playlist', 283);
INSERT INTO comment(id, content, user_id, type, target_id) VALUES (775, '댓글 내용 775', 96, 'playlist', 81);
INSERT INTO comment(id, content, user_id, type, target_id) VALUES (776, '댓글 내용 776', 20, 'posts', 731);
INSERT INTO comment(id, content, user_id, type, target_id) VALUES (777, '댓글 내용 777', 29, 'comment', 183);
INSERT INTO comment(id, content, user_id, type, target_id) VALUES (778, '댓글 내용 778', 70, 'playlist', 56);
INSERT INTO comment(id, content, user_id, type, target_id) VALUES (779, '댓글 내용 779', 41, 'posts', 475);
INSERT INTO comment(id, content, user_id, type, target_id) VALUES (780, '댓글 내용 780', 32, 'posts', 625);
INSERT INTO comment(id, content, user_id, type, target_id) VALUES (781, '댓글 내용 781', 50, 'comment', 597);
INSERT INTO comment(id, content, user_id, type, target_id) VALUES (782, '댓글 내용 782', 59, 'posts', 51);
INSERT INTO comment(id, content, user_id, type, target_id) VALUES (783, '댓글 내용 783', 4, 'playlist', 239);
INSERT INTO comment(id, content, user_id, type, target_id) VALUES (784, '댓글 내용 784', 25, 'comment', 6);
INSERT INTO comment(id, content, user_id, type, target_id) VALUES (785, '댓글 내용 785', 81, 'posts', 381);
INSERT INTO comment(id, content, user_id, type, target_id) VALUES (786, '댓글 내용 786', 98, 'posts', 35);
INSERT INTO comment(id, content, user_id, type, target_id) VALUES (787, '댓글 내용 787', 39, 'playlist', 99);
INSERT INTO comment(id, content, user_id, type, target_id) VALUES (788, '댓글 내용 788', 13, 'comment', 373);
INSERT INTO comment(id, content, user_id, type, target_id) VALUES (789, '댓글 내용 789', 23, 'comment', 513);
INSERT INTO comment(id, content, user_id, type, target_id) VALUES (790, '댓글 내용 790', 100, 'comment', 39);
INSERT INTO comment(id, content, user_id, type, target_id) VALUES (791, '댓글 내용 791', 42, 'comment', 469);
INSERT INTO comment(id, content, user_id, type, target_id) VALUES (792, '댓글 내용 792', 61, 'comment', 650);
INSERT INTO comment(id, content, user_id, type, target_id) VALUES (793, '댓글 내용 793', 19, 'playlist', 192);
INSERT INTO comment(id, content, user_id, type, target_id) VALUES (794, '댓글 내용 794', 55, 'posts', 298);
INSERT INTO comment(id, content, user_id, type, target_id) VALUES (795, '댓글 내용 795', 52, 'playlist', 89);
INSERT INTO comment(id, content, user_id, type, target_id) VALUES (796, '댓글 내용 796', 88, 'comment', 632);
INSERT INTO comment(id, content, user_id, type, target_id) VALUES (797, '댓글 내용 797', 76, 'comment', 601);
INSERT INTO comment(id, content, user_id, type, target_id) VALUES (798, '댓글 내용 798', 87, 'playlist', 71);
INSERT INTO comment(id, content, user_id, type, target_id) VALUES (799, '댓글 내용 799', 61, 'posts', 37);
INSERT INTO comment(id, content, user_id, type, target_id) VALUES (800, '댓글 내용 800', 18, 'playlist', 95);
INSERT INTO comment(id, content, user_id, type, target_id) VALUES (801, '댓글 내용 801', 2, 'playlist', 239);
INSERT INTO comment(id, content, user_id, type, target_id) VALUES (802, '댓글 내용 802', 15, 'comment', 96);
INSERT INTO comment(id, content, user_id, type, target_id) VALUES (803, '댓글 내용 803', 30, 'playlist', 220);
INSERT INTO comment(id, content, user_id, type, target_id) VALUES (804, '댓글 내용 804', 97, 'playlist', 290);
INSERT INTO comment(id, content, user_id, type, target_id) VALUES (805, '댓글 내용 805', 24, 'playlist', 59);
INSERT INTO comment(id, content, user_id, type, target_id) VALUES (806, '댓글 내용 806', 19, 'comment', 5);
INSERT INTO comment(id, content, user_id, type, target_id) VALUES (807, '댓글 내용 807', 63, 'posts', 748);
INSERT INTO comment(id, content, user_id, type, target_id) VALUES (808, '댓글 내용 808', 37, 'posts', 644);
INSERT INTO comment(id, content, user_id, type, target_id) VALUES (809, '댓글 내용 809', 51, 'comment', 691);
INSERT INTO comment(id, content, user_id, type, target_id) VALUES (810, '댓글 내용 810', 13, 'posts', 389);
INSERT INTO comment(id, content, user_id, type, target_id) VALUES (811, '댓글 내용 811', 14, 'playlist', 186);
INSERT INTO comment(id, content, user_id, type, target_id) VALUES (812, '댓글 내용 812', 74, 'posts', 364);
INSERT INTO comment(id, content, user_id, type, target_id) VALUES (813, '댓글 내용 813', 86, 'posts', 6);
INSERT INTO comment(id, content, user_id, type, target_id) VALUES (814, '댓글 내용 814', 69, 'posts', 677);
INSERT INTO comment(id, content, user_id, type, target_id) VALUES (815, '댓글 내용 815', 57, 'posts', 477);
INSERT INTO comment(id, content, user_id, type, target_id) VALUES (816, '댓글 내용 816', 82, 'posts', 404);
INSERT INTO comment(id, content, user_id, type, target_id) VALUES (817, '댓글 내용 817', 52, 'comment', 287);
INSERT INTO comment(id, content, user_id, type, target_id) VALUES (818, '댓글 내용 818', 58, 'comment', 794);
INSERT INTO comment(id, content, user_id, type, target_id) VALUES (819, '댓글 내용 819', 99, 'comment', 587);
INSERT INTO comment(id, content, user_id, type, target_id) VALUES (820, '댓글 내용 820', 22, 'posts', 631);
INSERT INTO comment(id, content, user_id, type, target_id) VALUES (821, '댓글 내용 821', 46, 'posts', 989);
INSERT INTO comment(id, content, user_id, type, target_id) VALUES (822, '댓글 내용 822', 3, 'comment', 217);
INSERT INTO comment(id, content, user_id, type, target_id) VALUES (823, '댓글 내용 823', 68, 'playlist', 260);
INSERT INTO comment(id, content, user_id, type, target_id) VALUES (824, '댓글 내용 824', 8, 'posts', 985);
INSERT INTO comment(id, content, user_id, type, target_id) VALUES (825, '댓글 내용 825', 93, 'posts', 482);
INSERT INTO comment(id, content, user_id, type, target_id) VALUES (826, '댓글 내용 826', 28, 'posts', 319);
INSERT INTO comment(id, content, user_id, type, target_id) VALUES (827, '댓글 내용 827', 56, 'comment', 606);
INSERT INTO comment(id, content, user_id, type, target_id) VALUES (828, '댓글 내용 828', 21, 'playlist', 77);
INSERT INTO comment(id, content, user_id, type, target_id) VALUES (829, '댓글 내용 829', 41, 'posts', 890);
INSERT INTO comment(id, content, user_id, type, target_id) VALUES (830, '댓글 내용 830', 96, 'comment', 786);
INSERT INTO comment(id, content, user_id, type, target_id) VALUES (831, '댓글 내용 831', 51, 'comment', 87);
INSERT INTO comment(id, content, user_id, type, target_id) VALUES (832, '댓글 내용 832', 99, 'comment', 649);
INSERT INTO comment(id, content, user_id, type, target_id) VALUES (833, '댓글 내용 833', 36, 'posts', 392);
INSERT INTO comment(id, content, user_id, type, target_id) VALUES (834, '댓글 내용 834', 29, 'posts', 817);
INSERT INTO comment(id, content, user_id, type, target_id) VALUES (835, '댓글 내용 835', 13, 'comment', 142);
INSERT INTO comment(id, content, user_id, type, target_id) VALUES (836, '댓글 내용 836', 93, 'playlist', 150);
INSERT INTO comment(id, content, user_id, type, target_id) VALUES (837, '댓글 내용 837', 79, 'comment', 783);
INSERT INTO comment(id, content, user_id, type, target_id) VALUES (838, '댓글 내용 838', 74, 'comment', 800);
INSERT INTO comment(id, content, user_id, type, target_id) VALUES (839, '댓글 내용 839', 87, 'comment', 145);
INSERT INTO comment(id, content, user_id, type, target_id) VALUES (840, '댓글 내용 840', 80, 'posts', 369);
INSERT INTO comment(id, content, user_id, type, target_id) VALUES (841, '댓글 내용 841', 46, 'posts', 938);
INSERT INTO comment(id, content, user_id, type, target_id) VALUES (842, '댓글 내용 842', 19, 'playlist', 70);
INSERT INTO comment(id, content, user_id, type, target_id) VALUES (843, '댓글 내용 843', 13, 'posts', 206);
INSERT INTO comment(id, content, user_id, type, target_id) VALUES (844, '댓글 내용 844', 72, 'comment', 274);
INSERT INTO comment(id, content, user_id, type, target_id) VALUES (845, '댓글 내용 845', 30, 'comment', 702);
INSERT INTO comment(id, content, user_id, type, target_id) VALUES (846, '댓글 내용 846', 56, 'posts', 348);
INSERT INTO comment(id, content, user_id, type, target_id) VALUES (847, '댓글 내용 847', 68, 'posts', 802);
INSERT INTO comment(id, content, user_id, type, target_id) VALUES (848, '댓글 내용 848', 70, 'posts', 186);
INSERT INTO comment(id, content, user_id, type, target_id) VALUES (849, '댓글 내용 849', 90, 'posts', 843);
INSERT INTO comment(id, content, user_id, type, target_id) VALUES (850, '댓글 내용 850', 69, 'posts', 821);
INSERT INTO comment(id, content, user_id, type, target_id) VALUES (851, '댓글 내용 851', 16, 'playlist', 191);
INSERT INTO comment(id, content, user_id, type, target_id) VALUES (852, '댓글 내용 852', 48, 'playlist', 254);
INSERT INTO comment(id, content, user_id, type, target_id) VALUES (853, '댓글 내용 853', 7, 'playlist', 256);
INSERT INTO comment(id, content, user_id, type, target_id) VALUES (854, '댓글 내용 854', 50, 'comment', 531);
INSERT INTO comment(id, content, user_id, type, target_id) VALUES (855, '댓글 내용 855', 5, 'playlist', 256);
INSERT INTO comment(id, content, user_id, type, target_id) VALUES (856, '댓글 내용 856', 49, 'comment', 39);
INSERT INTO comment(id, content, user_id, type, target_id) VALUES (857, '댓글 내용 857', 14, 'posts', 34);
INSERT INTO comment(id, content, user_id, type, target_id) VALUES (858, '댓글 내용 858', 8, 'comment', 518);
INSERT INTO comment(id, content, user_id, type, target_id) VALUES (859, '댓글 내용 859', 42, 'posts', 698);
INSERT INTO comment(id, content, user_id, type, target_id) VALUES (860, '댓글 내용 860', 91, 'posts', 14);
INSERT INTO comment(id, content, user_id, type, target_id) VALUES (861, '댓글 내용 861', 66, 'comment', 150);
INSERT INTO comment(id, content, user_id, type, target_id) VALUES (862, '댓글 내용 862', 21, 'posts', 239);
INSERT INTO comment(id, content, user_id, type, target_id) VALUES (863, '댓글 내용 863', 46, 'playlist', 109);
INSERT INTO comment(id, content, user_id, type, target_id) VALUES (864, '댓글 내용 864', 43, 'posts', 314);
INSERT INTO comment(id, content, user_id, type, target_id) VALUES (865, '댓글 내용 865', 36, 'playlist', 287);
INSERT INTO comment(id, content, user_id, type, target_id) VALUES (866, '댓글 내용 866', 68, 'posts', 471);
INSERT INTO comment(id, content, user_id, type, target_id) VALUES (867, '댓글 내용 867', 52, 'posts', 699);
INSERT INTO comment(id, content, user_id, type, target_id) VALUES (868, '댓글 내용 868', 94, 'posts', 981);
INSERT INTO comment(id, content, user_id, type, target_id) VALUES (869, '댓글 내용 869', 51, 'playlist', 191);
INSERT INTO comment(id, content, user_id, type, target_id) VALUES (870, '댓글 내용 870', 72, 'playlist', 185);
INSERT INTO comment(id, content, user_id, type, target_id) VALUES (871, '댓글 내용 871', 3, 'playlist', 252);
INSERT INTO comment(id, content, user_id, type, target_id) VALUES (872, '댓글 내용 872', 42, 'posts', 918);
INSERT INTO comment(id, content, user_id, type, target_id) VALUES (873, '댓글 내용 873', 65, 'posts', 562);
INSERT INTO comment(id, content, user_id, type, target_id) VALUES (874, '댓글 내용 874', 58, 'posts', 765);
INSERT INTO comment(id, content, user_id, type, target_id) VALUES (875, '댓글 내용 875', 86, 'posts', 540);
INSERT INTO comment(id, content, user_id, type, target_id) VALUES (876, '댓글 내용 876', 86, 'playlist', 225);
INSERT INTO comment(id, content, user_id, type, target_id) VALUES (877, '댓글 내용 877', 5, 'comment', 665);
INSERT INTO comment(id, content, user_id, type, target_id) VALUES (878, '댓글 내용 878', 56, 'comment', 126);
INSERT INTO comment(id, content, user_id, type, target_id) VALUES (879, '댓글 내용 879', 55, 'playlist', 147);
INSERT INTO comment(id, content, user_id, type, target_id) VALUES (880, '댓글 내용 880', 9, 'playlist', 122);
INSERT INTO comment(id, content, user_id, type, target_id) VALUES (881, '댓글 내용 881', 20, 'posts', 203);
INSERT INTO comment(id, content, user_id, type, target_id) VALUES (882, '댓글 내용 882', 2, 'playlist', 87);
INSERT INTO comment(id, content, user_id, type, target_id) VALUES (883, '댓글 내용 883', 83, 'playlist', 31);
INSERT INTO comment(id, content, user_id, type, target_id) VALUES (884, '댓글 내용 884', 75, 'playlist', 99);
INSERT INTO comment(id, content, user_id, type, target_id) VALUES (885, '댓글 내용 885', 57, 'playlist', 294);
INSERT INTO comment(id, content, user_id, type, target_id) VALUES (886, '댓글 내용 886', 25, 'playlist', 65);
INSERT INTO comment(id, content, user_id, type, target_id) VALUES (887, '댓글 내용 887', 86, 'playlist', 192);
INSERT INTO comment(id, content, user_id, type, target_id) VALUES (888, '댓글 내용 888', 46, 'playlist', 133);
INSERT INTO comment(id, content, user_id, type, target_id) VALUES (889, '댓글 내용 889', 32, 'playlist', 151);
INSERT INTO comment(id, content, user_id, type, target_id) VALUES (890, '댓글 내용 890', 67, 'comment', 705);
INSERT INTO comment(id, content, user_id, type, target_id) VALUES (891, '댓글 내용 891', 56, 'posts', 970);
INSERT INTO comment(id, content, user_id, type, target_id) VALUES (892, '댓글 내용 892', 38, 'posts', 539);
INSERT INTO comment(id, content, user_id, type, target_id) VALUES (893, '댓글 내용 893', 67, 'playlist', 52);
INSERT INTO comment(id, content, user_id, type, target_id) VALUES (894, '댓글 내용 894', 34, 'posts', 239);
INSERT INTO comment(id, content, user_id, type, target_id) VALUES (895, '댓글 내용 895', 41, 'comment', 262);
INSERT INTO comment(id, content, user_id, type, target_id) VALUES (896, '댓글 내용 896', 79, 'posts', 587);
INSERT INTO comment(id, content, user_id, type, target_id) VALUES (897, '댓글 내용 897', 76, 'comment', 340);
INSERT INTO comment(id, content, user_id, type, target_id) VALUES (898, '댓글 내용 898', 1, 'playlist', 10);
INSERT INTO comment(id, content, user_id, type, target_id) VALUES (899, '댓글 내용 899', 98, 'playlist', 248);
INSERT INTO comment(id, content, user_id, type, target_id) VALUES (900, '댓글 내용 900', 68, 'comment', 84);
INSERT INTO comment(id, content, user_id, type, target_id) VALUES (901, '댓글 내용 901', 86, 'comment', 815);
INSERT INTO comment(id, content, user_id, type, target_id) VALUES (902, '댓글 내용 902', 31, 'playlist', 164);
INSERT INTO comment(id, content, user_id, type, target_id) VALUES (903, '댓글 내용 903', 68, 'playlist', 6);
INSERT INTO comment(id, content, user_id, type, target_id) VALUES (904, '댓글 내용 904', 26, 'posts', 722);
INSERT INTO comment(id, content, user_id, type, target_id) VALUES (905, '댓글 내용 905', 54, 'playlist', 78);
INSERT INTO comment(id, content, user_id, type, target_id) VALUES (906, '댓글 내용 906', 55, 'posts', 791);
INSERT INTO comment(id, content, user_id, type, target_id) VALUES (907, '댓글 내용 907', 85, 'posts', 527);
INSERT INTO comment(id, content, user_id, type, target_id) VALUES (908, '댓글 내용 908', 40, 'playlist', 223);
INSERT INTO comment(id, content, user_id, type, target_id) VALUES (909, '댓글 내용 909', 70, 'comment', 38);
INSERT INTO comment(id, content, user_id, type, target_id) VALUES (910, '댓글 내용 910', 83, 'playlist', 282);
INSERT INTO comment(id, content, user_id, type, target_id) VALUES (911, '댓글 내용 911', 63, 'comment', 64);
INSERT INTO comment(id, content, user_id, type, target_id) VALUES (912, '댓글 내용 912', 10, 'posts', 805);
INSERT INTO comment(id, content, user_id, type, target_id) VALUES (913, '댓글 내용 913', 34, 'posts', 984);
INSERT INTO comment(id, content, user_id, type, target_id) VALUES (914, '댓글 내용 914', 93, 'posts', 840);
INSERT INTO comment(id, content, user_id, type, target_id) VALUES (915, '댓글 내용 915', 96, 'posts', 324);
INSERT INTO comment(id, content, user_id, type, target_id) VALUES (916, '댓글 내용 916', 27, 'playlist', 45);
INSERT INTO comment(id, content, user_id, type, target_id) VALUES (917, '댓글 내용 917', 11, 'posts', 531);
INSERT INTO comment(id, content, user_id, type, target_id) VALUES (918, '댓글 내용 918', 90, 'posts', 162);
INSERT INTO comment(id, content, user_id, type, target_id) VALUES (919, '댓글 내용 919', 31, 'posts', 810);
INSERT INTO comment(id, content, user_id, type, target_id) VALUES (920, '댓글 내용 920', 85, 'comment', 692);
INSERT INTO comment(id, content, user_id, type, target_id) VALUES (921, '댓글 내용 921', 16, 'comment', 138);
INSERT INTO comment(id, content, user_id, type, target_id) VALUES (922, '댓글 내용 922', 33, 'posts', 171);
INSERT INTO comment(id, content, user_id, type, target_id) VALUES (923, '댓글 내용 923', 26, 'playlist', 143);
INSERT INTO comment(id, content, user_id, type, target_id) VALUES (924, '댓글 내용 924', 43, 'comment', 233);
INSERT INTO comment(id, content, user_id, type, target_id) VALUES (925, '댓글 내용 925', 24, 'posts', 699);
INSERT INTO comment(id, content, user_id, type, target_id) VALUES (926, '댓글 내용 926', 52, 'playlist', 155);
INSERT INTO comment(id, content, user_id, type, target_id) VALUES (927, '댓글 내용 927', 92, 'posts', 291);
INSERT INTO comment(id, content, user_id, type, target_id) VALUES (928, '댓글 내용 928', 15, 'playlist', 149);
INSERT INTO comment(id, content, user_id, type, target_id) VALUES (929, '댓글 내용 929', 20, 'posts', 505);
INSERT INTO comment(id, content, user_id, type, target_id) VALUES (930, '댓글 내용 930', 30, 'playlist', 118);
INSERT INTO comment(id, content, user_id, type, target_id) VALUES (931, '댓글 내용 931', 80, 'playlist', 253);
INSERT INTO comment(id, content, user_id, type, target_id) VALUES (932, '댓글 내용 932', 80, 'comment', 697);
INSERT INTO comment(id, content, user_id, type, target_id) VALUES (933, '댓글 내용 933', 44, 'posts', 24);
INSERT INTO comment(id, content, user_id, type, target_id) VALUES (934, '댓글 내용 934', 90, 'playlist', 291);
INSERT INTO comment(id, content, user_id, type, target_id) VALUES (935, '댓글 내용 935', 57, 'comment', 560);
INSERT INTO comment(id, content, user_id, type, target_id) VALUES (936, '댓글 내용 936', 1, 'posts', 519);
INSERT INTO comment(id, content, user_id, type, target_id) VALUES (937, '댓글 내용 937', 87, 'posts', 67);
INSERT INTO comment(id, content, user_id, type, target_id) VALUES (938, '댓글 내용 938', 93, 'comment', 840);
INSERT INTO comment(id, content, user_id, type, target_id) VALUES (939, '댓글 내용 939', 100, 'comment', 360);
INSERT INTO comment(id, content, user_id, type, target_id) VALUES (940, '댓글 내용 940', 35, 'playlist', 69);
INSERT INTO comment(id, content, user_id, type, target_id) VALUES (941, '댓글 내용 941', 51, 'playlist', 213);
INSERT INTO comment(id, content, user_id, type, target_id) VALUES (942, '댓글 내용 942', 17, 'posts', 767);
INSERT INTO comment(id, content, user_id, type, target_id) VALUES (943, '댓글 내용 943', 42, 'comment', 3);
INSERT INTO comment(id, content, user_id, type, target_id) VALUES (944, '댓글 내용 944', 48, 'posts', 624);
INSERT INTO comment(id, content, user_id, type, target_id) VALUES (945, '댓글 내용 945', 46, 'posts', 726);
INSERT INTO comment(id, content, user_id, type, target_id) VALUES (946, '댓글 내용 946', 51, 'playlist', 218);
INSERT INTO comment(id, content, user_id, type, target_id) VALUES (947, '댓글 내용 947', 10, 'comment', 702);
INSERT INTO comment(id, content, user_id, type, target_id) VALUES (948, '댓글 내용 948', 92, 'posts', 780);
INSERT INTO comment(id, content, user_id, type, target_id) VALUES (949, '댓글 내용 949', 97, 'posts', 706);
INSERT INTO comment(id, content, user_id, type, target_id) VALUES (950, '댓글 내용 950', 35, 'comment', 481);
INSERT INTO comment(id, content, user_id, type, target_id) VALUES (951, '댓글 내용 951', 25, 'posts', 796);
INSERT INTO comment(id, content, user_id, type, target_id) VALUES (952, '댓글 내용 952', 67, 'comment', 63);
INSERT INTO comment(id, content, user_id, type, target_id) VALUES (953, '댓글 내용 953', 17, 'playlist', 113);
INSERT INTO comment(id, content, user_id, type, target_id) VALUES (954, '댓글 내용 954', 50, 'posts', 507);
INSERT INTO comment(id, content, user_id, type, target_id) VALUES (955, '댓글 내용 955', 59, 'comment', 875);
INSERT INTO comment(id, content, user_id, type, target_id) VALUES (956, '댓글 내용 956', 10, 'comment', 718);
INSERT INTO comment(id, content, user_id, type, target_id) VALUES (957, '댓글 내용 957', 40, 'posts', 529);
INSERT INTO comment(id, content, user_id, type, target_id) VALUES (958, '댓글 내용 958', 100, 'playlist', 1);
INSERT INTO comment(id, content, user_id, type, target_id) VALUES (959, '댓글 내용 959', 35, 'comment', 321);
INSERT INTO comment(id, content, user_id, type, target_id) VALUES (960, '댓글 내용 960', 57, 'comment', 271);
INSERT INTO comment(id, content, user_id, type, target_id) VALUES (961, '댓글 내용 961', 88, 'posts', 708);
INSERT INTO comment(id, content, user_id, type, target_id) VALUES (962, '댓글 내용 962', 68, 'comment', 644);
INSERT INTO comment(id, content, user_id, type, target_id) VALUES (963, '댓글 내용 963', 17, 'comment', 272);
INSERT INTO comment(id, content, user_id, type, target_id) VALUES (964, '댓글 내용 964', 86, 'comment', 12);
INSERT INTO comment(id, content, user_id, type, target_id) VALUES (965, '댓글 내용 965', 7, 'playlist', 208);
INSERT INTO comment(id, content, user_id, type, target_id) VALUES (966, '댓글 내용 966', 14, 'posts', 462);
INSERT INTO comment(id, content, user_id, type, target_id) VALUES (967, '댓글 내용 967', 30, 'playlist', 156);
INSERT INTO comment(id, content, user_id, type, target_id) VALUES (968, '댓글 내용 968', 100, 'playlist', 133);
INSERT INTO comment(id, content, user_id, type, target_id) VALUES (969, '댓글 내용 969', 2, 'comment', 939);
INSERT INTO comment(id, content, user_id, type, target_id) VALUES (970, '댓글 내용 970', 82, 'posts', 310);
INSERT INTO comment(id, content, user_id, type, target_id) VALUES (971, '댓글 내용 971', 42, 'playlist', 100);
INSERT INTO comment(id, content, user_id, type, target_id) VALUES (972, '댓글 내용 972', 13, 'playlist', 297);
INSERT INTO comment(id, content, user_id, type, target_id) VALUES (973, '댓글 내용 973', 52, 'posts', 88);
INSERT INTO comment(id, content, user_id, type, target_id) VALUES (974, '댓글 내용 974', 90, 'playlist', 37);
INSERT INTO comment(id, content, user_id, type, target_id) VALUES (975, '댓글 내용 975', 55, 'posts', 596);
INSERT INTO comment(id, content, user_id, type, target_id) VALUES (976, '댓글 내용 976', 47, 'posts', 672);
INSERT INTO comment(id, content, user_id, type, target_id) VALUES (977, '댓글 내용 977', 17, 'playlist', 12);
INSERT INTO comment(id, content, user_id, type, target_id) VALUES (978, '댓글 내용 978', 51, 'playlist', 83);
INSERT INTO comment(id, content, user_id, type, target_id) VALUES (979, '댓글 내용 979', 27, 'posts', 138);
INSERT INTO comment(id, content, user_id, type, target_id) VALUES (980, '댓글 내용 980', 81, 'posts', 380);
INSERT INTO comment(id, content, user_id, type, target_id) VALUES (981, '댓글 내용 981', 98, 'playlist', 186);
INSERT INTO comment(id, content, user_id, type, target_id) VALUES (982, '댓글 내용 982', 16, 'playlist', 183);
INSERT INTO comment(id, content, user_id, type, target_id) VALUES (983, '댓글 내용 983', 45, 'playlist', 155);
INSERT INTO comment(id, content, user_id, type, target_id) VALUES (984, '댓글 내용 984', 94, 'playlist', 16);
INSERT INTO comment(id, content, user_id, type, target_id) VALUES (985, '댓글 내용 985', 57, 'comment', 331);
INSERT INTO comment(id, content, user_id, type, target_id) VALUES (986, '댓글 내용 986', 25, 'posts', 947);
INSERT INTO comment(id, content, user_id, type, target_id) VALUES (987, '댓글 내용 987', 33, 'posts', 387);
INSERT INTO comment(id, content, user_id, type, target_id) VALUES (988, '댓글 내용 988', 88, 'playlist', 169);
INSERT INTO comment(id, content, user_id, type, target_id) VALUES (989, '댓글 내용 989', 48, 'playlist', 104);
INSERT INTO comment(id, content, user_id, type, target_id) VALUES (990, '댓글 내용 990', 60, 'playlist', 3);
INSERT INTO comment(id, content, user_id, type, target_id) VALUES (991, '댓글 내용 991', 79, 'playlist', 204);
INSERT INTO comment(id, content, user_id, type, target_id) VALUES (992, '댓글 내용 992', 83, 'posts', 700);
INSERT INTO comment(id, content, user_id, type, target_id) VALUES (993, '댓글 내용 993', 21, 'comment', 711);
INSERT INTO comment(id, content, user_id, type, target_id) VALUES (994, '댓글 내용 994', 2, 'comment', 33);
INSERT INTO comment(id, content, user_id, type, target_id) VALUES (995, '댓글 내용 995', 56, 'comment', 976);
INSERT INTO comment(id, content, user_id, type, target_id) VALUES (996, '댓글 내용 996', 2, 'posts', 339);
INSERT INTO comment(id, content, user_id, type, target_id) VALUES (997, '댓글 내용 997', 71, 'posts', 236);
INSERT INTO comment(id, content, user_id, type, target_id) VALUES (998, '댓글 내용 998', 16, 'playlist', 27);
INSERT INTO comment(id, content, user_id, type, target_id) VALUES (999, '댓글 내용 999', 41, 'playlist', 19);
INSERT INTO comment(id, content, user_id, type, target_id) VALUES (1000, '댓글 내용 1000', 32, 'comment', 124);
INSERT INTO notification(type, message, user_id, is_read) VALUES ('qna', 'qna 알림 1-1', 1, 1);
INSERT INTO notification(type, message, user_id, is_read) VALUES ('qna', 'qna 알림 1-2', 1, 1);
INSERT INTO notification(type, message, user_id, is_read) VALUES ('follow', 'follow 알림 1-3', 1, 1);
INSERT INTO notification(type, message, user_id, is_read) VALUES ('announcement', 'announcement 알림 1-4', 1, 1);
INSERT INTO notification(type, message, user_id, is_read) VALUES ('like', 'like 알림 1-5', 1, 1);
INSERT INTO notification(type, message, user_id, is_read) VALUES ('reply', 'reply 알림 1-6', 1, 0);
INSERT INTO notification(type, message, user_id, is_read) VALUES ('playlist', 'playlist 알림 1-7', 1, 0);
INSERT INTO notification(type, message, user_id, is_read) VALUES ('mention', 'mention 알림 1-8', 1, 1);
INSERT INTO notification(type, message, user_id, is_read) VALUES ('mention', 'mention 알림 1-9', 1, 1);
INSERT INTO notification(type, message, user_id, is_read) VALUES ('reply', 'reply 알림 1-10', 1, 0);
INSERT INTO notification(type, message, user_id, is_read) VALUES ('system', 'system 알림 2-1', 2, 0);
INSERT INTO notification(type, message, user_id, is_read) VALUES ('reply', 'reply 알림 2-2', 2, 1);
INSERT INTO notification(type, message, user_id, is_read) VALUES ('badge', 'badge 알림 2-3', 2, 1);
INSERT INTO notification(type, message, user_id, is_read) VALUES ('system', 'system 알림 2-4', 2, 1);
INSERT INTO notification(type, message, user_id, is_read) VALUES ('badge', 'badge 알림 2-5', 2, 1);
INSERT INTO notification(type, message, user_id, is_read) VALUES ('badge', 'badge 알림 2-6', 2, 0);
INSERT INTO notification(type, message, user_id, is_read) VALUES ('reply', 'reply 알림 2-7', 2, 1);
INSERT INTO notification(type, message, user_id, is_read) VALUES ('like', 'like 알림 2-8', 2, 0);
INSERT INTO notification(type, message, user_id, is_read) VALUES ('follow', 'follow 알림 2-9', 2, 1);
INSERT INTO notification(type, message, user_id, is_read) VALUES ('badge', 'badge 알림 2-10', 2, 1);
INSERT INTO notification(type, message, user_id, is_read) VALUES ('system', 'system 알림 3-1', 3, 1);
INSERT INTO notification(type, message, user_id, is_read) VALUES ('follow', 'follow 알림 3-2', 3, 1);
INSERT INTO notification(type, message, user_id, is_read) VALUES ('badge', 'badge 알림 3-3', 3, 0);
INSERT INTO notification(type, message, user_id, is_read) VALUES ('system', 'system 알림 3-4', 3, 0);
INSERT INTO notification(type, message, user_id, is_read) VALUES ('announcement', 'announcement 알림 3-5', 3, 1);
INSERT INTO notification(type, message, user_id, is_read) VALUES ('announcement', 'announcement 알림 3-6', 3, 1);
INSERT INTO notification(type, message, user_id, is_read) VALUES ('qna', 'qna 알림 3-7', 3, 0);
INSERT INTO notification(type, message, user_id, is_read) VALUES ('comment', 'comment 알림 3-8', 3, 1);
INSERT INTO notification(type, message, user_id, is_read) VALUES ('like', 'like 알림 3-9', 3, 1);
INSERT INTO notification(type, message, user_id, is_read) VALUES ('comment', 'comment 알림 3-10', 3, 1);
INSERT INTO notification(type, message, user_id, is_read) VALUES ('follow', 'follow 알림 4-1', 4, 0);
INSERT INTO notification(type, message, user_id, is_read) VALUES ('announcement', 'announcement 알림 4-2', 4, 1);
INSERT INTO notification(type, message, user_id, is_read) VALUES ('reply', 'reply 알림 4-3', 4, 0);
INSERT INTO notification(type, message, user_id, is_read) VALUES ('mention', 'mention 알림 4-4', 4, 1);
INSERT INTO notification(type, message, user_id, is_read) VALUES ('qna', 'qna 알림 4-5', 4, 1);
INSERT INTO notification(type, message, user_id, is_read) VALUES ('reply', 'reply 알림 4-6', 4, 1);
INSERT INTO notification(type, message, user_id, is_read) VALUES ('mention', 'mention 알림 4-7', 4, 0);
INSERT INTO notification(type, message, user_id, is_read) VALUES ('announcement', 'announcement 알림 4-8', 4, 1);
INSERT INTO notification(type, message, user_id, is_read) VALUES ('like', 'like 알림 4-9', 4, 0);
INSERT INTO notification(type, message, user_id, is_read) VALUES ('reply', 'reply 알림 4-10', 4, 1);
INSERT INTO notification(type, message, user_id, is_read) VALUES ('mention', 'mention 알림 5-1', 5, 1);
INSERT INTO notification(type, message, user_id, is_read) VALUES ('badge', 'badge 알림 5-2', 5, 1);
INSERT INTO notification(type, message, user_id, is_read) VALUES ('announcement', 'announcement 알림 5-3', 5, 0);
INSERT INTO notification(type, message, user_id, is_read) VALUES ('mention', 'mention 알림 5-4', 5, 1);
INSERT INTO notification(type, message, user_id, is_read) VALUES ('comment', 'comment 알림 5-5', 5, 0);
INSERT INTO notification(type, message, user_id, is_read) VALUES ('like', 'like 알림 5-6', 5, 0);
INSERT INTO notification(type, message, user_id, is_read) VALUES ('playlist', 'playlist 알림 5-7', 5, 1);
INSERT INTO notification(type, message, user_id, is_read) VALUES ('badge', 'badge 알림 5-8', 5, 1);
INSERT INTO notification(type, message, user_id, is_read) VALUES ('playlist', 'playlist 알림 5-9', 5, 0);
INSERT INTO notification(type, message, user_id, is_read) VALUES ('mention', 'mention 알림 5-10', 5, 0);
INSERT INTO notification(type, message, user_id, is_read) VALUES ('like', 'like 알림 6-1', 6, 0);
INSERT INTO notification(type, message, user_id, is_read) VALUES ('mention', 'mention 알림 6-2', 6, 0);
INSERT INTO notification(type, message, user_id, is_read) VALUES ('qna', 'qna 알림 6-3', 6, 0);
INSERT INTO notification(type, message, user_id, is_read) VALUES ('system', 'system 알림 6-4', 6, 0);
INSERT INTO notification(type, message, user_id, is_read) VALUES ('mention', 'mention 알림 6-5', 6, 1);
INSERT INTO notification(type, message, user_id, is_read) VALUES ('system', 'system 알림 6-6', 6, 1);
INSERT INTO notification(type, message, user_id, is_read) VALUES ('like', 'like 알림 6-7', 6, 0);
INSERT INTO notification(type, message, user_id, is_read) VALUES ('like', 'like 알림 6-8', 6, 1);
INSERT INTO notification(type, message, user_id, is_read) VALUES ('playlist', 'playlist 알림 6-9', 6, 0);
INSERT INTO notification(type, message, user_id, is_read) VALUES ('badge', 'badge 알림 6-10', 6, 1);
INSERT INTO notification(type, message, user_id, is_read) VALUES ('system', 'system 알림 7-1', 7, 0);
INSERT INTO notification(type, message, user_id, is_read) VALUES ('comment', 'comment 알림 7-2', 7, 1);
INSERT INTO notification(type, message, user_id, is_read) VALUES ('comment', 'comment 알림 7-3', 7, 1);
INSERT INTO notification(type, message, user_id, is_read) VALUES ('comment', 'comment 알림 7-4', 7, 1);
INSERT INTO notification(type, message, user_id, is_read) VALUES ('mention', 'mention 알림 7-5', 7, 0);
INSERT INTO notification(type, message, user_id, is_read) VALUES ('playlist', 'playlist 알림 7-6', 7, 1);
INSERT INTO notification(type, message, user_id, is_read) VALUES ('qna', 'qna 알림 7-7', 7, 0);
INSERT INTO notification(type, message, user_id, is_read) VALUES ('mention', 'mention 알림 7-8', 7, 0);
INSERT INTO notification(type, message, user_id, is_read) VALUES ('system', 'system 알림 7-9', 7, 0);
INSERT INTO notification(type, message, user_id, is_read) VALUES ('system', 'system 알림 7-10', 7, 1);
INSERT INTO notification(type, message, user_id, is_read) VALUES ('mention', 'mention 알림 8-1', 8, 0);
INSERT INTO notification(type, message, user_id, is_read) VALUES ('system', 'system 알림 8-2', 8, 1);
INSERT INTO notification(type, message, user_id, is_read) VALUES ('announcement', 'announcement 알림 8-3', 8, 0);
INSERT INTO notification(type, message, user_id, is_read) VALUES ('announcement', 'announcement 알림 8-4', 8, 0);
INSERT INTO notification(type, message, user_id, is_read) VALUES ('like', 'like 알림 8-5', 8, 1);
INSERT INTO notification(type, message, user_id, is_read) VALUES ('comment', 'comment 알림 8-6', 8, 0);
INSERT INTO notification(type, message, user_id, is_read) VALUES ('comment', 'comment 알림 8-7', 8, 1);
INSERT INTO notification(type, message, user_id, is_read) VALUES ('system', 'system 알림 8-8', 8, 1);
INSERT INTO notification(type, message, user_id, is_read) VALUES ('qna', 'qna 알림 8-9', 8, 1);
INSERT INTO notification(type, message, user_id, is_read) VALUES ('reply', 'reply 알림 8-10', 8, 0);
INSERT INTO notification(type, message, user_id, is_read) VALUES ('system', 'system 알림 9-1', 9, 0);
INSERT INTO notification(type, message, user_id, is_read) VALUES ('mention', 'mention 알림 9-2', 9, 0);
INSERT INTO notification(type, message, user_id, is_read) VALUES ('qna', 'qna 알림 9-3', 9, 1);
INSERT INTO notification(type, message, user_id, is_read) VALUES ('comment', 'comment 알림 9-4', 9, 1);
INSERT INTO notification(type, message, user_id, is_read) VALUES ('like', 'like 알림 9-5', 9, 1);
INSERT INTO notification(type, message, user_id, is_read) VALUES ('mention', 'mention 알림 9-6', 9, 0);
INSERT INTO notification(type, message, user_id, is_read) VALUES ('mention', 'mention 알림 9-7', 9, 0);
INSERT INTO notification(type, message, user_id, is_read) VALUES ('reply', 'reply 알림 9-8', 9, 1);
INSERT INTO notification(type, message, user_id, is_read) VALUES ('qna', 'qna 알림 9-9', 9, 0);
INSERT INTO notification(type, message, user_id, is_read) VALUES ('system', 'system 알림 9-10', 9, 1);
INSERT INTO notification(type, message, user_id, is_read) VALUES ('comment', 'comment 알림 10-1', 10, 0);
INSERT INTO notification(type, message, user_id, is_read) VALUES ('comment', 'comment 알림 10-2', 10, 0);
INSERT INTO notification(type, message, user_id, is_read) VALUES ('reply', 'reply 알림 10-3', 10, 0);
INSERT INTO notification(type, message, user_id, is_read) VALUES ('qna', 'qna 알림 10-4', 10, 1);
INSERT INTO notification(type, message, user_id, is_read) VALUES ('playlist', 'playlist 알림 10-5', 10, 0);
INSERT INTO notification(type, message, user_id, is_read) VALUES ('comment', 'comment 알림 10-6', 10, 1);
INSERT INTO notification(type, message, user_id, is_read) VALUES ('mention', 'mention 알림 10-7', 10, 0);
INSERT INTO notification(type, message, user_id, is_read) VALUES ('like', 'like 알림 10-8', 10, 0);
INSERT INTO notification(type, message, user_id, is_read) VALUES ('reply', 'reply 알림 10-9', 10, 0);
INSERT INTO notification(type, message, user_id, is_read) VALUES ('follow', 'follow 알림 10-10', 10, 1);
INSERT INTO notification(type, message, user_id, is_read) VALUES ('mention', 'mention 알림 11-1', 11, 1);
INSERT INTO notification(type, message, user_id, is_read) VALUES ('comment', 'comment 알림 11-2', 11, 0);
INSERT INTO notification(type, message, user_id, is_read) VALUES ('mention', 'mention 알림 11-3', 11, 1);
INSERT INTO notification(type, message, user_id, is_read) VALUES ('like', 'like 알림 11-4', 11, 0);
INSERT INTO notification(type, message, user_id, is_read) VALUES ('mention', 'mention 알림 11-5', 11, 1);
INSERT INTO notification(type, message, user_id, is_read) VALUES ('announcement', 'announcement 알림 11-6', 11, 1);
INSERT INTO notification(type, message, user_id, is_read) VALUES ('qna', 'qna 알림 11-7', 11, 1);
INSERT INTO notification(type, message, user_id, is_read) VALUES ('badge', 'badge 알림 11-8', 11, 1);
INSERT INTO notification(type, message, user_id, is_read) VALUES ('mention', 'mention 알림 11-9', 11, 0);
INSERT INTO notification(type, message, user_id, is_read) VALUES ('system', 'system 알림 11-10', 11, 0);
INSERT INTO notification(type, message, user_id, is_read) VALUES ('announcement', 'announcement 알림 12-1', 12, 1);
INSERT INTO notification(type, message, user_id, is_read) VALUES ('playlist', 'playlist 알림 12-2', 12, 1);
INSERT INTO notification(type, message, user_id, is_read) VALUES ('playlist', 'playlist 알림 12-3', 12, 0);
INSERT INTO notification(type, message, user_id, is_read) VALUES ('follow', 'follow 알림 12-4', 12, 1);
INSERT INTO notification(type, message, user_id, is_read) VALUES ('follow', 'follow 알림 12-5', 12, 1);
INSERT INTO notification(type, message, user_id, is_read) VALUES ('follow', 'follow 알림 12-6', 12, 0);
INSERT INTO notification(type, message, user_id, is_read) VALUES ('comment', 'comment 알림 12-7', 12, 0);
INSERT INTO notification(type, message, user_id, is_read) VALUES ('system', 'system 알림 12-8', 12, 0);
INSERT INTO notification(type, message, user_id, is_read) VALUES ('follow', 'follow 알림 12-9', 12, 1);
INSERT INTO notification(type, message, user_id, is_read) VALUES ('playlist', 'playlist 알림 12-10', 12, 1);
INSERT INTO notification(type, message, user_id, is_read) VALUES ('comment', 'comment 알림 13-1', 13, 0);
INSERT INTO notification(type, message, user_id, is_read) VALUES ('reply', 'reply 알림 13-2', 13, 0);
INSERT INTO notification(type, message, user_id, is_read) VALUES ('comment', 'comment 알림 13-3', 13, 1);
INSERT INTO notification(type, message, user_id, is_read) VALUES ('comment', 'comment 알림 13-4', 13, 1);
INSERT INTO notification(type, message, user_id, is_read) VALUES ('follow', 'follow 알림 13-5', 13, 1);
INSERT INTO notification(type, message, user_id, is_read) VALUES ('playlist', 'playlist 알림 13-6', 13, 0);
INSERT INTO notification(type, message, user_id, is_read) VALUES ('reply', 'reply 알림 13-7', 13, 0);
INSERT INTO notification(type, message, user_id, is_read) VALUES ('playlist', 'playlist 알림 13-8', 13, 1);
INSERT INTO notification(type, message, user_id, is_read) VALUES ('qna', 'qna 알림 13-9', 13, 0);
INSERT INTO notification(type, message, user_id, is_read) VALUES ('badge', 'badge 알림 13-10', 13, 1);
INSERT INTO notification(type, message, user_id, is_read) VALUES ('announcement', 'announcement 알림 14-1', 14, 0);
INSERT INTO notification(type, message, user_id, is_read) VALUES ('comment', 'comment 알림 14-2', 14, 0);
INSERT INTO notification(type, message, user_id, is_read) VALUES ('qna', 'qna 알림 14-3', 14, 0);
INSERT INTO notification(type, message, user_id, is_read) VALUES ('reply', 'reply 알림 14-4', 14, 1);
INSERT INTO notification(type, message, user_id, is_read) VALUES ('qna', 'qna 알림 14-5', 14, 0);
INSERT INTO notification(type, message, user_id, is_read) VALUES ('reply', 'reply 알림 14-6', 14, 0);
INSERT INTO notification(type, message, user_id, is_read) VALUES ('badge', 'badge 알림 14-7', 14, 1);
INSERT INTO notification(type, message, user_id, is_read) VALUES ('follow', 'follow 알림 14-8', 14, 0);
INSERT INTO notification(type, message, user_id, is_read) VALUES ('qna', 'qna 알림 14-9', 14, 1);
INSERT INTO notification(type, message, user_id, is_read) VALUES ('reply', 'reply 알림 14-10', 14, 1);
INSERT INTO notification(type, message, user_id, is_read) VALUES ('qna', 'qna 알림 15-1', 15, 0);
INSERT INTO notification(type, message, user_id, is_read) VALUES ('like', 'like 알림 15-2', 15, 0);
INSERT INTO notification(type, message, user_id, is_read) VALUES ('badge', 'badge 알림 15-3', 15, 0);
INSERT INTO notification(type, message, user_id, is_read) VALUES ('follow', 'follow 알림 15-4', 15, 1);
INSERT INTO notification(type, message, user_id, is_read) VALUES ('badge', 'badge 알림 15-5', 15, 0);
INSERT INTO notification(type, message, user_id, is_read) VALUES ('follow', 'follow 알림 15-6', 15, 0);
INSERT INTO notification(type, message, user_id, is_read) VALUES ('like', 'like 알림 15-7', 15, 0);
INSERT INTO notification(type, message, user_id, is_read) VALUES ('follow', 'follow 알림 15-8', 15, 0);
INSERT INTO notification(type, message, user_id, is_read) VALUES ('comment', 'comment 알림 15-9', 15, 0);
INSERT INTO notification(type, message, user_id, is_read) VALUES ('reply', 'reply 알림 15-10', 15, 0);
INSERT INTO notification(type, message, user_id, is_read) VALUES ('announcement', 'announcement 알림 16-1', 16, 1);
INSERT INTO notification(type, message, user_id, is_read) VALUES ('system', 'system 알림 16-2', 16, 1);
INSERT INTO notification(type, message, user_id, is_read) VALUES ('reply', 'reply 알림 16-3', 16, 1);
INSERT INTO notification(type, message, user_id, is_read) VALUES ('badge', 'badge 알림 16-4', 16, 1);
INSERT INTO notification(type, message, user_id, is_read) VALUES ('mention', 'mention 알림 16-5', 16, 0);
INSERT INTO notification(type, message, user_id, is_read) VALUES ('mention', 'mention 알림 16-6', 16, 1);
INSERT INTO notification(type, message, user_id, is_read) VALUES ('comment', 'comment 알림 16-7', 16, 0);
INSERT INTO notification(type, message, user_id, is_read) VALUES ('mention', 'mention 알림 16-8', 16, 0);
INSERT INTO notification(type, message, user_id, is_read) VALUES ('qna', 'qna 알림 16-9', 16, 0);
INSERT INTO notification(type, message, user_id, is_read) VALUES ('comment', 'comment 알림 16-10', 16, 0);
INSERT INTO notification(type, message, user_id, is_read) VALUES ('like', 'like 알림 17-1', 17, 1);
INSERT INTO notification(type, message, user_id, is_read) VALUES ('qna', 'qna 알림 17-2', 17, 1);
INSERT INTO notification(type, message, user_id, is_read) VALUES ('system', 'system 알림 17-3', 17, 1);
INSERT INTO notification(type, message, user_id, is_read) VALUES ('comment', 'comment 알림 17-4', 17, 1);
INSERT INTO notification(type, message, user_id, is_read) VALUES ('mention', 'mention 알림 17-5', 17, 1);
INSERT INTO notification(type, message, user_id, is_read) VALUES ('reply', 'reply 알림 17-6', 17, 1);
INSERT INTO notification(type, message, user_id, is_read) VALUES ('reply', 'reply 알림 17-7', 17, 1);
INSERT INTO notification(type, message, user_id, is_read) VALUES ('system', 'system 알림 17-8', 17, 0);
INSERT INTO notification(type, message, user_id, is_read) VALUES ('reply', 'reply 알림 17-9', 17, 1);
INSERT INTO notification(type, message, user_id, is_read) VALUES ('playlist', 'playlist 알림 17-10', 17, 0);
INSERT INTO notification(type, message, user_id, is_read) VALUES ('system', 'system 알림 18-1', 18, 1);
INSERT INTO notification(type, message, user_id, is_read) VALUES ('like', 'like 알림 18-2', 18, 0);
INSERT INTO notification(type, message, user_id, is_read) VALUES ('mention', 'mention 알림 18-3', 18, 0);
INSERT INTO notification(type, message, user_id, is_read) VALUES ('mention', 'mention 알림 18-4', 18, 1);
INSERT INTO notification(type, message, user_id, is_read) VALUES ('playlist', 'playlist 알림 18-5', 18, 1);
INSERT INTO notification(type, message, user_id, is_read) VALUES ('playlist', 'playlist 알림 18-6', 18, 1);
INSERT INTO notification(type, message, user_id, is_read) VALUES ('announcement', 'announcement 알림 18-7', 18, 0);
INSERT INTO notification(type, message, user_id, is_read) VALUES ('playlist', 'playlist 알림 18-8', 18, 0);
INSERT INTO notification(type, message, user_id, is_read) VALUES ('announcement', 'announcement 알림 18-9', 18, 1);
INSERT INTO notification(type, message, user_id, is_read) VALUES ('badge', 'badge 알림 18-10', 18, 0);
INSERT INTO notification(type, message, user_id, is_read) VALUES ('like', 'like 알림 19-1', 19, 0);
INSERT INTO notification(type, message, user_id, is_read) VALUES ('playlist', 'playlist 알림 19-2', 19, 1);
INSERT INTO notification(type, message, user_id, is_read) VALUES ('like', 'like 알림 19-3', 19, 0);
INSERT INTO notification(type, message, user_id, is_read) VALUES ('follow', 'follow 알림 19-4', 19, 0);
INSERT INTO notification(type, message, user_id, is_read) VALUES ('follow', 'follow 알림 19-5', 19, 1);
INSERT INTO notification(type, message, user_id, is_read) VALUES ('follow', 'follow 알림 19-6', 19, 0);
INSERT INTO notification(type, message, user_id, is_read) VALUES ('follow', 'follow 알림 19-7', 19, 1);
INSERT INTO notification(type, message, user_id, is_read) VALUES ('badge', 'badge 알림 19-8', 19, 0);
INSERT INTO notification(type, message, user_id, is_read) VALUES ('playlist', 'playlist 알림 19-9', 19, 0);
INSERT INTO notification(type, message, user_id, is_read) VALUES ('follow', 'follow 알림 19-10', 19, 1);
INSERT INTO notification(type, message, user_id, is_read) VALUES ('system', 'system 알림 20-1', 20, 1);
INSERT INTO notification(type, message, user_id, is_read) VALUES ('qna', 'qna 알림 20-2', 20, 1);
INSERT INTO notification(type, message, user_id, is_read) VALUES ('playlist', 'playlist 알림 20-3', 20, 0);
INSERT INTO notification(type, message, user_id, is_read) VALUES ('system', 'system 알림 20-4', 20, 0);
INSERT INTO notification(type, message, user_id, is_read) VALUES ('badge', 'badge 알림 20-5', 20, 0);
INSERT INTO notification(type, message, user_id, is_read) VALUES ('follow', 'follow 알림 20-6', 20, 1);
INSERT INTO notification(type, message, user_id, is_read) VALUES ('badge', 'badge 알림 20-7', 20, 0);
INSERT INTO notification(type, message, user_id, is_read) VALUES ('reply', 'reply 알림 20-8', 20, 0);
INSERT INTO notification(type, message, user_id, is_read) VALUES ('qna', 'qna 알림 20-9', 20, 1);
INSERT INTO notification(type, message, user_id, is_read) VALUES ('qna', 'qna 알림 20-10', 20, 1);
INSERT INTO notification(type, message, user_id, is_read) VALUES ('mention', 'mention 알림 21-1', 21, 1);
INSERT INTO notification(type, message, user_id, is_read) VALUES ('announcement', 'announcement 알림 21-2', 21, 0);
INSERT INTO notification(type, message, user_id, is_read) VALUES ('reply', 'reply 알림 21-3', 21, 1);
INSERT INTO notification(type, message, user_id, is_read) VALUES ('system', 'system 알림 21-4', 21, 1);
INSERT INTO notification(type, message, user_id, is_read) VALUES ('system', 'system 알림 21-5', 21, 1);
INSERT INTO notification(type, message, user_id, is_read) VALUES ('mention', 'mention 알림 21-6', 21, 1);
INSERT INTO notification(type, message, user_id, is_read) VALUES ('follow', 'follow 알림 21-7', 21, 1);
INSERT INTO notification(type, message, user_id, is_read) VALUES ('like', 'like 알림 21-8', 21, 0);
INSERT INTO notification(type, message, user_id, is_read) VALUES ('qna', 'qna 알림 21-9', 21, 1);
INSERT INTO notification(type, message, user_id, is_read) VALUES ('announcement', 'announcement 알림 21-10', 21, 0);
INSERT INTO notification(type, message, user_id, is_read) VALUES ('playlist', 'playlist 알림 22-1', 22, 1);
INSERT INTO notification(type, message, user_id, is_read) VALUES ('playlist', 'playlist 알림 22-2', 22, 1);
INSERT INTO notification(type, message, user_id, is_read) VALUES ('like', 'like 알림 22-3', 22, 1);
INSERT INTO notification(type, message, user_id, is_read) VALUES ('badge', 'badge 알림 22-4', 22, 1);
INSERT INTO notification(type, message, user_id, is_read) VALUES ('system', 'system 알림 22-5', 22, 1);
INSERT INTO notification(type, message, user_id, is_read) VALUES ('mention', 'mention 알림 22-6', 22, 1);
INSERT INTO notification(type, message, user_id, is_read) VALUES ('comment', 'comment 알림 22-7', 22, 1);
INSERT INTO notification(type, message, user_id, is_read) VALUES ('follow', 'follow 알림 22-8', 22, 1);
INSERT INTO notification(type, message, user_id, is_read) VALUES ('mention', 'mention 알림 22-9', 22, 1);
INSERT INTO notification(type, message, user_id, is_read) VALUES ('comment', 'comment 알림 22-10', 22, 0);
INSERT INTO notification(type, message, user_id, is_read) VALUES ('mention', 'mention 알림 23-1', 23, 1);
INSERT INTO notification(type, message, user_id, is_read) VALUES ('playlist', 'playlist 알림 23-2', 23, 1);
INSERT INTO notification(type, message, user_id, is_read) VALUES ('system', 'system 알림 23-3', 23, 1);
INSERT INTO notification(type, message, user_id, is_read) VALUES ('system', 'system 알림 23-4', 23, 1);
INSERT INTO notification(type, message, user_id, is_read) VALUES ('announcement', 'announcement 알림 23-5', 23, 1);
INSERT INTO notification(type, message, user_id, is_read) VALUES ('announcement', 'announcement 알림 23-6', 23, 0);
INSERT INTO notification(type, message, user_id, is_read) VALUES ('playlist', 'playlist 알림 23-7', 23, 1);
INSERT INTO notification(type, message, user_id, is_read) VALUES ('system', 'system 알림 23-8', 23, 1);
INSERT INTO notification(type, message, user_id, is_read) VALUES ('mention', 'mention 알림 23-9', 23, 1);
INSERT INTO notification(type, message, user_id, is_read) VALUES ('playlist', 'playlist 알림 23-10', 23, 1);
INSERT INTO notification(type, message, user_id, is_read) VALUES ('like', 'like 알림 24-1', 24, 0);
INSERT INTO notification(type, message, user_id, is_read) VALUES ('system', 'system 알림 24-2', 24, 0);
INSERT INTO notification(type, message, user_id, is_read) VALUES ('comment', 'comment 알림 24-3', 24, 1);
INSERT INTO notification(type, message, user_id, is_read) VALUES ('system', 'system 알림 24-4', 24, 1);
INSERT INTO notification(type, message, user_id, is_read) VALUES ('badge', 'badge 알림 24-5', 24, 0);
INSERT INTO notification(type, message, user_id, is_read) VALUES ('like', 'like 알림 24-6', 24, 1);
INSERT INTO notification(type, message, user_id, is_read) VALUES ('mention', 'mention 알림 24-7', 24, 1);
INSERT INTO notification(type, message, user_id, is_read) VALUES ('comment', 'comment 알림 24-8', 24, 1);
INSERT INTO notification(type, message, user_id, is_read) VALUES ('like', 'like 알림 24-9', 24, 1);
INSERT INTO notification(type, message, user_id, is_read) VALUES ('system', 'system 알림 24-10', 24, 1);
INSERT INTO notification(type, message, user_id, is_read) VALUES ('like', 'like 알림 25-1', 25, 1);
INSERT INTO notification(type, message, user_id, is_read) VALUES ('like', 'like 알림 25-2', 25, 0);
INSERT INTO notification(type, message, user_id, is_read) VALUES ('follow', 'follow 알림 25-3', 25, 0);
INSERT INTO notification(type, message, user_id, is_read) VALUES ('playlist', 'playlist 알림 25-4', 25, 1);
INSERT INTO notification(type, message, user_id, is_read) VALUES ('mention', 'mention 알림 25-5', 25, 0);
INSERT INTO notification(type, message, user_id, is_read) VALUES ('like', 'like 알림 25-6', 25, 0);
INSERT INTO notification(type, message, user_id, is_read) VALUES ('announcement', 'announcement 알림 25-7', 25, 1);
INSERT INTO notification(type, message, user_id, is_read) VALUES ('playlist', 'playlist 알림 25-8', 25, 1);
INSERT INTO notification(type, message, user_id, is_read) VALUES ('system', 'system 알림 25-9', 25, 1);
INSERT INTO notification(type, message, user_id, is_read) VALUES ('system', 'system 알림 25-10', 25, 1);
INSERT INTO notification(type, message, user_id, is_read) VALUES ('qna', 'qna 알림 26-1', 26, 1);
INSERT INTO notification(type, message, user_id, is_read) VALUES ('badge', 'badge 알림 26-2', 26, 0);
INSERT INTO notification(type, message, user_id, is_read) VALUES ('mention', 'mention 알림 26-3', 26, 0);
INSERT INTO notification(type, message, user_id, is_read) VALUES ('reply', 'reply 알림 26-4', 26, 0);
INSERT INTO notification(type, message, user_id, is_read) VALUES ('reply', 'reply 알림 26-5', 26, 0);
INSERT INTO notification(type, message, user_id, is_read) VALUES ('playlist', 'playlist 알림 26-6', 26, 0);
INSERT INTO notification(type, message, user_id, is_read) VALUES ('comment', 'comment 알림 26-7', 26, 1);
INSERT INTO notification(type, message, user_id, is_read) VALUES ('like', 'like 알림 26-8', 26, 0);
INSERT INTO notification(type, message, user_id, is_read) VALUES ('follow', 'follow 알림 26-9', 26, 0);
INSERT INTO notification(type, message, user_id, is_read) VALUES ('follow', 'follow 알림 26-10', 26, 1);
INSERT INTO notification(type, message, user_id, is_read) VALUES ('reply', 'reply 알림 27-1', 27, 0);
INSERT INTO notification(type, message, user_id, is_read) VALUES ('system', 'system 알림 27-2', 27, 1);
INSERT INTO notification(type, message, user_id, is_read) VALUES ('comment', 'comment 알림 27-3', 27, 0);
INSERT INTO notification(type, message, user_id, is_read) VALUES ('comment', 'comment 알림 27-4', 27, 0);
INSERT INTO notification(type, message, user_id, is_read) VALUES ('badge', 'badge 알림 27-5', 27, 0);
INSERT INTO notification(type, message, user_id, is_read) VALUES ('follow', 'follow 알림 27-6', 27, 0);
INSERT INTO notification(type, message, user_id, is_read) VALUES ('playlist', 'playlist 알림 27-7', 27, 0);
INSERT INTO notification(type, message, user_id, is_read) VALUES ('announcement', 'announcement 알림 27-8', 27, 0);
INSERT INTO notification(type, message, user_id, is_read) VALUES ('follow', 'follow 알림 27-9', 27, 0);
INSERT INTO notification(type, message, user_id, is_read) VALUES ('comment', 'comment 알림 27-10', 27, 0);
INSERT INTO notification(type, message, user_id, is_read) VALUES ('reply', 'reply 알림 28-1', 28, 0);
INSERT INTO notification(type, message, user_id, is_read) VALUES ('system', 'system 알림 28-2', 28, 0);
INSERT INTO notification(type, message, user_id, is_read) VALUES ('follow', 'follow 알림 28-3', 28, 1);
INSERT INTO notification(type, message, user_id, is_read) VALUES ('follow', 'follow 알림 28-4', 28, 0);
INSERT INTO notification(type, message, user_id, is_read) VALUES ('announcement', 'announcement 알림 28-5', 28, 0);
INSERT INTO notification(type, message, user_id, is_read) VALUES ('system', 'system 알림 28-6', 28, 0);
INSERT INTO notification(type, message, user_id, is_read) VALUES ('like', 'like 알림 28-7', 28, 0);
INSERT INTO notification(type, message, user_id, is_read) VALUES ('qna', 'qna 알림 28-8', 28, 1);
INSERT INTO notification(type, message, user_id, is_read) VALUES ('playlist', 'playlist 알림 28-9', 28, 1);
INSERT INTO notification(type, message, user_id, is_read) VALUES ('follow', 'follow 알림 28-10', 28, 0);
INSERT INTO notification(type, message, user_id, is_read) VALUES ('system', 'system 알림 29-1', 29, 0);
INSERT INTO notification(type, message, user_id, is_read) VALUES ('like', 'like 알림 29-2', 29, 1);
INSERT INTO notification(type, message, user_id, is_read) VALUES ('mention', 'mention 알림 29-3', 29, 1);
INSERT INTO notification(type, message, user_id, is_read) VALUES ('playlist', 'playlist 알림 29-4', 29, 1);
INSERT INTO notification(type, message, user_id, is_read) VALUES ('follow', 'follow 알림 29-5', 29, 0);
INSERT INTO notification(type, message, user_id, is_read) VALUES ('mention', 'mention 알림 29-6', 29, 1);
INSERT INTO notification(type, message, user_id, is_read) VALUES ('system', 'system 알림 29-7', 29, 0);
INSERT INTO notification(type, message, user_id, is_read) VALUES ('qna', 'qna 알림 29-8', 29, 0);
INSERT INTO notification(type, message, user_id, is_read) VALUES ('follow', 'follow 알림 29-9', 29, 0);
INSERT INTO notification(type, message, user_id, is_read) VALUES ('badge', 'badge 알림 29-10', 29, 0);
INSERT INTO notification(type, message, user_id, is_read) VALUES ('mention', 'mention 알림 30-1', 30, 0);
INSERT INTO notification(type, message, user_id, is_read) VALUES ('follow', 'follow 알림 30-2', 30, 1);
INSERT INTO notification(type, message, user_id, is_read) VALUES ('qna', 'qna 알림 30-3', 30, 0);
INSERT INTO notification(type, message, user_id, is_read) VALUES ('playlist', 'playlist 알림 30-4', 30, 1);
INSERT INTO notification(type, message, user_id, is_read) VALUES ('follow', 'follow 알림 30-5', 30, 0);
INSERT INTO notification(type, message, user_id, is_read) VALUES ('playlist', 'playlist 알림 30-6', 30, 1);
INSERT INTO notification(type, message, user_id, is_read) VALUES ('badge', 'badge 알림 30-7', 30, 1);
INSERT INTO notification(type, message, user_id, is_read) VALUES ('follow', 'follow 알림 30-8', 30, 0);
INSERT INTO notification(type, message, user_id, is_read) VALUES ('qna', 'qna 알림 30-9', 30, 0);
INSERT INTO notification(type, message, user_id, is_read) VALUES ('announcement', 'announcement 알림 30-10', 30, 0);
INSERT INTO notification(type, message, user_id, is_read) VALUES ('playlist', 'playlist 알림 31-1', 31, 0);
INSERT INTO notification(type, message, user_id, is_read) VALUES ('badge', 'badge 알림 31-2', 31, 1);
INSERT INTO notification(type, message, user_id, is_read) VALUES ('reply', 'reply 알림 31-3', 31, 0);
INSERT INTO notification(type, message, user_id, is_read) VALUES ('like', 'like 알림 31-4', 31, 1);
INSERT INTO notification(type, message, user_id, is_read) VALUES ('mention', 'mention 알림 31-5', 31, 1);
INSERT INTO notification(type, message, user_id, is_read) VALUES ('qna', 'qna 알림 31-6', 31, 1);
INSERT INTO notification(type, message, user_id, is_read) VALUES ('announcement', 'announcement 알림 31-7', 31, 1);
INSERT INTO notification(type, message, user_id, is_read) VALUES ('mention', 'mention 알림 31-8', 31, 0);
INSERT INTO notification(type, message, user_id, is_read) VALUES ('like', 'like 알림 31-9', 31, 1);
INSERT INTO notification(type, message, user_id, is_read) VALUES ('playlist', 'playlist 알림 31-10', 31, 1);
INSERT INTO notification(type, message, user_id, is_read) VALUES ('like', 'like 알림 32-1', 32, 1);
INSERT INTO notification(type, message, user_id, is_read) VALUES ('reply', 'reply 알림 32-2', 32, 1);
INSERT INTO notification(type, message, user_id, is_read) VALUES ('reply', 'reply 알림 32-3', 32, 1);
INSERT INTO notification(type, message, user_id, is_read) VALUES ('comment', 'comment 알림 32-4', 32, 0);
INSERT INTO notification(type, message, user_id, is_read) VALUES ('reply', 'reply 알림 32-5', 32, 0);
INSERT INTO notification(type, message, user_id, is_read) VALUES ('mention', 'mention 알림 32-6', 32, 1);
INSERT INTO notification(type, message, user_id, is_read) VALUES ('qna', 'qna 알림 32-7', 32, 0);
INSERT INTO notification(type, message, user_id, is_read) VALUES ('follow', 'follow 알림 32-8', 32, 0);
INSERT INTO notification(type, message, user_id, is_read) VALUES ('comment', 'comment 알림 32-9', 32, 0);
INSERT INTO notification(type, message, user_id, is_read) VALUES ('follow', 'follow 알림 32-10', 32, 0);
INSERT INTO notification(type, message, user_id, is_read) VALUES ('follow', 'follow 알림 33-1', 33, 0);
INSERT INTO notification(type, message, user_id, is_read) VALUES ('like', 'like 알림 33-2', 33, 1);
INSERT INTO notification(type, message, user_id, is_read) VALUES ('follow', 'follow 알림 33-3', 33, 0);
INSERT INTO notification(type, message, user_id, is_read) VALUES ('mention', 'mention 알림 33-4', 33, 1);
INSERT INTO notification(type, message, user_id, is_read) VALUES ('like', 'like 알림 33-5', 33, 1);
INSERT INTO notification(type, message, user_id, is_read) VALUES ('qna', 'qna 알림 33-6', 33, 0);
INSERT INTO notification(type, message, user_id, is_read) VALUES ('mention', 'mention 알림 33-7', 33, 0);
INSERT INTO notification(type, message, user_id, is_read) VALUES ('mention', 'mention 알림 33-8', 33, 1);
INSERT INTO notification(type, message, user_id, is_read) VALUES ('playlist', 'playlist 알림 33-9', 33, 1);
INSERT INTO notification(type, message, user_id, is_read) VALUES ('follow', 'follow 알림 33-10', 33, 1);
INSERT INTO notification(type, message, user_id, is_read) VALUES ('mention', 'mention 알림 34-1', 34, 0);
INSERT INTO notification(type, message, user_id, is_read) VALUES ('comment', 'comment 알림 34-2', 34, 1);
INSERT INTO notification(type, message, user_id, is_read) VALUES ('badge', 'badge 알림 34-3', 34, 0);
INSERT INTO notification(type, message, user_id, is_read) VALUES ('qna', 'qna 알림 34-4', 34, 0);
INSERT INTO notification(type, message, user_id, is_read) VALUES ('playlist', 'playlist 알림 34-5', 34, 0);
INSERT INTO notification(type, message, user_id, is_read) VALUES ('reply', 'reply 알림 34-6', 34, 1);
INSERT INTO notification(type, message, user_id, is_read) VALUES ('comment', 'comment 알림 34-7', 34, 0);
INSERT INTO notification(type, message, user_id, is_read) VALUES ('system', 'system 알림 34-8', 34, 0);
INSERT INTO notification(type, message, user_id, is_read) VALUES ('reply', 'reply 알림 34-9', 34, 0);
INSERT INTO notification(type, message, user_id, is_read) VALUES ('mention', 'mention 알림 34-10', 34, 0);
INSERT INTO notification(type, message, user_id, is_read) VALUES ('reply', 'reply 알림 35-1', 35, 1);
INSERT INTO notification(type, message, user_id, is_read) VALUES ('mention', 'mention 알림 35-2', 35, 1);
INSERT INTO notification(type, message, user_id, is_read) VALUES ('follow', 'follow 알림 35-3', 35, 1);
INSERT INTO notification(type, message, user_id, is_read) VALUES ('reply', 'reply 알림 35-4', 35, 0);
INSERT INTO notification(type, message, user_id, is_read) VALUES ('playlist', 'playlist 알림 35-5', 35, 1);
INSERT INTO notification(type, message, user_id, is_read) VALUES ('reply', 'reply 알림 35-6', 35, 0);
INSERT INTO notification(type, message, user_id, is_read) VALUES ('reply', 'reply 알림 35-7', 35, 0);
INSERT INTO notification(type, message, user_id, is_read) VALUES ('announcement', 'announcement 알림 35-8', 35, 1);
INSERT INTO notification(type, message, user_id, is_read) VALUES ('like', 'like 알림 35-9', 35, 0);
INSERT INTO notification(type, message, user_id, is_read) VALUES ('reply', 'reply 알림 35-10', 35, 0);
INSERT INTO notification(type, message, user_id, is_read) VALUES ('reply', 'reply 알림 36-1', 36, 0);
INSERT INTO notification(type, message, user_id, is_read) VALUES ('playlist', 'playlist 알림 36-2', 36, 1);
INSERT INTO notification(type, message, user_id, is_read) VALUES ('follow', 'follow 알림 36-3', 36, 0);
INSERT INTO notification(type, message, user_id, is_read) VALUES ('qna', 'qna 알림 36-4', 36, 0);
INSERT INTO notification(type, message, user_id, is_read) VALUES ('qna', 'qna 알림 36-5', 36, 1);
INSERT INTO notification(type, message, user_id, is_read) VALUES ('comment', 'comment 알림 36-6', 36, 1);
INSERT INTO notification(type, message, user_id, is_read) VALUES ('follow', 'follow 알림 36-7', 36, 1);
INSERT INTO notification(type, message, user_id, is_read) VALUES ('comment', 'comment 알림 36-8', 36, 0);
INSERT INTO notification(type, message, user_id, is_read) VALUES ('announcement', 'announcement 알림 36-9', 36, 1);
INSERT INTO notification(type, message, user_id, is_read) VALUES ('comment', 'comment 알림 36-10', 36, 0);
INSERT INTO notification(type, message, user_id, is_read) VALUES ('like', 'like 알림 37-1', 37, 0);
INSERT INTO notification(type, message, user_id, is_read) VALUES ('reply', 'reply 알림 37-2', 37, 1);
INSERT INTO notification(type, message, user_id, is_read) VALUES ('comment', 'comment 알림 37-3', 37, 1);
INSERT INTO notification(type, message, user_id, is_read) VALUES ('announcement', 'announcement 알림 37-4', 37, 1);
INSERT INTO notification(type, message, user_id, is_read) VALUES ('system', 'system 알림 37-5', 37, 0);
INSERT INTO notification(type, message, user_id, is_read) VALUES ('badge', 'badge 알림 37-6', 37, 1);
INSERT INTO notification(type, message, user_id, is_read) VALUES ('announcement', 'announcement 알림 37-7', 37, 0);
INSERT INTO notification(type, message, user_id, is_read) VALUES ('like', 'like 알림 37-8', 37, 1);
INSERT INTO notification(type, message, user_id, is_read) VALUES ('reply', 'reply 알림 37-9', 37, 1);
INSERT INTO notification(type, message, user_id, is_read) VALUES ('qna', 'qna 알림 37-10', 37, 0);
INSERT INTO notification(type, message, user_id, is_read) VALUES ('reply', 'reply 알림 38-1', 38, 1);
INSERT INTO notification(type, message, user_id, is_read) VALUES ('announcement', 'announcement 알림 38-2', 38, 1);
INSERT INTO notification(type, message, user_id, is_read) VALUES ('system', 'system 알림 38-3', 38, 1);
INSERT INTO notification(type, message, user_id, is_read) VALUES ('qna', 'qna 알림 38-4', 38, 0);
INSERT INTO notification(type, message, user_id, is_read) VALUES ('qna', 'qna 알림 38-5', 38, 1);
INSERT INTO notification(type, message, user_id, is_read) VALUES ('like', 'like 알림 38-6', 38, 0);
INSERT INTO notification(type, message, user_id, is_read) VALUES ('qna', 'qna 알림 38-7', 38, 1);
INSERT INTO notification(type, message, user_id, is_read) VALUES ('reply', 'reply 알림 38-8', 38, 1);
INSERT INTO notification(type, message, user_id, is_read) VALUES ('like', 'like 알림 38-9', 38, 0);
INSERT INTO notification(type, message, user_id, is_read) VALUES ('comment', 'comment 알림 38-10', 38, 0);
INSERT INTO notification(type, message, user_id, is_read) VALUES ('announcement', 'announcement 알림 39-1', 39, 1);
INSERT INTO notification(type, message, user_id, is_read) VALUES ('mention', 'mention 알림 39-2', 39, 1);
INSERT INTO notification(type, message, user_id, is_read) VALUES ('badge', 'badge 알림 39-3', 39, 1);
INSERT INTO notification(type, message, user_id, is_read) VALUES ('comment', 'comment 알림 39-4', 39, 0);
INSERT INTO notification(type, message, user_id, is_read) VALUES ('badge', 'badge 알림 39-5', 39, 1);
INSERT INTO notification(type, message, user_id, is_read) VALUES ('badge', 'badge 알림 39-6', 39, 0);
INSERT INTO notification(type, message, user_id, is_read) VALUES ('qna', 'qna 알림 39-7', 39, 0);
INSERT INTO notification(type, message, user_id, is_read) VALUES ('playlist', 'playlist 알림 39-8', 39, 0);
INSERT INTO notification(type, message, user_id, is_read) VALUES ('follow', 'follow 알림 39-9', 39, 0);
INSERT INTO notification(type, message, user_id, is_read) VALUES ('like', 'like 알림 39-10', 39, 1);
INSERT INTO notification(type, message, user_id, is_read) VALUES ('like', 'like 알림 40-1', 40, 0);
INSERT INTO notification(type, message, user_id, is_read) VALUES ('qna', 'qna 알림 40-2', 40, 0);
INSERT INTO notification(type, message, user_id, is_read) VALUES ('like', 'like 알림 40-3', 40, 1);
INSERT INTO notification(type, message, user_id, is_read) VALUES ('announcement', 'announcement 알림 40-4', 40, 0);
INSERT INTO notification(type, message, user_id, is_read) VALUES ('follow', 'follow 알림 40-5', 40, 1);
INSERT INTO notification(type, message, user_id, is_read) VALUES ('playlist', 'playlist 알림 40-6', 40, 1);
INSERT INTO notification(type, message, user_id, is_read) VALUES ('badge', 'badge 알림 40-7', 40, 0);
INSERT INTO notification(type, message, user_id, is_read) VALUES ('playlist', 'playlist 알림 40-8', 40, 1);
INSERT INTO notification(type, message, user_id, is_read) VALUES ('mention', 'mention 알림 40-9', 40, 0);
INSERT INTO notification(type, message, user_id, is_read) VALUES ('follow', 'follow 알림 40-10', 40, 1);
INSERT INTO notification(type, message, user_id, is_read) VALUES ('badge', 'badge 알림 41-1', 41, 1);
INSERT INTO notification(type, message, user_id, is_read) VALUES ('follow', 'follow 알림 41-2', 41, 0);
INSERT INTO notification(type, message, user_id, is_read) VALUES ('reply', 'reply 알림 41-3', 41, 0);
INSERT INTO notification(type, message, user_id, is_read) VALUES ('playlist', 'playlist 알림 41-4', 41, 1);
INSERT INTO notification(type, message, user_id, is_read) VALUES ('comment', 'comment 알림 41-5', 41, 0);
INSERT INTO notification(type, message, user_id, is_read) VALUES ('mention', 'mention 알림 41-6', 41, 0);
INSERT INTO notification(type, message, user_id, is_read) VALUES ('announcement', 'announcement 알림 41-7', 41, 1);
INSERT INTO notification(type, message, user_id, is_read) VALUES ('playlist', 'playlist 알림 41-8', 41, 1);
INSERT INTO notification(type, message, user_id, is_read) VALUES ('system', 'system 알림 41-9', 41, 1);
INSERT INTO notification(type, message, user_id, is_read) VALUES ('follow', 'follow 알림 41-10', 41, 1);
INSERT INTO notification(type, message, user_id, is_read) VALUES ('system', 'system 알림 42-1', 42, 0);
INSERT INTO notification(type, message, user_id, is_read) VALUES ('mention', 'mention 알림 42-2', 42, 0);
INSERT INTO notification(type, message, user_id, is_read) VALUES ('playlist', 'playlist 알림 42-3', 42, 0);
INSERT INTO notification(type, message, user_id, is_read) VALUES ('qna', 'qna 알림 42-4', 42, 1);
INSERT INTO notification(type, message, user_id, is_read) VALUES ('playlist', 'playlist 알림 42-5', 42, 0);
INSERT INTO notification(type, message, user_id, is_read) VALUES ('badge', 'badge 알림 42-6', 42, 1);
INSERT INTO notification(type, message, user_id, is_read) VALUES ('badge', 'badge 알림 42-7', 42, 0);
INSERT INTO notification(type, message, user_id, is_read) VALUES ('follow', 'follow 알림 42-8', 42, 0);
INSERT INTO notification(type, message, user_id, is_read) VALUES ('announcement', 'announcement 알림 42-9', 42, 0);
INSERT INTO notification(type, message, user_id, is_read) VALUES ('follow', 'follow 알림 42-10', 42, 1);
INSERT INTO notification(type, message, user_id, is_read) VALUES ('comment', 'comment 알림 43-1', 43, 0);
INSERT INTO notification(type, message, user_id, is_read) VALUES ('qna', 'qna 알림 43-2', 43, 0);
INSERT INTO notification(type, message, user_id, is_read) VALUES ('badge', 'badge 알림 43-3', 43, 1);
INSERT INTO notification(type, message, user_id, is_read) VALUES ('qna', 'qna 알림 43-4', 43, 1);
INSERT INTO notification(type, message, user_id, is_read) VALUES ('badge', 'badge 알림 43-5', 43, 0);
INSERT INTO notification(type, message, user_id, is_read) VALUES ('badge', 'badge 알림 43-6', 43, 1);
INSERT INTO notification(type, message, user_id, is_read) VALUES ('reply', 'reply 알림 43-7', 43, 0);
INSERT INTO notification(type, message, user_id, is_read) VALUES ('mention', 'mention 알림 43-8', 43, 0);
INSERT INTO notification(type, message, user_id, is_read) VALUES ('reply', 'reply 알림 43-9', 43, 0);
INSERT INTO notification(type, message, user_id, is_read) VALUES ('reply', 'reply 알림 43-10', 43, 1);
INSERT INTO notification(type, message, user_id, is_read) VALUES ('follow', 'follow 알림 44-1', 44, 0);
INSERT INTO notification(type, message, user_id, is_read) VALUES ('playlist', 'playlist 알림 44-2', 44, 1);
INSERT INTO notification(type, message, user_id, is_read) VALUES ('mention', 'mention 알림 44-3', 44, 1);
INSERT INTO notification(type, message, user_id, is_read) VALUES ('announcement', 'announcement 알림 44-4', 44, 1);
INSERT INTO notification(type, message, user_id, is_read) VALUES ('reply', 'reply 알림 44-5', 44, 0);
INSERT INTO notification(type, message, user_id, is_read) VALUES ('follow', 'follow 알림 44-6', 44, 0);
INSERT INTO notification(type, message, user_id, is_read) VALUES ('qna', 'qna 알림 44-7', 44, 1);
INSERT INTO notification(type, message, user_id, is_read) VALUES ('reply', 'reply 알림 44-8', 44, 0);
INSERT INTO notification(type, message, user_id, is_read) VALUES ('badge', 'badge 알림 44-9', 44, 0);
INSERT INTO notification(type, message, user_id, is_read) VALUES ('mention', 'mention 알림 44-10', 44, 1);
INSERT INTO notification(type, message, user_id, is_read) VALUES ('follow', 'follow 알림 45-1', 45, 0);
INSERT INTO notification(type, message, user_id, is_read) VALUES ('qna', 'qna 알림 45-2', 45, 1);
INSERT INTO notification(type, message, user_id, is_read) VALUES ('badge', 'badge 알림 45-3', 45, 1);
INSERT INTO notification(type, message, user_id, is_read) VALUES ('follow', 'follow 알림 45-4', 45, 0);
INSERT INTO notification(type, message, user_id, is_read) VALUES ('system', 'system 알림 45-5', 45, 1);
INSERT INTO notification(type, message, user_id, is_read) VALUES ('system', 'system 알림 45-6', 45, 1);
INSERT INTO notification(type, message, user_id, is_read) VALUES ('mention', 'mention 알림 45-7', 45, 0);
INSERT INTO notification(type, message, user_id, is_read) VALUES ('announcement', 'announcement 알림 45-8', 45, 0);
INSERT INTO notification(type, message, user_id, is_read) VALUES ('playlist', 'playlist 알림 45-9', 45, 0);
INSERT INTO notification(type, message, user_id, is_read) VALUES ('badge', 'badge 알림 45-10', 45, 0);
INSERT INTO notification(type, message, user_id, is_read) VALUES ('qna', 'qna 알림 46-1', 46, 0);
INSERT INTO notification(type, message, user_id, is_read) VALUES ('comment', 'comment 알림 46-2', 46, 0);
INSERT INTO notification(type, message, user_id, is_read) VALUES ('mention', 'mention 알림 46-3', 46, 1);
INSERT INTO notification(type, message, user_id, is_read) VALUES ('mention', 'mention 알림 46-4', 46, 1);
INSERT INTO notification(type, message, user_id, is_read) VALUES ('qna', 'qna 알림 46-5', 46, 0);
INSERT INTO notification(type, message, user_id, is_read) VALUES ('system', 'system 알림 46-6', 46, 0);
INSERT INTO notification(type, message, user_id, is_read) VALUES ('comment', 'comment 알림 46-7', 46, 0);
INSERT INTO notification(type, message, user_id, is_read) VALUES ('system', 'system 알림 46-8', 46, 1);
INSERT INTO notification(type, message, user_id, is_read) VALUES ('qna', 'qna 알림 46-9', 46, 0);
INSERT INTO notification(type, message, user_id, is_read) VALUES ('qna', 'qna 알림 46-10', 46, 0);
INSERT INTO notification(type, message, user_id, is_read) VALUES ('system', 'system 알림 47-1', 47, 0);
INSERT INTO notification(type, message, user_id, is_read) VALUES ('playlist', 'playlist 알림 47-2', 47, 0);
INSERT INTO notification(type, message, user_id, is_read) VALUES ('badge', 'badge 알림 47-3', 47, 1);
INSERT INTO notification(type, message, user_id, is_read) VALUES ('system', 'system 알림 47-4', 47, 1);
INSERT INTO notification(type, message, user_id, is_read) VALUES ('qna', 'qna 알림 47-5', 47, 0);
INSERT INTO notification(type, message, user_id, is_read) VALUES ('reply', 'reply 알림 47-6', 47, 0);
INSERT INTO notification(type, message, user_id, is_read) VALUES ('mention', 'mention 알림 47-7', 47, 0);
INSERT INTO notification(type, message, user_id, is_read) VALUES ('system', 'system 알림 47-8', 47, 1);
INSERT INTO notification(type, message, user_id, is_read) VALUES ('like', 'like 알림 47-9', 47, 1);
INSERT INTO notification(type, message, user_id, is_read) VALUES ('system', 'system 알림 47-10', 47, 0);
INSERT INTO notification(type, message, user_id, is_read) VALUES ('comment', 'comment 알림 48-1', 48, 1);
INSERT INTO notification(type, message, user_id, is_read) VALUES ('like', 'like 알림 48-2', 48, 1);
INSERT INTO notification(type, message, user_id, is_read) VALUES ('announcement', 'announcement 알림 48-3', 48, 0);
INSERT INTO notification(type, message, user_id, is_read) VALUES ('announcement', 'announcement 알림 48-4', 48, 1);
INSERT INTO notification(type, message, user_id, is_read) VALUES ('mention', 'mention 알림 48-5', 48, 0);
INSERT INTO notification(type, message, user_id, is_read) VALUES ('system', 'system 알림 48-6', 48, 0);
INSERT INTO notification(type, message, user_id, is_read) VALUES ('comment', 'comment 알림 48-7', 48, 0);
INSERT INTO notification(type, message, user_id, is_read) VALUES ('announcement', 'announcement 알림 48-8', 48, 1);
INSERT INTO notification(type, message, user_id, is_read) VALUES ('reply', 'reply 알림 48-9', 48, 0);
INSERT INTO notification(type, message, user_id, is_read) VALUES ('system', 'system 알림 48-10', 48, 0);
INSERT INTO notification(type, message, user_id, is_read) VALUES ('follow', 'follow 알림 49-1', 49, 1);
INSERT INTO notification(type, message, user_id, is_read) VALUES ('follow', 'follow 알림 49-2', 49, 1);
INSERT INTO notification(type, message, user_id, is_read) VALUES ('system', 'system 알림 49-3', 49, 1);
INSERT INTO notification(type, message, user_id, is_read) VALUES ('system', 'system 알림 49-4', 49, 1);
INSERT INTO notification(type, message, user_id, is_read) VALUES ('mention', 'mention 알림 49-5', 49, 0);
INSERT INTO notification(type, message, user_id, is_read) VALUES ('system', 'system 알림 49-6', 49, 0);
INSERT INTO notification(type, message, user_id, is_read) VALUES ('reply', 'reply 알림 49-7', 49, 0);
INSERT INTO notification(type, message, user_id, is_read) VALUES ('badge', 'badge 알림 49-8', 49, 1);
INSERT INTO notification(type, message, user_id, is_read) VALUES ('mention', 'mention 알림 49-9', 49, 1);
INSERT INTO notification(type, message, user_id, is_read) VALUES ('reply', 'reply 알림 49-10', 49, 0);
INSERT INTO notification(type, message, user_id, is_read) VALUES ('like', 'like 알림 50-1', 50, 1);
INSERT INTO notification(type, message, user_id, is_read) VALUES ('comment', 'comment 알림 50-2', 50, 1);
INSERT INTO notification(type, message, user_id, is_read) VALUES ('like', 'like 알림 50-3', 50, 1);
INSERT INTO notification(type, message, user_id, is_read) VALUES ('qna', 'qna 알림 50-4', 50, 1);
INSERT INTO notification(type, message, user_id, is_read) VALUES ('badge', 'badge 알림 50-5', 50, 1);
INSERT INTO notification(type, message, user_id, is_read) VALUES ('announcement', 'announcement 알림 50-6', 50, 0);
INSERT INTO notification(type, message, user_id, is_read) VALUES ('mention', 'mention 알림 50-7', 50, 0);
INSERT INTO notification(type, message, user_id, is_read) VALUES ('system', 'system 알림 50-8', 50, 0);
INSERT INTO notification(type, message, user_id, is_read) VALUES ('follow', 'follow 알림 50-9', 50, 1);
INSERT INTO notification(type, message, user_id, is_read) VALUES ('system', 'system 알림 50-10', 50, 1);
INSERT INTO notification(type, message, user_id, is_read) VALUES ('follow', 'follow 알림 51-1', 51, 1);
INSERT INTO notification(type, message, user_id, is_read) VALUES ('comment', 'comment 알림 51-2', 51, 0);
INSERT INTO notification(type, message, user_id, is_read) VALUES ('badge', 'badge 알림 51-3', 51, 1);
INSERT INTO notification(type, message, user_id, is_read) VALUES ('reply', 'reply 알림 51-4', 51, 0);
INSERT INTO notification(type, message, user_id, is_read) VALUES ('qna', 'qna 알림 51-5', 51, 0);
INSERT INTO notification(type, message, user_id, is_read) VALUES ('system', 'system 알림 51-6', 51, 1);
INSERT INTO notification(type, message, user_id, is_read) VALUES ('reply', 'reply 알림 51-7', 51, 1);
INSERT INTO notification(type, message, user_id, is_read) VALUES ('qna', 'qna 알림 51-8', 51, 1);
INSERT INTO notification(type, message, user_id, is_read) VALUES ('badge', 'badge 알림 51-9', 51, 0);
INSERT INTO notification(type, message, user_id, is_read) VALUES ('reply', 'reply 알림 51-10', 51, 1);
INSERT INTO notification(type, message, user_id, is_read) VALUES ('comment', 'comment 알림 52-1', 52, 1);
INSERT INTO notification(type, message, user_id, is_read) VALUES ('like', 'like 알림 52-2', 52, 1);
INSERT INTO notification(type, message, user_id, is_read) VALUES ('system', 'system 알림 52-3', 52, 1);
INSERT INTO notification(type, message, user_id, is_read) VALUES ('follow', 'follow 알림 52-4', 52, 0);
INSERT INTO notification(type, message, user_id, is_read) VALUES ('mention', 'mention 알림 52-5', 52, 0);
INSERT INTO notification(type, message, user_id, is_read) VALUES ('announcement', 'announcement 알림 52-6', 52, 1);
INSERT INTO notification(type, message, user_id, is_read) VALUES ('qna', 'qna 알림 52-7', 52, 0);
INSERT INTO notification(type, message, user_id, is_read) VALUES ('playlist', 'playlist 알림 52-8', 52, 1);
INSERT INTO notification(type, message, user_id, is_read) VALUES ('qna', 'qna 알림 52-9', 52, 1);
INSERT INTO notification(type, message, user_id, is_read) VALUES ('announcement', 'announcement 알림 52-10', 52, 0);
INSERT INTO notification(type, message, user_id, is_read) VALUES ('system', 'system 알림 53-1', 53, 1);
INSERT INTO notification(type, message, user_id, is_read) VALUES ('system', 'system 알림 53-2', 53, 1);
INSERT INTO notification(type, message, user_id, is_read) VALUES ('comment', 'comment 알림 53-3', 53, 1);
INSERT INTO notification(type, message, user_id, is_read) VALUES ('like', 'like 알림 53-4', 53, 0);
INSERT INTO notification(type, message, user_id, is_read) VALUES ('mention', 'mention 알림 53-5', 53, 0);
INSERT INTO notification(type, message, user_id, is_read) VALUES ('system', 'system 알림 53-6', 53, 0);
INSERT INTO notification(type, message, user_id, is_read) VALUES ('like', 'like 알림 53-7', 53, 1);
INSERT INTO notification(type, message, user_id, is_read) VALUES ('badge', 'badge 알림 53-8', 53, 1);
INSERT INTO notification(type, message, user_id, is_read) VALUES ('follow', 'follow 알림 53-9', 53, 0);
INSERT INTO notification(type, message, user_id, is_read) VALUES ('mention', 'mention 알림 53-10', 53, 0);
INSERT INTO notification(type, message, user_id, is_read) VALUES ('like', 'like 알림 54-1', 54, 1);
INSERT INTO notification(type, message, user_id, is_read) VALUES ('comment', 'comment 알림 54-2', 54, 0);
INSERT INTO notification(type, message, user_id, is_read) VALUES ('system', 'system 알림 54-3', 54, 1);
INSERT INTO notification(type, message, user_id, is_read) VALUES ('mention', 'mention 알림 54-4', 54, 1);
INSERT INTO notification(type, message, user_id, is_read) VALUES ('mention', 'mention 알림 54-5', 54, 1);
INSERT INTO notification(type, message, user_id, is_read) VALUES ('like', 'like 알림 54-6', 54, 0);
INSERT INTO notification(type, message, user_id, is_read) VALUES ('qna', 'qna 알림 54-7', 54, 1);
INSERT INTO notification(type, message, user_id, is_read) VALUES ('reply', 'reply 알림 54-8', 54, 0);
INSERT INTO notification(type, message, user_id, is_read) VALUES ('playlist', 'playlist 알림 54-9', 54, 0);
INSERT INTO notification(type, message, user_id, is_read) VALUES ('badge', 'badge 알림 54-10', 54, 1);
INSERT INTO notification(type, message, user_id, is_read) VALUES ('mention', 'mention 알림 55-1', 55, 1);
INSERT INTO notification(type, message, user_id, is_read) VALUES ('comment', 'comment 알림 55-2', 55, 1);
INSERT INTO notification(type, message, user_id, is_read) VALUES ('badge', 'badge 알림 55-3', 55, 1);
INSERT INTO notification(type, message, user_id, is_read) VALUES ('comment', 'comment 알림 55-4', 55, 1);
INSERT INTO notification(type, message, user_id, is_read) VALUES ('reply', 'reply 알림 55-5', 55, 0);
INSERT INTO notification(type, message, user_id, is_read) VALUES ('announcement', 'announcement 알림 55-6', 55, 0);
INSERT INTO notification(type, message, user_id, is_read) VALUES ('badge', 'badge 알림 55-7', 55, 0);
INSERT INTO notification(type, message, user_id, is_read) VALUES ('system', 'system 알림 55-8', 55, 1);
INSERT INTO notification(type, message, user_id, is_read) VALUES ('system', 'system 알림 55-9', 55, 0);
INSERT INTO notification(type, message, user_id, is_read) VALUES ('reply', 'reply 알림 55-10', 55, 1);
INSERT INTO notification(type, message, user_id, is_read) VALUES ('announcement', 'announcement 알림 56-1', 56, 1);
INSERT INTO notification(type, message, user_id, is_read) VALUES ('like', 'like 알림 56-2', 56, 0);
INSERT INTO notification(type, message, user_id, is_read) VALUES ('follow', 'follow 알림 56-3', 56, 1);
INSERT INTO notification(type, message, user_id, is_read) VALUES ('follow', 'follow 알림 56-4', 56, 0);
INSERT INTO notification(type, message, user_id, is_read) VALUES ('qna', 'qna 알림 56-5', 56, 1);
INSERT INTO notification(type, message, user_id, is_read) VALUES ('announcement', 'announcement 알림 56-6', 56, 0);
INSERT INTO notification(type, message, user_id, is_read) VALUES ('badge', 'badge 알림 56-7', 56, 0);
INSERT INTO notification(type, message, user_id, is_read) VALUES ('announcement', 'announcement 알림 56-8', 56, 1);
INSERT INTO notification(type, message, user_id, is_read) VALUES ('mention', 'mention 알림 56-9', 56, 0);
INSERT INTO notification(type, message, user_id, is_read) VALUES ('comment', 'comment 알림 56-10', 56, 0);
INSERT INTO notification(type, message, user_id, is_read) VALUES ('mention', 'mention 알림 57-1', 57, 1);
INSERT INTO notification(type, message, user_id, is_read) VALUES ('reply', 'reply 알림 57-2', 57, 1);
INSERT INTO notification(type, message, user_id, is_read) VALUES ('announcement', 'announcement 알림 57-3', 57, 0);
INSERT INTO notification(type, message, user_id, is_read) VALUES ('badge', 'badge 알림 57-4', 57, 1);
INSERT INTO notification(type, message, user_id, is_read) VALUES ('badge', 'badge 알림 57-5', 57, 0);
INSERT INTO notification(type, message, user_id, is_read) VALUES ('follow', 'follow 알림 57-6', 57, 1);
INSERT INTO notification(type, message, user_id, is_read) VALUES ('qna', 'qna 알림 57-7', 57, 0);
INSERT INTO notification(type, message, user_id, is_read) VALUES ('comment', 'comment 알림 57-8', 57, 0);
INSERT INTO notification(type, message, user_id, is_read) VALUES ('playlist', 'playlist 알림 57-9', 57, 1);
INSERT INTO notification(type, message, user_id, is_read) VALUES ('playlist', 'playlist 알림 57-10', 57, 0);
INSERT INTO notification(type, message, user_id, is_read) VALUES ('like', 'like 알림 58-1', 58, 0);
INSERT INTO notification(type, message, user_id, is_read) VALUES ('follow', 'follow 알림 58-2', 58, 1);
INSERT INTO notification(type, message, user_id, is_read) VALUES ('system', 'system 알림 58-3', 58, 0);
INSERT INTO notification(type, message, user_id, is_read) VALUES ('system', 'system 알림 58-4', 58, 1);
INSERT INTO notification(type, message, user_id, is_read) VALUES ('reply', 'reply 알림 58-5', 58, 1);
INSERT INTO notification(type, message, user_id, is_read) VALUES ('announcement', 'announcement 알림 58-6', 58, 0);
INSERT INTO notification(type, message, user_id, is_read) VALUES ('qna', 'qna 알림 58-7', 58, 1);
INSERT INTO notification(type, message, user_id, is_read) VALUES ('comment', 'comment 알림 58-8', 58, 1);
INSERT INTO notification(type, message, user_id, is_read) VALUES ('mention', 'mention 알림 58-9', 58, 0);
INSERT INTO notification(type, message, user_id, is_read) VALUES ('reply', 'reply 알림 58-10', 58, 0);
INSERT INTO notification(type, message, user_id, is_read) VALUES ('qna', 'qna 알림 59-1', 59, 1);
INSERT INTO notification(type, message, user_id, is_read) VALUES ('reply', 'reply 알림 59-2', 59, 0);
INSERT INTO notification(type, message, user_id, is_read) VALUES ('follow', 'follow 알림 59-3', 59, 0);
INSERT INTO notification(type, message, user_id, is_read) VALUES ('reply', 'reply 알림 59-4', 59, 1);
INSERT INTO notification(type, message, user_id, is_read) VALUES ('mention', 'mention 알림 59-5', 59, 0);
INSERT INTO notification(type, message, user_id, is_read) VALUES ('badge', 'badge 알림 59-6', 59, 0);
INSERT INTO notification(type, message, user_id, is_read) VALUES ('announcement', 'announcement 알림 59-7', 59, 1);
INSERT INTO notification(type, message, user_id, is_read) VALUES ('qna', 'qna 알림 59-8', 59, 0);
INSERT INTO notification(type, message, user_id, is_read) VALUES ('follow', 'follow 알림 59-9', 59, 1);
INSERT INTO notification(type, message, user_id, is_read) VALUES ('like', 'like 알림 59-10', 59, 0);
INSERT INTO notification(type, message, user_id, is_read) VALUES ('playlist', 'playlist 알림 60-1', 60, 1);
INSERT INTO notification(type, message, user_id, is_read) VALUES ('qna', 'qna 알림 60-2', 60, 1);
INSERT INTO notification(type, message, user_id, is_read) VALUES ('reply', 'reply 알림 60-3', 60, 0);
INSERT INTO notification(type, message, user_id, is_read) VALUES ('follow', 'follow 알림 60-4', 60, 1);
INSERT INTO notification(type, message, user_id, is_read) VALUES ('comment', 'comment 알림 60-5', 60, 1);
INSERT INTO notification(type, message, user_id, is_read) VALUES ('mention', 'mention 알림 60-6', 60, 0);
INSERT INTO notification(type, message, user_id, is_read) VALUES ('badge', 'badge 알림 60-7', 60, 0);
INSERT INTO notification(type, message, user_id, is_read) VALUES ('announcement', 'announcement 알림 60-8', 60, 0);
INSERT INTO notification(type, message, user_id, is_read) VALUES ('badge', 'badge 알림 60-9', 60, 1);
INSERT INTO notification(type, message, user_id, is_read) VALUES ('playlist', 'playlist 알림 60-10', 60, 0);
INSERT INTO notification(type, message, user_id, is_read) VALUES ('like', 'like 알림 61-1', 61, 1);
INSERT INTO notification(type, message, user_id, is_read) VALUES ('playlist', 'playlist 알림 61-2', 61, 1);
INSERT INTO notification(type, message, user_id, is_read) VALUES ('mention', 'mention 알림 61-3', 61, 0);
INSERT INTO notification(type, message, user_id, is_read) VALUES ('reply', 'reply 알림 61-4', 61, 1);
INSERT INTO notification(type, message, user_id, is_read) VALUES ('reply', 'reply 알림 61-5', 61, 0);
INSERT INTO notification(type, message, user_id, is_read) VALUES ('like', 'like 알림 61-6', 61, 1);
INSERT INTO notification(type, message, user_id, is_read) VALUES ('announcement', 'announcement 알림 61-7', 61, 0);
INSERT INTO notification(type, message, user_id, is_read) VALUES ('reply', 'reply 알림 61-8', 61, 0);
INSERT INTO notification(type, message, user_id, is_read) VALUES ('follow', 'follow 알림 61-9', 61, 0);
INSERT INTO notification(type, message, user_id, is_read) VALUES ('reply', 'reply 알림 61-10', 61, 1);
INSERT INTO notification(type, message, user_id, is_read) VALUES ('mention', 'mention 알림 62-1', 62, 0);
INSERT INTO notification(type, message, user_id, is_read) VALUES ('announcement', 'announcement 알림 62-2', 62, 1);
INSERT INTO notification(type, message, user_id, is_read) VALUES ('reply', 'reply 알림 62-3', 62, 1);
INSERT INTO notification(type, message, user_id, is_read) VALUES ('like', 'like 알림 62-4', 62, 0);
INSERT INTO notification(type, message, user_id, is_read) VALUES ('reply', 'reply 알림 62-5', 62, 0);
INSERT INTO notification(type, message, user_id, is_read) VALUES ('qna', 'qna 알림 62-6', 62, 0);
INSERT INTO notification(type, message, user_id, is_read) VALUES ('system', 'system 알림 62-7', 62, 0);
INSERT INTO notification(type, message, user_id, is_read) VALUES ('like', 'like 알림 62-8', 62, 0);
INSERT INTO notification(type, message, user_id, is_read) VALUES ('follow', 'follow 알림 62-9', 62, 1);
INSERT INTO notification(type, message, user_id, is_read) VALUES ('playlist', 'playlist 알림 62-10', 62, 1);
INSERT INTO notification(type, message, user_id, is_read) VALUES ('follow', 'follow 알림 63-1', 63, 0);
INSERT INTO notification(type, message, user_id, is_read) VALUES ('playlist', 'playlist 알림 63-2', 63, 1);
INSERT INTO notification(type, message, user_id, is_read) VALUES ('comment', 'comment 알림 63-3', 63, 0);
INSERT INTO notification(type, message, user_id, is_read) VALUES ('comment', 'comment 알림 63-4', 63, 0);
INSERT INTO notification(type, message, user_id, is_read) VALUES ('follow', 'follow 알림 63-5', 63, 1);
INSERT INTO notification(type, message, user_id, is_read) VALUES ('follow', 'follow 알림 63-6', 63, 0);
INSERT INTO notification(type, message, user_id, is_read) VALUES ('mention', 'mention 알림 63-7', 63, 1);
INSERT INTO notification(type, message, user_id, is_read) VALUES ('playlist', 'playlist 알림 63-8', 63, 0);
INSERT INTO notification(type, message, user_id, is_read) VALUES ('announcement', 'announcement 알림 63-9', 63, 1);
INSERT INTO notification(type, message, user_id, is_read) VALUES ('follow', 'follow 알림 63-10', 63, 0);
INSERT INTO notification(type, message, user_id, is_read) VALUES ('like', 'like 알림 64-1', 64, 0);
INSERT INTO notification(type, message, user_id, is_read) VALUES ('comment', 'comment 알림 64-2', 64, 1);
INSERT INTO notification(type, message, user_id, is_read) VALUES ('mention', 'mention 알림 64-3', 64, 0);
INSERT INTO notification(type, message, user_id, is_read) VALUES ('reply', 'reply 알림 64-4', 64, 0);
INSERT INTO notification(type, message, user_id, is_read) VALUES ('announcement', 'announcement 알림 64-5', 64, 0);
INSERT INTO notification(type, message, user_id, is_read) VALUES ('like', 'like 알림 64-6', 64, 0);
INSERT INTO notification(type, message, user_id, is_read) VALUES ('announcement', 'announcement 알림 64-7', 64, 0);
INSERT INTO notification(type, message, user_id, is_read) VALUES ('like', 'like 알림 64-8', 64, 1);
INSERT INTO notification(type, message, user_id, is_read) VALUES ('announcement', 'announcement 알림 64-9', 64, 1);
INSERT INTO notification(type, message, user_id, is_read) VALUES ('like', 'like 알림 64-10', 64, 1);
INSERT INTO notification(type, message, user_id, is_read) VALUES ('badge', 'badge 알림 65-1', 65, 1);
INSERT INTO notification(type, message, user_id, is_read) VALUES ('reply', 'reply 알림 65-2', 65, 1);
INSERT INTO notification(type, message, user_id, is_read) VALUES ('system', 'system 알림 65-3', 65, 1);
INSERT INTO notification(type, message, user_id, is_read) VALUES ('follow', 'follow 알림 65-4', 65, 1);
INSERT INTO notification(type, message, user_id, is_read) VALUES ('reply', 'reply 알림 65-5', 65, 0);
INSERT INTO notification(type, message, user_id, is_read) VALUES ('qna', 'qna 알림 65-6', 65, 1);
INSERT INTO notification(type, message, user_id, is_read) VALUES ('announcement', 'announcement 알림 65-7', 65, 1);
INSERT INTO notification(type, message, user_id, is_read) VALUES ('mention', 'mention 알림 65-8', 65, 1);
INSERT INTO notification(type, message, user_id, is_read) VALUES ('reply', 'reply 알림 65-9', 65, 1);
INSERT INTO notification(type, message, user_id, is_read) VALUES ('playlist', 'playlist 알림 65-10', 65, 0);
INSERT INTO notification(type, message, user_id, is_read) VALUES ('mention', 'mention 알림 66-1', 66, 0);
INSERT INTO notification(type, message, user_id, is_read) VALUES ('reply', 'reply 알림 66-2', 66, 0);
INSERT INTO notification(type, message, user_id, is_read) VALUES ('badge', 'badge 알림 66-3', 66, 0);
INSERT INTO notification(type, message, user_id, is_read) VALUES ('badge', 'badge 알림 66-4', 66, 1);
INSERT INTO notification(type, message, user_id, is_read) VALUES ('reply', 'reply 알림 66-5', 66, 0);
INSERT INTO notification(type, message, user_id, is_read) VALUES ('qna', 'qna 알림 66-6', 66, 1);
INSERT INTO notification(type, message, user_id, is_read) VALUES ('playlist', 'playlist 알림 66-7', 66, 1);
INSERT INTO notification(type, message, user_id, is_read) VALUES ('playlist', 'playlist 알림 66-8', 66, 0);
INSERT INTO notification(type, message, user_id, is_read) VALUES ('mention', 'mention 알림 66-9', 66, 1);
INSERT INTO notification(type, message, user_id, is_read) VALUES ('qna', 'qna 알림 66-10', 66, 1);
INSERT INTO notification(type, message, user_id, is_read) VALUES ('like', 'like 알림 67-1', 67, 1);
INSERT INTO notification(type, message, user_id, is_read) VALUES ('system', 'system 알림 67-2', 67, 1);
INSERT INTO notification(type, message, user_id, is_read) VALUES ('system', 'system 알림 67-3', 67, 0);
INSERT INTO notification(type, message, user_id, is_read) VALUES ('system', 'system 알림 67-4', 67, 0);
INSERT INTO notification(type, message, user_id, is_read) VALUES ('like', 'like 알림 67-5', 67, 0);
INSERT INTO notification(type, message, user_id, is_read) VALUES ('comment', 'comment 알림 67-6', 67, 1);
INSERT INTO notification(type, message, user_id, is_read) VALUES ('mention', 'mention 알림 67-7', 67, 1);
INSERT INTO notification(type, message, user_id, is_read) VALUES ('qna', 'qna 알림 67-8', 67, 0);
INSERT INTO notification(type, message, user_id, is_read) VALUES ('playlist', 'playlist 알림 67-9', 67, 0);
INSERT INTO notification(type, message, user_id, is_read) VALUES ('follow', 'follow 알림 67-10', 67, 1);
INSERT INTO notification(type, message, user_id, is_read) VALUES ('comment', 'comment 알림 68-1', 68, 1);
INSERT INTO notification(type, message, user_id, is_read) VALUES ('reply', 'reply 알림 68-2', 68, 1);
INSERT INTO notification(type, message, user_id, is_read) VALUES ('mention', 'mention 알림 68-3', 68, 1);
INSERT INTO notification(type, message, user_id, is_read) VALUES ('mention', 'mention 알림 68-4', 68, 1);
INSERT INTO notification(type, message, user_id, is_read) VALUES ('playlist', 'playlist 알림 68-5', 68, 1);
INSERT INTO notification(type, message, user_id, is_read) VALUES ('reply', 'reply 알림 68-6', 68, 1);
INSERT INTO notification(type, message, user_id, is_read) VALUES ('mention', 'mention 알림 68-7', 68, 1);
INSERT INTO notification(type, message, user_id, is_read) VALUES ('reply', 'reply 알림 68-8', 68, 1);
INSERT INTO notification(type, message, user_id, is_read) VALUES ('system', 'system 알림 68-9', 68, 0);
INSERT INTO notification(type, message, user_id, is_read) VALUES ('badge', 'badge 알림 68-10', 68, 0);
INSERT INTO notification(type, message, user_id, is_read) VALUES ('follow', 'follow 알림 69-1', 69, 0);
INSERT INTO notification(type, message, user_id, is_read) VALUES ('follow', 'follow 알림 69-2', 69, 1);
INSERT INTO notification(type, message, user_id, is_read) VALUES ('like', 'like 알림 69-3', 69, 1);
INSERT INTO notification(type, message, user_id, is_read) VALUES ('badge', 'badge 알림 69-4', 69, 0);
INSERT INTO notification(type, message, user_id, is_read) VALUES ('badge', 'badge 알림 69-5', 69, 1);
INSERT INTO notification(type, message, user_id, is_read) VALUES ('reply', 'reply 알림 69-6', 69, 0);
INSERT INTO notification(type, message, user_id, is_read) VALUES ('reply', 'reply 알림 69-7', 69, 1);
INSERT INTO notification(type, message, user_id, is_read) VALUES ('playlist', 'playlist 알림 69-8', 69, 0);
INSERT INTO notification(type, message, user_id, is_read) VALUES ('announcement', 'announcement 알림 69-9', 69, 0);
INSERT INTO notification(type, message, user_id, is_read) VALUES ('mention', 'mention 알림 69-10', 69, 0);
INSERT INTO notification(type, message, user_id, is_read) VALUES ('badge', 'badge 알림 70-1', 70, 0);
INSERT INTO notification(type, message, user_id, is_read) VALUES ('reply', 'reply 알림 70-2', 70, 0);
INSERT INTO notification(type, message, user_id, is_read) VALUES ('announcement', 'announcement 알림 70-3', 70, 0);
INSERT INTO notification(type, message, user_id, is_read) VALUES ('badge', 'badge 알림 70-4', 70, 1);
INSERT INTO notification(type, message, user_id, is_read) VALUES ('playlist', 'playlist 알림 70-5', 70, 1);
INSERT INTO notification(type, message, user_id, is_read) VALUES ('system', 'system 알림 70-6', 70, 0);
INSERT INTO notification(type, message, user_id, is_read) VALUES ('mention', 'mention 알림 70-7', 70, 1);
INSERT INTO notification(type, message, user_id, is_read) VALUES ('comment', 'comment 알림 70-8', 70, 1);
INSERT INTO notification(type, message, user_id, is_read) VALUES ('mention', 'mention 알림 70-9', 70, 1);
INSERT INTO notification(type, message, user_id, is_read) VALUES ('mention', 'mention 알림 70-10', 70, 1);
INSERT INTO notification(type, message, user_id, is_read) VALUES ('qna', 'qna 알림 71-1', 71, 1);
INSERT INTO notification(type, message, user_id, is_read) VALUES ('like', 'like 알림 71-2', 71, 0);
INSERT INTO notification(type, message, user_id, is_read) VALUES ('playlist', 'playlist 알림 71-3', 71, 1);
INSERT INTO notification(type, message, user_id, is_read) VALUES ('playlist', 'playlist 알림 71-4', 71, 1);
INSERT INTO notification(type, message, user_id, is_read) VALUES ('mention', 'mention 알림 71-5', 71, 1);
INSERT INTO notification(type, message, user_id, is_read) VALUES ('system', 'system 알림 71-6', 71, 1);
INSERT INTO notification(type, message, user_id, is_read) VALUES ('reply', 'reply 알림 71-7', 71, 0);
INSERT INTO notification(type, message, user_id, is_read) VALUES ('badge', 'badge 알림 71-8', 71, 0);
INSERT INTO notification(type, message, user_id, is_read) VALUES ('playlist', 'playlist 알림 71-9', 71, 0);
INSERT INTO notification(type, message, user_id, is_read) VALUES ('badge', 'badge 알림 71-10', 71, 1);
INSERT INTO notification(type, message, user_id, is_read) VALUES ('playlist', 'playlist 알림 72-1', 72, 0);
INSERT INTO notification(type, message, user_id, is_read) VALUES ('reply', 'reply 알림 72-2', 72, 0);
INSERT INTO notification(type, message, user_id, is_read) VALUES ('comment', 'comment 알림 72-3', 72, 0);
INSERT INTO notification(type, message, user_id, is_read) VALUES ('system', 'system 알림 72-4', 72, 0);
INSERT INTO notification(type, message, user_id, is_read) VALUES ('like', 'like 알림 72-5', 72, 0);
INSERT INTO notification(type, message, user_id, is_read) VALUES ('qna', 'qna 알림 72-6', 72, 1);
INSERT INTO notification(type, message, user_id, is_read) VALUES ('mention', 'mention 알림 72-7', 72, 0);
INSERT INTO notification(type, message, user_id, is_read) VALUES ('reply', 'reply 알림 72-8', 72, 1);
INSERT INTO notification(type, message, user_id, is_read) VALUES ('qna', 'qna 알림 72-9', 72, 0);
INSERT INTO notification(type, message, user_id, is_read) VALUES ('comment', 'comment 알림 72-10', 72, 1);
INSERT INTO notification(type, message, user_id, is_read) VALUES ('system', 'system 알림 73-1', 73, 0);
INSERT INTO notification(type, message, user_id, is_read) VALUES ('system', 'system 알림 73-2', 73, 0);
INSERT INTO notification(type, message, user_id, is_read) VALUES ('qna', 'qna 알림 73-3', 73, 1);
INSERT INTO notification(type, message, user_id, is_read) VALUES ('system', 'system 알림 73-4', 73, 0);
INSERT INTO notification(type, message, user_id, is_read) VALUES ('comment', 'comment 알림 73-5', 73, 1);
INSERT INTO notification(type, message, user_id, is_read) VALUES ('comment', 'comment 알림 73-6', 73, 1);
INSERT INTO notification(type, message, user_id, is_read) VALUES ('qna', 'qna 알림 73-7', 73, 0);
INSERT INTO notification(type, message, user_id, is_read) VALUES ('announcement', 'announcement 알림 73-8', 73, 1);
INSERT INTO notification(type, message, user_id, is_read) VALUES ('mention', 'mention 알림 73-9', 73, 1);
INSERT INTO notification(type, message, user_id, is_read) VALUES ('follow', 'follow 알림 73-10', 73, 1);
INSERT INTO notification(type, message, user_id, is_read) VALUES ('qna', 'qna 알림 74-1', 74, 1);
INSERT INTO notification(type, message, user_id, is_read) VALUES ('mention', 'mention 알림 74-2', 74, 0);
INSERT INTO notification(type, message, user_id, is_read) VALUES ('like', 'like 알림 74-3', 74, 1);
INSERT INTO notification(type, message, user_id, is_read) VALUES ('announcement', 'announcement 알림 74-4', 74, 1);
INSERT INTO notification(type, message, user_id, is_read) VALUES ('system', 'system 알림 74-5', 74, 0);
INSERT INTO notification(type, message, user_id, is_read) VALUES ('system', 'system 알림 74-6', 74, 0);
INSERT INTO notification(type, message, user_id, is_read) VALUES ('like', 'like 알림 74-7', 74, 0);
INSERT INTO notification(type, message, user_id, is_read) VALUES ('like', 'like 알림 74-8', 74, 0);
INSERT INTO notification(type, message, user_id, is_read) VALUES ('mention', 'mention 알림 74-9', 74, 0);
INSERT INTO notification(type, message, user_id, is_read) VALUES ('system', 'system 알림 74-10', 74, 0);
INSERT INTO notification(type, message, user_id, is_read) VALUES ('reply', 'reply 알림 75-1', 75, 0);
INSERT INTO notification(type, message, user_id, is_read) VALUES ('qna', 'qna 알림 75-2', 75, 1);
INSERT INTO notification(type, message, user_id, is_read) VALUES ('like', 'like 알림 75-3', 75, 0);
INSERT INTO notification(type, message, user_id, is_read) VALUES ('announcement', 'announcement 알림 75-4', 75, 0);
INSERT INTO notification(type, message, user_id, is_read) VALUES ('follow', 'follow 알림 75-5', 75, 0);
INSERT INTO notification(type, message, user_id, is_read) VALUES ('announcement', 'announcement 알림 75-6', 75, 1);
INSERT INTO notification(type, message, user_id, is_read) VALUES ('badge', 'badge 알림 75-7', 75, 0);
INSERT INTO notification(type, message, user_id, is_read) VALUES ('like', 'like 알림 75-8', 75, 0);
INSERT INTO notification(type, message, user_id, is_read) VALUES ('follow', 'follow 알림 75-9', 75, 1);
INSERT INTO notification(type, message, user_id, is_read) VALUES ('comment', 'comment 알림 75-10', 75, 1);
INSERT INTO notification(type, message, user_id, is_read) VALUES ('follow', 'follow 알림 76-1', 76, 1);
INSERT INTO notification(type, message, user_id, is_read) VALUES ('mention', 'mention 알림 76-2', 76, 1);
INSERT INTO notification(type, message, user_id, is_read) VALUES ('badge', 'badge 알림 76-3', 76, 1);
INSERT INTO notification(type, message, user_id, is_read) VALUES ('badge', 'badge 알림 76-4', 76, 0);
INSERT INTO notification(type, message, user_id, is_read) VALUES ('follow', 'follow 알림 76-5', 76, 0);
INSERT INTO notification(type, message, user_id, is_read) VALUES ('system', 'system 알림 76-6', 76, 1);
INSERT INTO notification(type, message, user_id, is_read) VALUES ('like', 'like 알림 76-7', 76, 0);
INSERT INTO notification(type, message, user_id, is_read) VALUES ('follow', 'follow 알림 76-8', 76, 1);
INSERT INTO notification(type, message, user_id, is_read) VALUES ('playlist', 'playlist 알림 76-9', 76, 0);
INSERT INTO notification(type, message, user_id, is_read) VALUES ('announcement', 'announcement 알림 76-10', 76, 0);
INSERT INTO notification(type, message, user_id, is_read) VALUES ('announcement', 'announcement 알림 77-1', 77, 0);
INSERT INTO notification(type, message, user_id, is_read) VALUES ('reply', 'reply 알림 77-2', 77, 0);
INSERT INTO notification(type, message, user_id, is_read) VALUES ('system', 'system 알림 77-3', 77, 0);
INSERT INTO notification(type, message, user_id, is_read) VALUES ('playlist', 'playlist 알림 77-4', 77, 0);
INSERT INTO notification(type, message, user_id, is_read) VALUES ('qna', 'qna 알림 77-5', 77, 1);
INSERT INTO notification(type, message, user_id, is_read) VALUES ('follow', 'follow 알림 77-6', 77, 0);
INSERT INTO notification(type, message, user_id, is_read) VALUES ('qna', 'qna 알림 77-7', 77, 1);
INSERT INTO notification(type, message, user_id, is_read) VALUES ('qna', 'qna 알림 77-8', 77, 1);
INSERT INTO notification(type, message, user_id, is_read) VALUES ('comment', 'comment 알림 77-9', 77, 1);
INSERT INTO notification(type, message, user_id, is_read) VALUES ('system', 'system 알림 77-10', 77, 0);
INSERT INTO notification(type, message, user_id, is_read) VALUES ('like', 'like 알림 78-1', 78, 1);
INSERT INTO notification(type, message, user_id, is_read) VALUES ('system', 'system 알림 78-2', 78, 0);
INSERT INTO notification(type, message, user_id, is_read) VALUES ('badge', 'badge 알림 78-3', 78, 0);
INSERT INTO notification(type, message, user_id, is_read) VALUES ('like', 'like 알림 78-4', 78, 0);
INSERT INTO notification(type, message, user_id, is_read) VALUES ('like', 'like 알림 78-5', 78, 1);
INSERT INTO notification(type, message, user_id, is_read) VALUES ('mention', 'mention 알림 78-6', 78, 0);
INSERT INTO notification(type, message, user_id, is_read) VALUES ('follow', 'follow 알림 78-7', 78, 1);
INSERT INTO notification(type, message, user_id, is_read) VALUES ('playlist', 'playlist 알림 78-8', 78, 0);
INSERT INTO notification(type, message, user_id, is_read) VALUES ('reply', 'reply 알림 78-9', 78, 1);
INSERT INTO notification(type, message, user_id, is_read) VALUES ('comment', 'comment 알림 78-10', 78, 0);
INSERT INTO notification(type, message, user_id, is_read) VALUES ('like', 'like 알림 79-1', 79, 1);
INSERT INTO notification(type, message, user_id, is_read) VALUES ('system', 'system 알림 79-2', 79, 0);
INSERT INTO notification(type, message, user_id, is_read) VALUES ('announcement', 'announcement 알림 79-3', 79, 0);
INSERT INTO notification(type, message, user_id, is_read) VALUES ('qna', 'qna 알림 79-4', 79, 1);
INSERT INTO notification(type, message, user_id, is_read) VALUES ('mention', 'mention 알림 79-5', 79, 0);
INSERT INTO notification(type, message, user_id, is_read) VALUES ('follow', 'follow 알림 79-6', 79, 1);
INSERT INTO notification(type, message, user_id, is_read) VALUES ('playlist', 'playlist 알림 79-7', 79, 0);
INSERT INTO notification(type, message, user_id, is_read) VALUES ('announcement', 'announcement 알림 79-8', 79, 1);
INSERT INTO notification(type, message, user_id, is_read) VALUES ('mention', 'mention 알림 79-9', 79, 1);
INSERT INTO notification(type, message, user_id, is_read) VALUES ('reply', 'reply 알림 79-10', 79, 1);
INSERT INTO notification(type, message, user_id, is_read) VALUES ('system', 'system 알림 80-1', 80, 0);
INSERT INTO notification(type, message, user_id, is_read) VALUES ('follow', 'follow 알림 80-2', 80, 0);
INSERT INTO notification(type, message, user_id, is_read) VALUES ('playlist', 'playlist 알림 80-3', 80, 1);
INSERT INTO notification(type, message, user_id, is_read) VALUES ('system', 'system 알림 80-4', 80, 0);
INSERT INTO notification(type, message, user_id, is_read) VALUES ('reply', 'reply 알림 80-5', 80, 1);
INSERT INTO notification(type, message, user_id, is_read) VALUES ('comment', 'comment 알림 80-6', 80, 1);
INSERT INTO notification(type, message, user_id, is_read) VALUES ('like', 'like 알림 80-7', 80, 1);
INSERT INTO notification(type, message, user_id, is_read) VALUES ('playlist', 'playlist 알림 80-8', 80, 1);
INSERT INTO notification(type, message, user_id, is_read) VALUES ('reply', 'reply 알림 80-9', 80, 0);
INSERT INTO notification(type, message, user_id, is_read) VALUES ('announcement', 'announcement 알림 80-10', 80, 1);
INSERT INTO notification(type, message, user_id, is_read) VALUES ('reply', 'reply 알림 81-1', 81, 1);
INSERT INTO notification(type, message, user_id, is_read) VALUES ('mention', 'mention 알림 81-2', 81, 1);
INSERT INTO notification(type, message, user_id, is_read) VALUES ('playlist', 'playlist 알림 81-3', 81, 1);
INSERT INTO notification(type, message, user_id, is_read) VALUES ('qna', 'qna 알림 81-4', 81, 0);
INSERT INTO notification(type, message, user_id, is_read) VALUES ('playlist', 'playlist 알림 81-5', 81, 0);
INSERT INTO notification(type, message, user_id, is_read) VALUES ('like', 'like 알림 81-6', 81, 0);
INSERT INTO notification(type, message, user_id, is_read) VALUES ('reply', 'reply 알림 81-7', 81, 0);
INSERT INTO notification(type, message, user_id, is_read) VALUES ('playlist', 'playlist 알림 81-8', 81, 1);
INSERT INTO notification(type, message, user_id, is_read) VALUES ('comment', 'comment 알림 81-9', 81, 0);
INSERT INTO notification(type, message, user_id, is_read) VALUES ('follow', 'follow 알림 81-10', 81, 1);
INSERT INTO notification(type, message, user_id, is_read) VALUES ('like', 'like 알림 82-1', 82, 0);
INSERT INTO notification(type, message, user_id, is_read) VALUES ('announcement', 'announcement 알림 82-2', 82, 0);
INSERT INTO notification(type, message, user_id, is_read) VALUES ('reply', 'reply 알림 82-3', 82, 0);
INSERT INTO notification(type, message, user_id, is_read) VALUES ('announcement', 'announcement 알림 82-4', 82, 1);
INSERT INTO notification(type, message, user_id, is_read) VALUES ('mention', 'mention 알림 82-5', 82, 1);
INSERT INTO notification(type, message, user_id, is_read) VALUES ('system', 'system 알림 82-6', 82, 1);
INSERT INTO notification(type, message, user_id, is_read) VALUES ('reply', 'reply 알림 82-7', 82, 1);
INSERT INTO notification(type, message, user_id, is_read) VALUES ('reply', 'reply 알림 82-8', 82, 1);
INSERT INTO notification(type, message, user_id, is_read) VALUES ('badge', 'badge 알림 82-9', 82, 0);
INSERT INTO notification(type, message, user_id, is_read) VALUES ('system', 'system 알림 82-10', 82, 1);
INSERT INTO notification(type, message, user_id, is_read) VALUES ('badge', 'badge 알림 83-1', 83, 1);
INSERT INTO notification(type, message, user_id, is_read) VALUES ('follow', 'follow 알림 83-2', 83, 1);
INSERT INTO notification(type, message, user_id, is_read) VALUES ('badge', 'badge 알림 83-3', 83, 1);
INSERT INTO notification(type, message, user_id, is_read) VALUES ('system', 'system 알림 83-4', 83, 1);
INSERT INTO notification(type, message, user_id, is_read) VALUES ('comment', 'comment 알림 83-5', 83, 1);
INSERT INTO notification(type, message, user_id, is_read) VALUES ('reply', 'reply 알림 83-6', 83, 0);
INSERT INTO notification(type, message, user_id, is_read) VALUES ('mention', 'mention 알림 83-7', 83, 1);
INSERT INTO notification(type, message, user_id, is_read) VALUES ('like', 'like 알림 83-8', 83, 0);
INSERT INTO notification(type, message, user_id, is_read) VALUES ('like', 'like 알림 83-9', 83, 1);
INSERT INTO notification(type, message, user_id, is_read) VALUES ('qna', 'qna 알림 83-10', 83, 0);
INSERT INTO notification(type, message, user_id, is_read) VALUES ('mention', 'mention 알림 84-1', 84, 1);
INSERT INTO notification(type, message, user_id, is_read) VALUES ('mention', 'mention 알림 84-2', 84, 0);
INSERT INTO notification(type, message, user_id, is_read) VALUES ('reply', 'reply 알림 84-3', 84, 1);
INSERT INTO notification(type, message, user_id, is_read) VALUES ('qna', 'qna 알림 84-4', 84, 0);
INSERT INTO notification(type, message, user_id, is_read) VALUES ('announcement', 'announcement 알림 84-5', 84, 1);
INSERT INTO notification(type, message, user_id, is_read) VALUES ('mention', 'mention 알림 84-6', 84, 1);
INSERT INTO notification(type, message, user_id, is_read) VALUES ('follow', 'follow 알림 84-7', 84, 0);
INSERT INTO notification(type, message, user_id, is_read) VALUES ('comment', 'comment 알림 84-8', 84, 1);
INSERT INTO notification(type, message, user_id, is_read) VALUES ('follow', 'follow 알림 84-9', 84, 1);
INSERT INTO notification(type, message, user_id, is_read) VALUES ('follow', 'follow 알림 84-10', 84, 0);
INSERT INTO notification(type, message, user_id, is_read) VALUES ('announcement', 'announcement 알림 85-1', 85, 0);
INSERT INTO notification(type, message, user_id, is_read) VALUES ('mention', 'mention 알림 85-2', 85, 1);
INSERT INTO notification(type, message, user_id, is_read) VALUES ('comment', 'comment 알림 85-3', 85, 0);
INSERT INTO notification(type, message, user_id, is_read) VALUES ('reply', 'reply 알림 85-4', 85, 0);
INSERT INTO notification(type, message, user_id, is_read) VALUES ('badge', 'badge 알림 85-5', 85, 0);
INSERT INTO notification(type, message, user_id, is_read) VALUES ('qna', 'qna 알림 85-6', 85, 1);
INSERT INTO notification(type, message, user_id, is_read) VALUES ('comment', 'comment 알림 85-7', 85, 1);
INSERT INTO notification(type, message, user_id, is_read) VALUES ('badge', 'badge 알림 85-8', 85, 0);
INSERT INTO notification(type, message, user_id, is_read) VALUES ('reply', 'reply 알림 85-9', 85, 0);
INSERT INTO notification(type, message, user_id, is_read) VALUES ('playlist', 'playlist 알림 85-10', 85, 1);
INSERT INTO notification(type, message, user_id, is_read) VALUES ('badge', 'badge 알림 86-1', 86, 0);
INSERT INTO notification(type, message, user_id, is_read) VALUES ('badge', 'badge 알림 86-2', 86, 0);
INSERT INTO notification(type, message, user_id, is_read) VALUES ('qna', 'qna 알림 86-3', 86, 1);
INSERT INTO notification(type, message, user_id, is_read) VALUES ('announcement', 'announcement 알림 86-4', 86, 0);
INSERT INTO notification(type, message, user_id, is_read) VALUES ('qna', 'qna 알림 86-5', 86, 1);
INSERT INTO notification(type, message, user_id, is_read) VALUES ('playlist', 'playlist 알림 86-6', 86, 0);
INSERT INTO notification(type, message, user_id, is_read) VALUES ('system', 'system 알림 86-7', 86, 1);
INSERT INTO notification(type, message, user_id, is_read) VALUES ('like', 'like 알림 86-8', 86, 0);
INSERT INTO notification(type, message, user_id, is_read) VALUES ('qna', 'qna 알림 86-9', 86, 1);
INSERT INTO notification(type, message, user_id, is_read) VALUES ('playlist', 'playlist 알림 86-10', 86, 0);
INSERT INTO notification(type, message, user_id, is_read) VALUES ('playlist', 'playlist 알림 87-1', 87, 1);
INSERT INTO notification(type, message, user_id, is_read) VALUES ('follow', 'follow 알림 87-2', 87, 1);
INSERT INTO notification(type, message, user_id, is_read) VALUES ('mention', 'mention 알림 87-3', 87, 0);
INSERT INTO notification(type, message, user_id, is_read) VALUES ('like', 'like 알림 87-4', 87, 1);
INSERT INTO notification(type, message, user_id, is_read) VALUES ('mention', 'mention 알림 87-5', 87, 1);
INSERT INTO notification(type, message, user_id, is_read) VALUES ('announcement', 'announcement 알림 87-6', 87, 1);
INSERT INTO notification(type, message, user_id, is_read) VALUES ('comment', 'comment 알림 87-7', 87, 1);
INSERT INTO notification(type, message, user_id, is_read) VALUES ('announcement', 'announcement 알림 87-8', 87, 1);
INSERT INTO notification(type, message, user_id, is_read) VALUES ('badge', 'badge 알림 87-9', 87, 1);
INSERT INTO notification(type, message, user_id, is_read) VALUES ('system', 'system 알림 87-10', 87, 1);
INSERT INTO notification(type, message, user_id, is_read) VALUES ('follow', 'follow 알림 88-1', 88, 1);
INSERT INTO notification(type, message, user_id, is_read) VALUES ('comment', 'comment 알림 88-2', 88, 0);
INSERT INTO notification(type, message, user_id, is_read) VALUES ('system', 'system 알림 88-3', 88, 1);
INSERT INTO notification(type, message, user_id, is_read) VALUES ('follow', 'follow 알림 88-4', 88, 0);
INSERT INTO notification(type, message, user_id, is_read) VALUES ('reply', 'reply 알림 88-5', 88, 0);
INSERT INTO notification(type, message, user_id, is_read) VALUES ('comment', 'comment 알림 88-6', 88, 0);
INSERT INTO notification(type, message, user_id, is_read) VALUES ('reply', 'reply 알림 88-7', 88, 1);
INSERT INTO notification(type, message, user_id, is_read) VALUES ('qna', 'qna 알림 88-8', 88, 1);
INSERT INTO notification(type, message, user_id, is_read) VALUES ('follow', 'follow 알림 88-9', 88, 1);
INSERT INTO notification(type, message, user_id, is_read) VALUES ('follow', 'follow 알림 88-10', 88, 0);
INSERT INTO notification(type, message, user_id, is_read) VALUES ('announcement', 'announcement 알림 89-1', 89, 0);
INSERT INTO notification(type, message, user_id, is_read) VALUES ('badge', 'badge 알림 89-2', 89, 1);
INSERT INTO notification(type, message, user_id, is_read) VALUES ('mention', 'mention 알림 89-3', 89, 0);
INSERT INTO notification(type, message, user_id, is_read) VALUES ('system', 'system 알림 89-4', 89, 0);
INSERT INTO notification(type, message, user_id, is_read) VALUES ('system', 'system 알림 89-5', 89, 1);
INSERT INTO notification(type, message, user_id, is_read) VALUES ('qna', 'qna 알림 89-6', 89, 0);
INSERT INTO notification(type, message, user_id, is_read) VALUES ('badge', 'badge 알림 89-7', 89, 0);
INSERT INTO notification(type, message, user_id, is_read) VALUES ('reply', 'reply 알림 89-8', 89, 0);
INSERT INTO notification(type, message, user_id, is_read) VALUES ('announcement', 'announcement 알림 89-9', 89, 1);
INSERT INTO notification(type, message, user_id, is_read) VALUES ('like', 'like 알림 89-10', 89, 1);
INSERT INTO notification(type, message, user_id, is_read) VALUES ('mention', 'mention 알림 90-1', 90, 1);
INSERT INTO notification(type, message, user_id, is_read) VALUES ('like', 'like 알림 90-2', 90, 0);
INSERT INTO notification(type, message, user_id, is_read) VALUES ('mention', 'mention 알림 90-3', 90, 0);
INSERT INTO notification(type, message, user_id, is_read) VALUES ('system', 'system 알림 90-4', 90, 0);
INSERT INTO notification(type, message, user_id, is_read) VALUES ('follow', 'follow 알림 90-5', 90, 1);
INSERT INTO notification(type, message, user_id, is_read) VALUES ('announcement', 'announcement 알림 90-6', 90, 0);
INSERT INTO notification(type, message, user_id, is_read) VALUES ('reply', 'reply 알림 90-7', 90, 1);
INSERT INTO notification(type, message, user_id, is_read) VALUES ('like', 'like 알림 90-8', 90, 1);
INSERT INTO notification(type, message, user_id, is_read) VALUES ('mention', 'mention 알림 90-9', 90, 1);
INSERT INTO notification(type, message, user_id, is_read) VALUES ('system', 'system 알림 90-10', 90, 1);
INSERT INTO notification(type, message, user_id, is_read) VALUES ('announcement', 'announcement 알림 91-1', 91, 1);
INSERT INTO notification(type, message, user_id, is_read) VALUES ('comment', 'comment 알림 91-2', 91, 0);
INSERT INTO notification(type, message, user_id, is_read) VALUES ('qna', 'qna 알림 91-3', 91, 1);
INSERT INTO notification(type, message, user_id, is_read) VALUES ('badge', 'badge 알림 91-4', 91, 1);
INSERT INTO notification(type, message, user_id, is_read) VALUES ('like', 'like 알림 91-5', 91, 0);
INSERT INTO notification(type, message, user_id, is_read) VALUES ('reply', 'reply 알림 91-6', 91, 0);
INSERT INTO notification(type, message, user_id, is_read) VALUES ('playlist', 'playlist 알림 91-7', 91, 1);
INSERT INTO notification(type, message, user_id, is_read) VALUES ('playlist', 'playlist 알림 91-8', 91, 1);
INSERT INTO notification(type, message, user_id, is_read) VALUES ('playlist', 'playlist 알림 91-9', 91, 1);
INSERT INTO notification(type, message, user_id, is_read) VALUES ('badge', 'badge 알림 91-10', 91, 1);
INSERT INTO notification(type, message, user_id, is_read) VALUES ('badge', 'badge 알림 92-1', 92, 0);
INSERT INTO notification(type, message, user_id, is_read) VALUES ('badge', 'badge 알림 92-2', 92, 0);
INSERT INTO notification(type, message, user_id, is_read) VALUES ('like', 'like 알림 92-3', 92, 1);
INSERT INTO notification(type, message, user_id, is_read) VALUES ('badge', 'badge 알림 92-4', 92, 0);
INSERT INTO notification(type, message, user_id, is_read) VALUES ('qna', 'qna 알림 92-5', 92, 0);
INSERT INTO notification(type, message, user_id, is_read) VALUES ('comment', 'comment 알림 92-6', 92, 1);
INSERT INTO notification(type, message, user_id, is_read) VALUES ('follow', 'follow 알림 92-7', 92, 1);
INSERT INTO notification(type, message, user_id, is_read) VALUES ('system', 'system 알림 92-8', 92, 1);
INSERT INTO notification(type, message, user_id, is_read) VALUES ('like', 'like 알림 92-9', 92, 0);
INSERT INTO notification(type, message, user_id, is_read) VALUES ('badge', 'badge 알림 92-10', 92, 0);
INSERT INTO notification(type, message, user_id, is_read) VALUES ('reply', 'reply 알림 93-1', 93, 0);
INSERT INTO notification(type, message, user_id, is_read) VALUES ('announcement', 'announcement 알림 93-2', 93, 1);
INSERT INTO notification(type, message, user_id, is_read) VALUES ('qna', 'qna 알림 93-3', 93, 1);
INSERT INTO notification(type, message, user_id, is_read) VALUES ('badge', 'badge 알림 93-4', 93, 1);
INSERT INTO notification(type, message, user_id, is_read) VALUES ('reply', 'reply 알림 93-5', 93, 0);
INSERT INTO notification(type, message, user_id, is_read) VALUES ('like', 'like 알림 93-6', 93, 0);
INSERT INTO notification(type, message, user_id, is_read) VALUES ('badge', 'badge 알림 93-7', 93, 1);
INSERT INTO notification(type, message, user_id, is_read) VALUES ('like', 'like 알림 93-8', 93, 1);
INSERT INTO notification(type, message, user_id, is_read) VALUES ('system', 'system 알림 93-9', 93, 1);
INSERT INTO notification(type, message, user_id, is_read) VALUES ('reply', 'reply 알림 93-10', 93, 1);
INSERT INTO notification(type, message, user_id, is_read) VALUES ('playlist', 'playlist 알림 94-1', 94, 0);
INSERT INTO notification(type, message, user_id, is_read) VALUES ('follow', 'follow 알림 94-2', 94, 1);
INSERT INTO notification(type, message, user_id, is_read) VALUES ('qna', 'qna 알림 94-3', 94, 0);
INSERT INTO notification(type, message, user_id, is_read) VALUES ('comment', 'comment 알림 94-4', 94, 0);
INSERT INTO notification(type, message, user_id, is_read) VALUES ('system', 'system 알림 94-5', 94, 0);
INSERT INTO notification(type, message, user_id, is_read) VALUES ('qna', 'qna 알림 94-6', 94, 0);
INSERT INTO notification(type, message, user_id, is_read) VALUES ('qna', 'qna 알림 94-7', 94, 1);
INSERT INTO notification(type, message, user_id, is_read) VALUES ('comment', 'comment 알림 94-8', 94, 0);
INSERT INTO notification(type, message, user_id, is_read) VALUES ('qna', 'qna 알림 94-9', 94, 1);
INSERT INTO notification(type, message, user_id, is_read) VALUES ('like', 'like 알림 94-10', 94, 1);
INSERT INTO notification(type, message, user_id, is_read) VALUES ('qna', 'qna 알림 95-1', 95, 1);
INSERT INTO notification(type, message, user_id, is_read) VALUES ('qna', 'qna 알림 95-2', 95, 0);
INSERT INTO notification(type, message, user_id, is_read) VALUES ('reply', 'reply 알림 95-3', 95, 1);
INSERT INTO notification(type, message, user_id, is_read) VALUES ('like', 'like 알림 95-4', 95, 1);
INSERT INTO notification(type, message, user_id, is_read) VALUES ('announcement', 'announcement 알림 95-5', 95, 1);
INSERT INTO notification(type, message, user_id, is_read) VALUES ('reply', 'reply 알림 95-6', 95, 0);
INSERT INTO notification(type, message, user_id, is_read) VALUES ('comment', 'comment 알림 95-7', 95, 1);
INSERT INTO notification(type, message, user_id, is_read) VALUES ('mention', 'mention 알림 95-8', 95, 1);
INSERT INTO notification(type, message, user_id, is_read) VALUES ('qna', 'qna 알림 95-9', 95, 0);
INSERT INTO notification(type, message, user_id, is_read) VALUES ('reply', 'reply 알림 95-10', 95, 0);
INSERT INTO notification(type, message, user_id, is_read) VALUES ('like', 'like 알림 96-1', 96, 0);
INSERT INTO notification(type, message, user_id, is_read) VALUES ('like', 'like 알림 96-2', 96, 1);
INSERT INTO notification(type, message, user_id, is_read) VALUES ('announcement', 'announcement 알림 96-3', 96, 0);
INSERT INTO notification(type, message, user_id, is_read) VALUES ('system', 'system 알림 96-4', 96, 0);
INSERT INTO notification(type, message, user_id, is_read) VALUES ('like', 'like 알림 96-5', 96, 1);
INSERT INTO notification(type, message, user_id, is_read) VALUES ('reply', 'reply 알림 96-6', 96, 1);
INSERT INTO notification(type, message, user_id, is_read) VALUES ('like', 'like 알림 96-7', 96, 1);
INSERT INTO notification(type, message, user_id, is_read) VALUES ('comment', 'comment 알림 96-8', 96, 0);
INSERT INTO notification(type, message, user_id, is_read) VALUES ('playlist', 'playlist 알림 96-9', 96, 1);
INSERT INTO notification(type, message, user_id, is_read) VALUES ('system', 'system 알림 96-10', 96, 0);
INSERT INTO notification(type, message, user_id, is_read) VALUES ('like', 'like 알림 97-1', 97, 1);
INSERT INTO notification(type, message, user_id, is_read) VALUES ('badge', 'badge 알림 97-2', 97, 0);
INSERT INTO notification(type, message, user_id, is_read) VALUES ('mention', 'mention 알림 97-3', 97, 1);
INSERT INTO notification(type, message, user_id, is_read) VALUES ('announcement', 'announcement 알림 97-4', 97, 0);
INSERT INTO notification(type, message, user_id, is_read) VALUES ('reply', 'reply 알림 97-5', 97, 1);
INSERT INTO notification(type, message, user_id, is_read) VALUES ('qna', 'qna 알림 97-6', 97, 0);
INSERT INTO notification(type, message, user_id, is_read) VALUES ('badge', 'badge 알림 97-7', 97, 0);
INSERT INTO notification(type, message, user_id, is_read) VALUES ('reply', 'reply 알림 97-8', 97, 0);
INSERT INTO notification(type, message, user_id, is_read) VALUES ('announcement', 'announcement 알림 97-9', 97, 0);
INSERT INTO notification(type, message, user_id, is_read) VALUES ('follow', 'follow 알림 97-10', 97, 0);
INSERT INTO notification(type, message, user_id, is_read) VALUES ('reply', 'reply 알림 98-1', 98, 0);
INSERT INTO notification(type, message, user_id, is_read) VALUES ('mention', 'mention 알림 98-2', 98, 0);
INSERT INTO notification(type, message, user_id, is_read) VALUES ('reply', 'reply 알림 98-3', 98, 1);
INSERT INTO notification(type, message, user_id, is_read) VALUES ('like', 'like 알림 98-4', 98, 0);
INSERT INTO notification(type, message, user_id, is_read) VALUES ('announcement', 'announcement 알림 98-5', 98, 0);
INSERT INTO notification(type, message, user_id, is_read) VALUES ('qna', 'qna 알림 98-6', 98, 0);
INSERT INTO notification(type, message, user_id, is_read) VALUES ('system', 'system 알림 98-7', 98, 1);
INSERT INTO notification(type, message, user_id, is_read) VALUES ('system', 'system 알림 98-8', 98, 1);
INSERT INTO notification(type, message, user_id, is_read) VALUES ('mention', 'mention 알림 98-9', 98, 0);
INSERT INTO notification(type, message, user_id, is_read) VALUES ('reply', 'reply 알림 98-10', 98, 0);
INSERT INTO notification(type, message, user_id, is_read) VALUES ('announcement', 'announcement 알림 99-1', 99, 1);
INSERT INTO notification(type, message, user_id, is_read) VALUES ('announcement', 'announcement 알림 99-2', 99, 0);
INSERT INTO notification(type, message, user_id, is_read) VALUES ('playlist', 'playlist 알림 99-3', 99, 0);
INSERT INTO notification(type, message, user_id, is_read) VALUES ('mention', 'mention 알림 99-4', 99, 0);
INSERT INTO notification(type, message, user_id, is_read) VALUES ('qna', 'qna 알림 99-5', 99, 1);
INSERT INTO notification(type, message, user_id, is_read) VALUES ('badge', 'badge 알림 99-6', 99, 0);
INSERT INTO notification(type, message, user_id, is_read) VALUES ('mention', 'mention 알림 99-7', 99, 1);
INSERT INTO notification(type, message, user_id, is_read) VALUES ('playlist', 'playlist 알림 99-8', 99, 1);
INSERT INTO notification(type, message, user_id, is_read) VALUES ('follow', 'follow 알림 99-9', 99, 1);
INSERT INTO notification(type, message, user_id, is_read) VALUES ('follow', 'follow 알림 99-10', 99, 0);
INSERT INTO notification(type, message, user_id, is_read) VALUES ('reply', 'reply 알림 100-1', 100, 1);
INSERT INTO notification(type, message, user_id, is_read) VALUES ('like', 'like 알림 100-2', 100, 1);
INSERT INTO notification(type, message, user_id, is_read) VALUES ('comment', 'comment 알림 100-3', 100, 0);
INSERT INTO notification(type, message, user_id, is_read) VALUES ('playlist', 'playlist 알림 100-4', 100, 0);
INSERT INTO notification(type, message, user_id, is_read) VALUES ('qna', 'qna 알림 100-5', 100, 1);
INSERT INTO notification(type, message, user_id, is_read) VALUES ('follow', 'follow 알림 100-6', 100, 0);
INSERT INTO notification(type, message, user_id, is_read) VALUES ('qna', 'qna 알림 100-7', 100, 0);
INSERT INTO notification(type, message, user_id, is_read) VALUES ('badge', 'badge 알림 100-8', 100, 0);
INSERT INTO notification(type, message, user_id, is_read) VALUES ('system', 'system 알림 100-9', 100, 1);
INSERT INTO notification(type, message, user_id, is_read) VALUES ('like', 'like 알림 100-10', 100, 1);
