INSERT INTO board_post (id, title, content, type, created_at, community_id, user_id)
VALUES (1, 'Reprehenderit sapiente aliquid sit quam.', 'Architecto temporibus occaecati corrupti eaque dolorem a perspiciatis. Molestiae voluptatem mollitia id nihil saepe sint esse. Aperiam nam doloribus quam.', 'QnA',
'2025-06-01 08:40:48',
5, 8);
INSERT INTO board_post (id, title, content, type, created_at, community_id, user_id)
VALUES (2, 'Minima quos iste consequuntur reprehenderit delectus.', 'Eum nobis corrupti tenetur. Explicabo voluptatum enim quidem consequatur ad.', '일반',
'2025-06-25 00:55:24',
1, 6);
INSERT INTO board_post (id, title, content, type, created_at, community_id, user_id)
VALUES (3, 'Nesciunt nisi iste voluptatum earum ex culpa libero.', 'Assumenda tempora aut inventore eaque corporis ex saepe. Ducimus veritatis perspiciatis.', '일반',
'2025-06-04 07:01:20',
5, 1);
INSERT INTO board_post (id, title, content, type, created_at, community_id, user_id)
VALUES (4, 'Nulla in quia.', 'Minus distinctio praesentium vero sapiente aliquam libero esse. Numquam ut illum aliquid.', '일반',
'2025-06-30 12:32:40',
2, 8);
INSERT INTO board_post (id, title, content, type, created_at, community_id, user_id)
VALUES (5, 'Fugiat praesentium voluptatum sit laborum placeat magni quam.', 'Necessitatibus officiis repellendus ratione sit doloribus. Delectus provident omnis minima explicabo. Repudiandae labore corporis aliquid hic repudiandae consectetur.', '공지',
'2025-06-06 08:51:20',
2, 7);
INSERT INTO board_post (id, title, content, type, created_at, community_id, user_id)
VALUES (6, 'Molestias molestias totam culpa vitae.', 'Pariatur voluptatem ratione expedita pariatur. Sed ullam rerum distinctio quisquam accusantium. Culpa doloribus nisi officiis eum modi.', '이벤트',
'2025-06-09 06:39:24',
1, 10);
INSERT INTO board_post (id, title, content, type, created_at, community_id, user_id)
VALUES (7, 'Odit placeat repellat similique nesciunt alias.', 'Tempore odio totam quia delectus dignissimos. Porro quos maiores amet. Iste ducimus error deleniti veritatis sunt odit.', 'QnA',
'2025-06-14 03:33:21',
1, 8);
INSERT INTO board_post (id, title, content, type, created_at, community_id, user_id)
VALUES (8, 'Quaerat vero ex dolorum veritatis.', 'Fuga nemo quas veritatis iusto. Inventore minus itaque voluptatem id nisi.', 'QnA',
'2025-06-29 00:09:37',
5, 10);
INSERT INTO board_post (id, title, content, type, created_at, community_id, user_id)
VALUES (9, 'Incidunt beatae rem.', 'Itaque magnam fuga tempora culpa nobis dolor. Neque ad in harum non ipsum voluptate. Inventore esse vel perferendis.', 'QnA',
'2025-06-23 01:44:11',
1, 5);
INSERT INTO board_post (id, title, content, type, created_at, community_id, user_id)
VALUES (10, 'Ipsam quia magni soluta pariatur modi.', 'Sit fugit delectus. Id occaecati pariatur adipisci.', '일반',
'2025-06-17 20:16:49',
3, 4);
INSERT INTO board_post (id, title, content, type, created_at, community_id, user_id)
VALUES (11, 'Cumque ducimus excepturi iste possimus eius.', 'Veniam numquam officia vel dolorem officia. Quia ea error nulla dolorum. Expedita mollitia ut. Dolores eos incidunt repellendus.', '일반',
'2025-06-23 02:51:24',
5, 1);
INSERT INTO board_post (id, title, content, type, created_at, community_id, user_id)
VALUES (12, 'Ut eveniet ratione nam quisquam enim voluptatum.', 'Suscipit quaerat eaque impedit. Voluptas aliquam ipsum ex illum neque error.', '이벤트',
'2025-06-06 20:23:55',
5, 5);
INSERT INTO board_post (id, title, content, type, created_at, community_id, user_id)
VALUES (13, 'Accusantium odit sunt quaerat voluptatem.', 'Non eius in cupiditate ullam omnis non. Aspernatur ratione molestiae dignissimos nesciunt facere itaque aperiam. Necessitatibus soluta voluptate atque placeat illo suscipit.', 'QnA',
'2025-06-29 10:13:39',
3, 4);
INSERT INTO board_post (id, title, content, type, created_at, community_id, user_id)
VALUES (14, 'Eos blanditiis voluptatum.', 'Eligendi ducimus distinctio blanditiis doloremque. Perferendis illo ut quas accusamus harum.', '공지',
'2025-06-12 17:04:53',
5, 6);
INSERT INTO board_post (id, title, content, type, created_at, community_id, user_id)
VALUES (15, 'Culpa dolorem vel eos doloremque hic rerum.', 'Veritatis ab ipsum quis pariatur maxime alias. Voluptatem laborum harum. Ea hic id labore.', '일반',
'2025-06-26 06:35:49',
2, 1);
INSERT INTO board_post (id, title, content, type, created_at, community_id, user_id)
VALUES (16, 'Reiciendis doloremque aut modi.', 'Et et tenetur laboriosam. Voluptas alias dignissimos ducimus recusandae.', '이벤트',
'2025-06-13 07:27:53',
4, 2);
INSERT INTO board_post (id, title, content, type, created_at, community_id, user_id)
VALUES (17, 'Veniam possimus magni animi dignissimos veritatis.', 'Mollitia beatae quo accusamus nulla fugit fugit. Dolor molestiae laboriosam. Cupiditate nulla nesciunt voluptate maiores voluptas eaque.', '공지',
'2025-06-21 10:36:32',
2, 7);
INSERT INTO board_post (id, title, content, type, created_at, community_id, user_id)
VALUES (18, 'Officiis deserunt voluptates corporis autem aperiam.', 'Quasi maiores magni ipsam maiores a quae. Doloremque ut deleniti quas quisquam.', '공지',
'2025-06-17 17:37:35',
1, 6);
INSERT INTO board_post (id, title, content, type, created_at, community_id, user_id)
VALUES (19, 'Eveniet dignissimos in aliquid nesciunt quaerat.', 'Est doloribus neque eligendi ipsa quas cumque. Ratione similique nobis magnam.', '일반',
'2025-06-15 01:58:44',
5, 9);
INSERT INTO board_post (id, title, content, type, created_at, community_id, user_id)
VALUES (20, 'Non necessitatibus tenetur sit eius.', 'Est animi dolorum suscipit officia sequi quo maiores. Cumque nemo quaerat excepturi ipsam. Consequatur sit animi omnis.', 'QnA',
'2025-06-01 21:45:00',
4, 9);
INSERT INTO comment (id, content, created_at, user_id, type, target_id)
VALUES (1, 'Ea tempore reiciendis voluptatum recusandae.', '2025-06-01 19:18:03',
3, 'comment', 6);
INSERT INTO comment (id, content, created_at, user_id, type, target_id)
VALUES (2, 'Sapiente amet sapiente praesentium eum ab adipisci itaque.', '2025-06-26 21:07:48',
4, 'playlist', 4);
INSERT INTO comment (id, content, created_at, user_id, type, target_id)
VALUES (3, 'Sunt provident esse perspiciatis doloribus soluta ducimus voluptate.', '2025-06-02 06:01:50',
2, 'playlist', 3);
INSERT INTO comment (id, content, created_at, user_id, type, target_id)
VALUES (4, 'Reiciendis unde recusandae aliquid ullam.', '2025-06-30 21:51:06',
6, 'posts', 12);
INSERT INTO comment (id, content, created_at, user_id, type, target_id)
VALUES (5, 'Unde sit aliquid quasi cupiditate maxime et porro.', '2025-06-14 23:55:19',
7, 'posts', 14);
INSERT INTO comment (id, content, created_at, user_id, type, target_id)
VALUES (6, 'Aliquam quos placeat expedita enim.', '2025-06-02 03:44:26',
7, 'comment', 15);
INSERT INTO comment (id, content, created_at, user_id, type, target_id)
VALUES (7, 'Aperiam sequi ipsam voluptas quisquam quia quis.', '2025-06-14 21:43:19',
3, 'playlist', 14);
INSERT INTO comment (id, content, created_at, user_id, type, target_id)
VALUES (8, 'Quod repellat aspernatur aliquam cumque.', '2025-06-25 15:15:10',
3, 'posts', 8);
INSERT INTO comment (id, content, created_at, user_id, type, target_id)
VALUES (9, 'Natus reprehenderit non totam minus adipisci.', '2025-06-05 21:22:50',
1, 'comment', 20);
INSERT INTO comment (id, content, created_at, user_id, type, target_id)
VALUES (10, 'Sit aperiam debitis mollitia nihil quo nam.', '2025-06-02 07:53:44',
9, 'playlist', 19);
INSERT INTO comment (id, content, created_at, user_id, type, target_id)
VALUES (11, 'Repellat esse impedit earum tenetur illum sit.', '2025-06-01 07:24:03',
8, 'comment', 20);
INSERT INTO comment (id, content, created_at, user_id, type, target_id)
VALUES (12, 'Reiciendis aut at cupiditate aliquid.', '2025-06-05 15:23:39',
10, 'comment', 4);
INSERT INTO comment (id, content, created_at, user_id, type, target_id)
VALUES (13, 'Quos veritatis eos cumque.', '2025-06-13 21:44:48',
8, 'playlist', 9);
INSERT INTO comment (id, content, created_at, user_id, type, target_id)
VALUES (14, 'Dolorem esse molestias quos ratione.', '2025-06-09 03:25:05',
2, 'posts', 20);
INSERT INTO comment (id, content, created_at, user_id, type, target_id)
VALUES (15, 'Dolore voluptatum architecto in non.', '2025-06-08 14:43:09',
7, 'comment', 3);
INSERT INTO comment (id, content, created_at, user_id, type, target_id)
VALUES (16, 'Pariatur necessitatibus laborum nam.', '2025-06-03 19:03:21',
6, 'posts', 20);
INSERT INTO comment (id, content, created_at, user_id, type, target_id)
VALUES (17, 'Sequi dolorem perspiciatis nesciunt unde corrupti.', '2025-06-25 15:07:01',
8, 'posts', 11);
INSERT INTO comment (id, content, created_at, user_id, type, target_id)
VALUES (18, 'Voluptatum id labore distinctio.', '2025-06-02 03:35:31',
3, 'playlist', 2);
INSERT INTO comment (id, content, created_at, user_id, type, target_id)
VALUES (19, 'Aperiam quo enim eveniet delectus.', '2025-06-04 03:49:30',
8, 'playlist', 20);
INSERT INTO comment (id, content, created_at, user_id, type, target_id)
VALUES (20, 'Doloribus optio deserunt officia officia repellendus cumque.', '2025-06-29 17:52:35',
3, 'comment', 14);
INSERT INTO playlist (id, user_id, title, description, thumbnail_url, is_public, created_at, Field)
VALUES (1, 4, 'At ullam odit consectetur.', 'Atque ut quae voluptas repudiandae. Voluptatum veniam tempore nisi.',
'https://dummyimage.com/897x949', 1,
'2025-06-05 18:58:55', NULL);
INSERT INTO playlist (id, user_id, title, description, thumbnail_url, is_public, created_at, Field)
VALUES (2, 3, 'Modi odio iusto.', 'Beatae accusamus illo in. Quia autem sunt neque. Officiis repellat explicabo nihil dicta earum.',
'https://www.lorempixel.com/756/80', 0,
'2025-06-06 01:11:04', NULL);
INSERT INTO playlist (id, user_id, title, description, thumbnail_url, is_public, created_at, Field)
VALUES (3, 2, 'Voluptate praesentium dolores repellat.', 'Optio eveniet quae numquam iusto tenetur. Tenetur voluptas cumque.',
'https://placeimg.com/669/563/any', 1,
'2025-06-18 15:41:02', NULL);
INSERT INTO playlist (id, user_id, title, description, thumbnail_url, is_public, created_at, Field)
VALUES (4, 9, 'Ut at qui.', 'Ipsum vel corrupti maxime fugit quaerat. Maiores commodi ducimus qui accusantium porro.',
'https://www.lorempixel.com/909/440', 0,
'2025-06-20 17:36:59', NULL);
INSERT INTO playlist (id, user_id, title, description, thumbnail_url, is_public, created_at, Field)
VALUES (5, 7, 'Occaecati unde voluptates.', 'Eos iusto omnis perferendis. Voluptas numquam earum aperiam enim.',
'https://dummyimage.com/1019x192', 0,
'2025-06-18 12:20:58', NULL);
INSERT INTO playlist (id, user_id, title, description, thumbnail_url, is_public, created_at, Field)
VALUES (6, 6, 'Ea tenetur ullam.', 'Fugiat laboriosam veniam quos animi assumenda. Possimus nesciunt eveniet dolorum accusantium animi.',
'https://placekitten.com/600/406', 1,
'2025-06-27 12:52:21', NULL);
INSERT INTO playlist (id, user_id, title, description, thumbnail_url, is_public, created_at, Field)
VALUES (7, 9, 'Repellendus officiis.', 'Doloribus numquam quos occaecati recusandae. Veniam vero veritatis labore.',
'https://dummyimage.com/564x547', 1,
'2025-06-18 21:05:42', NULL);
INSERT INTO playlist (id, user_id, title, description, thumbnail_url, is_public, created_at, Field)
VALUES (8, 8, 'Eaque numquam.', 'Incidunt fuga deserunt labore commodi minus.',
'https://placeimg.com/389/767/any', 1,
'2025-06-29 07:27:56', NULL);
INSERT INTO playlist (id, user_id, title, description, thumbnail_url, is_public, created_at, Field)
VALUES (9, 9, 'Tenetur ea.', 'Pariatur dolorum itaque veritatis quos. Non possimus cumque. Dolor error odit.',
'https://www.lorempixel.com/546/589', 1,
'2025-06-23 08:54:21', NULL);
INSERT INTO playlist (id, user_id, title, description, thumbnail_url, is_public, created_at, Field)
VALUES (10, 8, 'Aliquid quae.', 'Ea libero rem praesentium tenetur cum. Ipsa tenetur alias eum nesciunt soluta cumque.',
'https://placekitten.com/89/137', 1,
'2025-06-26 13:21:06', NULL);
INSERT INTO playlist_detail (id, playlist_id, track_id, order_no)
VALUES (1, 5, 'TRK6417', 6);
INSERT INTO playlist_detail (id, playlist_id, track_id, order_no)
VALUES (2, 6, 'TRK7739', 7);
INSERT INTO playlist_detail (id, playlist_id, track_id, order_no)
VALUES (3, 8, 'TRK2206', 1);
INSERT INTO playlist_detail (id, playlist_id, track_id, order_no)
VALUES (4, 10, 'TRK8939', 5);
INSERT INTO playlist_detail (id, playlist_id, track_id, order_no)
VALUES (5, 2, 'TRK1615', 5);
INSERT INTO playlist_detail (id, playlist_id, track_id, order_no)
VALUES (6, 10, 'TRK2518', 3);
INSERT INTO playlist_detail (id, playlist_id, track_id, order_no)
VALUES (7, 4, 'TRK6742', 6);
INSERT INTO playlist_detail (id, playlist_id, track_id, order_no)
VALUES (8, 3, 'TRK5252', 3);
INSERT INTO playlist_detail (id, playlist_id, track_id, order_no)
VALUES (9, 10, 'TRK2992', 10);
INSERT INTO playlist_detail (id, playlist_id, track_id, order_no)
VALUES (10, 3, 'TRK3641', 2);
INSERT INTO playlist_detail (id, playlist_id, track_id, order_no)
VALUES (11, 2, 'TRK3170', 6);
INSERT INTO playlist_detail (id, playlist_id, track_id, order_no)
VALUES (12, 9, 'TRK1333', 1);
INSERT INTO playlist_detail (id, playlist_id, track_id, order_no)
VALUES (13, 8, 'TRK5019', 5);
INSERT INTO playlist_detail (id, playlist_id, track_id, order_no)
VALUES (14, 2, 'TRK4263', 7);
INSERT INTO playlist_detail (id, playlist_id, track_id, order_no)
VALUES (15, 2, 'TRK3502', 5);
INSERT INTO playlist_detail (id, playlist_id, track_id, order_no)
VALUES (16, 6, 'TRK1164', 1);
INSERT INTO playlist_detail (id, playlist_id, track_id, order_no)
VALUES (17, 4, 'TRK6736', 7);
INSERT INTO playlist_detail (id, playlist_id, track_id, order_no)
VALUES (18, 9, 'TRK6254', 8);
INSERT INTO playlist_detail (id, playlist_id, track_id, order_no)
VALUES (19, 1, 'TRK7688', 10);
INSERT INTO playlist_detail (id, playlist_id, track_id, order_no)
VALUES (20, 10, 'TRK3714', 5);
INSERT INTO playlist_detail (id, playlist_id, track_id, order_no)
VALUES (21, 7, 'TRK2552', 2);
INSERT INTO playlist_detail (id, playlist_id, track_id, order_no)
VALUES (22, 5, 'TRK8564', 7);
INSERT INTO playlist_detail (id, playlist_id, track_id, order_no)
VALUES (23, 3, 'TRK5647', 7);
INSERT INTO playlist_detail (id, playlist_id, track_id, order_no)
VALUES (24, 8, 'TRK9608', 3);
INSERT INTO playlist_detail (id, playlist_id, track_id, order_no)
VALUES (25, 2, 'TRK3065', 2);
INSERT INTO playlist_detail (id, playlist_id, track_id, order_no)
VALUES (26, 3, 'TRK2906', 2);
INSERT INTO playlist_detail (id, playlist_id, track_id, order_no)
VALUES (27, 8, 'TRK4117', 2);
INSERT INTO playlist_detail (id, playlist_id, track_id, order_no)
VALUES (28, 4, 'TRK1536', 9);
INSERT INTO playlist_detail (id, playlist_id, track_id, order_no)
VALUES (29, 7, 'TRK1518', 2);
INSERT INTO playlist_detail (id, playlist_id, track_id, order_no)
VALUES (30, 7, 'TRK3975', 3);
INSERT INTO notification (id, type, message, content, is_read, created_at, target_id, user_id)
VALUES (1, 'follow', 'Sapiente nihil beatae dolores eveniet.', 'Aspernatur similique harum dolorum.',
0, '2025-06-11 23:05:57',
17, 1);
INSERT INTO notification (id, type, message, content, is_read, created_at, target_id, user_id)
VALUES (2, 'follow', 'Enim placeat nulla eius.', 'Aut natus dolorem.',
0, '2025-06-06 16:04:07',
13, 2);
INSERT INTO notification (id, type, message, content, is_read, created_at, target_id, user_id)
VALUES (3, 'qna', 'Natus provident voluptates odio minima animi expedita.', 'Delectus laboriosam laboriosam minima quam rem.',
0, '2025-07-01 04:17:49',
10, 2);
INSERT INTO notification (id, type, message, content, is_read, created_at, target_id, user_id)
VALUES (4, 'qna', 'Illo corporis esse delectus officiis.', 'Beatae beatae veritatis nisi.',
1, '2025-06-07 01:12:31',
14, 6);
INSERT INTO notification (id, type, message, content, is_read, created_at, target_id, user_id)
VALUES (5, 'qna', 'Dicta fugit fuga maiores voluptates numquam.', 'Minima officia dolorum maxime.',
0, '2025-06-25 02:28:07',
12, 3);
INSERT INTO notification (id, type, message, content, is_read, created_at, target_id, user_id)
VALUES (6, 'announcement', 'Fuga eaque reiciendis omnis magnam nihil.', 'Sint recusandae officia provident ad.',
0, '2025-06-21 08:06:23',
17, 7);
INSERT INTO notification (id, type, message, content, is_read, created_at, target_id, user_id)
VALUES (7, 'badge', 'Distinctio cupiditate debitis aspernatur eius ad.', 'Pariatur praesentium fugit tenetur aut vel.',
1, '2025-06-26 03:45:34',
20, 3);
INSERT INTO notification (id, type, message, content, is_read, created_at, target_id, user_id)
VALUES (8, 'like', 'Unde vel laborum ea eligendi nisi voluptate voluptatum.', 'Minima debitis at odio.',
1, '2025-06-28 16:40:38',
20, 3);
INSERT INTO notification (id, type, message, content, is_read, created_at, target_id, user_id)
VALUES (9, 'reply', 'Alias officiis laborum ipsam.', 'Odit velit quia vitae.',
0, '2025-06-01 07:16:49',
7, 2);
INSERT INTO notification (id, type, message, content, is_read, created_at, target_id, user_id)
VALUES (10, 'mention', 'Aperiam nam culpa doloribus praesentium nulla excepturi.', 'Cupiditate quia assumenda neque.',
0, '2025-06-28 07:56:49',
7, 3);
INSERT INTO notification (id, type, message, content, is_read, created_at, target_id, user_id)
VALUES (11, 'mention', 'Natus beatae unde minus.', 'Iure ullam vitae eligendi.',
0, '2025-06-22 19:14:49',
18, 9);
INSERT INTO notification (id, type, message, content, is_read, created_at, target_id, user_id)
VALUES (12, 'mention', 'Occaecati quisquam totam ratione.', 'Odio magnam quas eveniet ipsa commodi eos.',
1, '2025-06-30 12:44:22',
19, 2);
INSERT INTO notification (id, type, message, content, is_read, created_at, target_id, user_id)
VALUES (13, 'follow', 'Sed blanditiis laudantium ipsam dolore sed quae voluptatibus.', 'Nam quod ut maiores neque.',
1, '2025-06-04 18:34:22',
3, 1);
INSERT INTO notification (id, type, message, content, is_read, created_at, target_id, user_id)
VALUES (14, 'follow', 'Soluta rem non porro vero itaque.', 'Magni neque at odio pariatur tenetur earum rem.',
0, '2025-06-19 00:23:56',
2, 4);
INSERT INTO notification (id, type, message, content, is_read, created_at, target_id, user_id)
VALUES (15, 'system', 'Iusto tempora nihil aut aut velit deleniti illum.', 'Nisi quaerat ab maiores culpa.',
1, '2025-06-24 19:02:14',
13, 1);
INSERT INTO notification (id, type, message, content, is_read, created_at, target_id, user_id)
VALUES (16, 'mention', 'Alias optio excepturi laboriosam.', 'Praesentium qui delectus nisi.',
1, '2025-06-15 00:55:03',
2, 8);
INSERT INTO notification (id, type, message, content, is_read, created_at, target_id, user_id)
VALUES (17, 'like', 'Eligendi nihil ipsa temporibus.', 'Veritatis beatae nemo ea aspernatur.',
0, '2025-06-18 06:10:07',
17, 9);
INSERT INTO notification (id, type, message, content, is_read, created_at, target_id, user_id)
VALUES (18, 'announcement', 'Voluptate pariatur tempore temporibus.', 'Dignissimos omnis maiores nihil.',
1, '2025-06-18 02:20:38',
19, 9);
INSERT INTO notification (id, type, message, content, is_read, created_at, target_id, user_id)
VALUES (19, 'qna', 'Culpa minima a rem ad consequatur deserunt.', 'Culpa ea necessitatibus vel minus impedit.',
1, '2025-06-27 13:16:53',
16, 9);
INSERT INTO notification (id, type, message, content, is_read, created_at, target_id, user_id)
VALUES (20, 'like', 'Iure suscipit illum beatae.', 'Ea non autem culpa deserunt et mollitia.',
0, '2025-06-19 00:34:22',
3, 9);