-- INSERT INTO user (id, username, email, password, nickname, is_pro, enabled, created_at) VALUES (1, 'user1', 'user1@mail.com', 'pass1', '닉네임1', 1, 1, '2025-06-10 05:46:11');
-- INSERT INTO user (id, username, email, password, nickname, is_pro, enabled, created_at) VALUES (2, 'user2', 'user2@mail.com', 'pass2', '닉네임2', 0, 1, '2025-06-06 05:46:11');
-- INSERT INTO user (id, username, email, password, nickname, is_pro, enabled, created_at) VALUES (3, 'user3', 'user3@mail.com', 'pass3', '닉네임3', 1, 1, '2025-06-27 05:46:11');
INSERT INTO user (id, username, email, password, nickname, is_pro, enabled, created_at) VALUES (4, 'user4', 'user4@mail.com', 'pass4', '닉네임4', 0, 1, '2025-06-29 05:46:11');
INSERT INTO user (id, username, email, password, nickname, is_pro, enabled, created_at) VALUES (5, 'user5', 'user5@mail.com', 'pass5', '닉네임5', 1, 1, '2025-06-09 05:46:11');
INSERT INTO user (id, username, email, password, nickname, is_pro, enabled, created_at) VALUES (6, 'user6', 'user6@mail.com', 'pass6', '닉네임6', 0, 1, '2025-06-02 05:46:11');
INSERT INTO user (id, username, email, password, nickname, is_pro, enabled, created_at) VALUES (7, 'user7', 'user7@mail.com', 'pass7', '닉네임7', 1, 1, '2025-06-25 05:46:11');
INSERT INTO user (id, username, email, password, nickname, is_pro, enabled, created_at) VALUES (8, 'user8', 'user8@mail.com', 'pass8', '닉네임8', 0, 1, '2025-06-09 05:46:11');
INSERT INTO user (id, username, email, password, nickname, is_pro, enabled, created_at) VALUES (9, 'user9', 'user9@mail.com', 'pass9', '닉네임9', 1, 1, '2025-06-02 05:46:11');
INSERT INTO user (id, username, email, password, nickname, is_pro, enabled, created_at) VALUES (10, 'user10', 'user10@mail.com', 'pass10', '닉네임10', 0, 1, '2025-06-13 05:46:11');
INSERT INTO user (id, username, email, password, nickname, is_pro, enabled, created_at) VALUES (11, 'user11', 'user11@mail.com', 'pass11', '닉네임11', 1, 1, '2025-06-20 05:46:11');
INSERT INTO user (id, username, email, password, nickname, is_pro, enabled, created_at) VALUES (12, 'user12', 'user12@mail.com', 'pass12', '닉네임12', 0, 1, '2025-06-28 05:46:11');
INSERT INTO user (id, username, email, password, nickname, is_pro, enabled, created_at) VALUES (13, 'user13', 'user13@mail.com', 'pass13', '닉네임13', 1, 1, '2025-06-28 05:46:11');
INSERT INTO user (id, username, email, password, nickname, is_pro, enabled, created_at) VALUES (14, 'user14', 'user14@mail.com', 'pass14', '닉네임14', 0, 1, '2025-06-07 05:46:11');
INSERT INTO user (id, username, email, password, nickname, is_pro, enabled, created_at) VALUES (15, 'user15', 'user15@mail.com', 'pass15', '닉네임15', 1, 1, '2025-06-09 05:46:11');
INSERT INTO user (id, username, email, password, nickname, is_pro, enabled, created_at) VALUES (16, 'user16', 'user16@mail.com', 'pass16', '닉네임16', 0, 1, '2025-06-09 05:46:11');
INSERT INTO user (id, username, email, password, nickname, is_pro, enabled, created_at) VALUES (17, 'user17', 'user17@mail.com', 'pass17', '닉네임17', 1, 1, '2025-06-01 05:46:11');
INSERT INTO user (id, username, email, password, nickname, is_pro, enabled, created_at) VALUES (18, 'user18', 'user18@mail.com', 'pass18', '닉네임18', 0, 1, '2025-06-24 05:46:11');
INSERT INTO user (id, username, email, password, nickname, is_pro, enabled, created_at) VALUES (19, 'user19', 'user19@mail.com', 'pass19', '닉네임19', 1, 1, '2025-06-19 05:46:11');
INSERT INTO user (id, username, email, password, nickname, is_pro, enabled, created_at) VALUES (20, 'user20', 'user20@mail.com', 'pass20', '닉네임20', 0, 1, '2025-06-28 05:46:11');
INSERT INTO user (id, username, email, password, nickname, is_pro, enabled, created_at) VALUES (21, 'user21', 'user21@mail.com', 'pass21', '닉네임21', 1, 1, '2025-06-01 05:46:11');
INSERT INTO user (id, username, email, password, nickname, is_pro, enabled, created_at) VALUES (22, 'user22', 'user22@mail.com', 'pass22', '닉네임22', 0, 1, '2025-06-05 05:46:11');
INSERT INTO user (id, username, email, password, nickname, is_pro, enabled, created_at) VALUES (23, 'user23', 'user23@mail.com', 'pass23', '닉네임23', 1, 1, '2025-06-19 05:46:11');
INSERT INTO user (id, username, email, password, nickname, is_pro, enabled, created_at) VALUES (24, 'user24', 'user24@mail.com', 'pass24', '닉네임24', 0, 1, '2025-06-09 05:46:11');
INSERT INTO user (id, username, email, password, nickname, is_pro, enabled, created_at) VALUES (25, 'user25', 'user25@mail.com', 'pass25', '닉네임25', 1, 1, '2025-06-23 05:46:11');
INSERT INTO user (id, username, email, password, nickname, is_pro, enabled, created_at) VALUES (26, 'user26', 'user26@mail.com', 'pass26', '닉네임26', 0, 1, '2025-06-06 05:46:11');
INSERT INTO user (id, username, email, password, nickname, is_pro, enabled, created_at) VALUES (27, 'user27', 'user27@mail.com', 'pass27', '닉네임27', 1, 1, '2025-06-23 05:46:11');
INSERT INTO user (id, username, email, password, nickname, is_pro, enabled, created_at) VALUES (28, 'user28', 'user28@mail.com', 'pass28', '닉네임28', 0, 1, '2025-06-08 05:46:11');
INSERT INTO user (id, username, email, password, nickname, is_pro, enabled, created_at) VALUES (29, 'user29', 'user29@mail.com', 'pass29', '닉네임29', 1, 1, '2025-06-15 05:46:11');
INSERT INTO user (id, username, email, password, nickname, is_pro, enabled, created_at) VALUES (30, 'user30', 'user30@mail.com', 'pass30', '닉네임30', 0, 1, '2025-06-29 05:46:11');
INSERT INTO user (id, username, email, password, nickname, is_pro, enabled, created_at) VALUES (31, 'user31', 'user31@mail.com', 'pass31', '닉네임31', 1, 1, '2025-06-10 05:46:11');
INSERT INTO user (id, username, email, password, nickname, is_pro, enabled, created_at) VALUES (32, 'user32', 'user32@mail.com', 'pass32', '닉네임32', 0, 1, '2025-06-29 05:46:11');
INSERT INTO user (id, username, email, password, nickname, is_pro, enabled, created_at) VALUES (33, 'user33', 'user33@mail.com', 'pass33', '닉네임33', 1, 1, '2025-06-15 05:46:11');
INSERT INTO user (id, username, email, password, nickname, is_pro, enabled, created_at) VALUES (34, 'user34', 'user34@mail.com', 'pass34', '닉네임34', 0, 1, '2025-06-21 05:46:11');
INSERT INTO user (id, username, email, password, nickname, is_pro, enabled, created_at) VALUES (35, 'user35', 'user35@mail.com', 'pass35', '닉네임35', 1, 1, '2025-07-01 05:46:11');
INSERT INTO user (id, username, email, password, nickname, is_pro, enabled, created_at) VALUES (36, 'user36', 'user36@mail.com', 'pass36', '닉네임36', 0, 1, '2025-06-11 05:46:11');
INSERT INTO user (id, username, email, password, nickname, is_pro, enabled, created_at) VALUES (37, 'user37', 'user37@mail.com', 'pass37', '닉네임37', 1, 1, '2025-06-12 05:46:11');
INSERT INTO user (id, username, email, password, nickname, is_pro, enabled, created_at) VALUES (38, 'user38', 'user38@mail.com', 'pass38', '닉네임38', 0, 1, '2025-06-19 05:46:11');
INSERT INTO user (id, username, email, password, nickname, is_pro, enabled, created_at) VALUES (39, 'user39', 'user39@mail.com', 'pass39', '닉네임39', 1, 1, '2025-06-25 05:46:11');
INSERT INTO user (id, username, email, password, nickname, is_pro, enabled, created_at) VALUES (40, 'user40', 'user40@mail.com', 'pass40', '닉네임40', 0, 1, '2025-06-10 05:46:11');
INSERT INTO user (id, username, email, password, nickname, is_pro, enabled, created_at) VALUES (41, 'user41', 'user41@mail.com', 'pass41', '닉네임41', 1, 1, '2025-06-30 05:46:11');
INSERT INTO user (id, username, email, password, nickname, is_pro, enabled, created_at) VALUES (42, 'user42', 'user42@mail.com', 'pass42', '닉네임42', 0, 1, '2025-06-09 05:46:11');
INSERT INTO user (id, username, email, password, nickname, is_pro, enabled, created_at) VALUES (43, 'user43', 'user43@mail.com', 'pass43', '닉네임43', 1, 1, '2025-06-17 05:46:11');
INSERT INTO user (id, username, email, password, nickname, is_pro, enabled, created_at) VALUES (44, 'user44', 'user44@mail.com', 'pass44', '닉네임44', 0, 1, '2025-06-01 05:46:11');
INSERT INTO user (id, username, email, password, nickname, is_pro, enabled, created_at) VALUES (45, 'user45', 'user45@mail.com', 'pass45', '닉네임45', 1, 1, '2025-06-12 05:46:11');
INSERT INTO user (id, username, email, password, nickname, is_pro, enabled, created_at) VALUES (46, 'user46', 'user46@mail.com', 'pass46', '닉네임46', 0, 1, '2025-06-18 05:46:11');
INSERT INTO user (id, username, email, password, nickname, is_pro, enabled, created_at) VALUES (47, 'user47', 'user47@mail.com', 'pass47', '닉네임47', 1, 1, '2025-06-16 05:46:11');
INSERT INTO user (id, username, email, password, nickname, is_pro, enabled, created_at) VALUES (48, 'user48', 'user48@mail.com', 'pass48', '닉네임48', 0, 1, '2025-06-26 05:46:11');
INSERT INTO user (id, username, email, password, nickname, is_pro, enabled, created_at) VALUES (49, 'user49', 'user49@mail.com', 'pass49', '닉네임49', 1, 1, '2025-06-05 05:46:11');
INSERT INTO user (id, username, email, password, nickname, is_pro, enabled, created_at) VALUES (50, 'user50', 'user50@mail.com', 'pass50', '닉네임50', 0, 1, '2025-06-23 05:46:11');
INSERT INTO user (id, username, email, password, nickname, is_pro, enabled, created_at) VALUES (51, 'user51', 'user51@mail.com', 'pass51', '닉네임51', 1, 1, '2025-06-21 05:46:11');
INSERT INTO user (id, username, email, password, nickname, is_pro, enabled, created_at) VALUES (52, 'user52', 'user52@mail.com', 'pass52', '닉네임52', 0, 1, '2025-06-11 05:46:11');
INSERT INTO user (id, username, email, password, nickname, is_pro, enabled, created_at) VALUES (53, 'user53', 'user53@mail.com', 'pass53', '닉네임53', 1, 1, '2025-06-05 05:46:11');
INSERT INTO user (id, username, email, password, nickname, is_pro, enabled, created_at) VALUES (54, 'user54', 'user54@mail.com', 'pass54', '닉네임54', 0, 1, '2025-06-17 05:46:11');
INSERT INTO user (id, username, email, password, nickname, is_pro, enabled, created_at) VALUES (55, 'user55', 'user55@mail.com', 'pass55', '닉네임55', 1, 1, '2025-06-02 05:46:11');
INSERT INTO user (id, username, email, password, nickname, is_pro, enabled, created_at) VALUES (56, 'user56', 'user56@mail.com', 'pass56', '닉네임56', 0, 1, '2025-06-04 05:46:11');
INSERT INTO user (id, username, email, password, nickname, is_pro, enabled, created_at) VALUES (57, 'user57', 'user57@mail.com', 'pass57', '닉네임57', 1, 1, '2025-06-05 05:46:11');
INSERT INTO user (id, username, email, password, nickname, is_pro, enabled, created_at) VALUES (58, 'user58', 'user58@mail.com', 'pass58', '닉네임58', 0, 1, '2025-07-01 05:46:11');
INSERT INTO user (id, username, email, password, nickname, is_pro, enabled, created_at) VALUES (59, 'user59', 'user59@mail.com', 'pass59', '닉네임59', 1, 1, '2025-06-24 05:46:11');
INSERT INTO user (id, username, email, password, nickname, is_pro, enabled, created_at) VALUES (60, 'user60', 'user60@mail.com', 'pass60', '닉네임60', 0, 1, '2025-06-27 05:46:11');
INSERT INTO user (id, username, email, password, nickname, is_pro, enabled, created_at) VALUES (61, 'user61', 'user61@mail.com', 'pass61', '닉네임61', 1, 1, '2025-06-09 05:46:11');
INSERT INTO user (id, username, email, password, nickname, is_pro, enabled, created_at) VALUES (62, 'user62', 'user62@mail.com', 'pass62', '닉네임62', 0, 1, '2025-06-11 05:46:11');
INSERT INTO user (id, username, email, password, nickname, is_pro, enabled, created_at) VALUES (63, 'user63', 'user63@mail.com', 'pass63', '닉네임63', 1, 1, '2025-06-16 05:46:11');
INSERT INTO user (id, username, email, password, nickname, is_pro, enabled, created_at) VALUES (64, 'user64', 'user64@mail.com', 'pass64', '닉네임64', 0, 1, '2025-06-26 05:46:11');
INSERT INTO user (id, username, email, password, nickname, is_pro, enabled, created_at) VALUES (65, 'user65', 'user65@mail.com', 'pass65', '닉네임65', 1, 1, '2025-06-02 05:46:11');
INSERT INTO user (id, username, email, password, nickname, is_pro, enabled, created_at) VALUES (66, 'user66', 'user66@mail.com', 'pass66', '닉네임66', 0, 1, '2025-06-07 05:46:11');
INSERT INTO user (id, username, email, password, nickname, is_pro, enabled, created_at) VALUES (67, 'user67', 'user67@mail.com', 'pass67', '닉네임67', 1, 1, '2025-06-17 05:46:11');
INSERT INTO user (id, username, email, password, nickname, is_pro, enabled, created_at) VALUES (68, 'user68', 'user68@mail.com', 'pass68', '닉네임68', 0, 1, '2025-06-22 05:46:11');
INSERT INTO user (id, username, email, password, nickname, is_pro, enabled, created_at) VALUES (69, 'user69', 'user69@mail.com', 'pass69', '닉네임69', 1, 1, '2025-06-08 05:46:11');
INSERT INTO user (id, username, email, password, nickname, is_pro, enabled, created_at) VALUES (70, 'user70', 'user70@mail.com', 'pass70', '닉네임70', 0, 1, '2025-06-29 05:46:11');
INSERT INTO user (id, username, email, password, nickname, is_pro, enabled, created_at) VALUES (71, 'user71', 'user71@mail.com', 'pass71', '닉네임71', 1, 1, '2025-06-29 05:46:11');
INSERT INTO user (id, username, email, password, nickname, is_pro, enabled, created_at) VALUES (72, 'user72', 'user72@mail.com', 'pass72', '닉네임72', 0, 1, '2025-06-18 05:46:11');
INSERT INTO user (id, username, email, password, nickname, is_pro, enabled, created_at) VALUES (73, 'user73', 'user73@mail.com', 'pass73', '닉네임73', 1, 1, '2025-06-09 05:46:11');
INSERT INTO user (id, username, email, password, nickname, is_pro, enabled, created_at) VALUES (74, 'user74', 'user74@mail.com', 'pass74', '닉네임74', 0, 1, '2025-06-21 05:46:11');
INSERT INTO user (id, username, email, password, nickname, is_pro, enabled, created_at) VALUES (75, 'user75', 'user75@mail.com', 'pass75', '닉네임75', 1, 1, '2025-06-13 05:46:11');
INSERT INTO user (id, username, email, password, nickname, is_pro, enabled, created_at) VALUES (76, 'user76', 'user76@mail.com', 'pass76', '닉네임76', 0, 1, '2025-06-09 05:46:11');
INSERT INTO user (id, username, email, password, nickname, is_pro, enabled, created_at) VALUES (77, 'user77', 'user77@mail.com', 'pass77', '닉네임77', 1, 1, '2025-06-27 05:46:11');
INSERT INTO user (id, username, email, password, nickname, is_pro, enabled, created_at) VALUES (78, 'user78', 'user78@mail.com', 'pass78', '닉네임78', 0, 1, '2025-06-24 05:46:11');
INSERT INTO user (id, username, email, password, nickname, is_pro, enabled, created_at) VALUES (79, 'user79', 'user79@mail.com', 'pass79', '닉네임79', 1, 1, '2025-06-10 05:46:11');
INSERT INTO user (id, username, email, password, nickname, is_pro, enabled, created_at) VALUES (80, 'user80', 'user80@mail.com', 'pass80', '닉네임80', 0, 1, '2025-06-20 05:46:11');
INSERT INTO user (id, username, email, password, nickname, is_pro, enabled, created_at) VALUES (81, 'user81', 'user81@mail.com', 'pass81', '닉네임81', 1, 1, '2025-07-01 05:46:11');
INSERT INTO user (id, username, email, password, nickname, is_pro, enabled, created_at) VALUES (82, 'user82', 'user82@mail.com', 'pass82', '닉네임82', 0, 1, '2025-07-01 05:46:11');
INSERT INTO user (id, username, email, password, nickname, is_pro, enabled, created_at) VALUES (83, 'user83', 'user83@mail.com', 'pass83', '닉네임83', 1, 1, '2025-06-11 05:46:11');
INSERT INTO user (id, username, email, password, nickname, is_pro, enabled, created_at) VALUES (84, 'user84', 'user84@mail.com', 'pass84', '닉네임84', 0, 1, '2025-06-24 05:46:11');
INSERT INTO user (id, username, email, password, nickname, is_pro, enabled, created_at) VALUES (85, 'user85', 'user85@mail.com', 'pass85', '닉네임85', 1, 1, '2025-06-21 05:46:11');
INSERT INTO user (id, username, email, password, nickname, is_pro, enabled, created_at) VALUES (86, 'user86', 'user86@mail.com', 'pass86', '닉네임86', 0, 1, '2025-06-23 05:46:11');
INSERT INTO user (id, username, email, password, nickname, is_pro, enabled, created_at) VALUES (87, 'user87', 'user87@mail.com', 'pass87', '닉네임87', 1, 1, '2025-06-09 05:46:11');
INSERT INTO user (id, username, email, password, nickname, is_pro, enabled, created_at) VALUES (88, 'user88', 'user88@mail.com', 'pass88', '닉네임88', 0, 1, '2025-06-06 05:46:11');
INSERT INTO user (id, username, email, password, nickname, is_pro, enabled, created_at) VALUES (89, 'user89', 'user89@mail.com', 'pass89', '닉네임89', 1, 1, '2025-06-06 05:46:11');
INSERT INTO user (id, username, email, password, nickname, is_pro, enabled, created_at) VALUES (90, 'user90', 'user90@mail.com', 'pass90', '닉네임90', 0, 1, '2025-06-30 05:46:11');
INSERT INTO user (id, username, email, password, nickname, is_pro, enabled, created_at) VALUES (91, 'user91', 'user91@mail.com', 'pass91', '닉네임91', 1, 1, '2025-06-19 05:46:11');
INSERT INTO user (id, username, email, password, nickname, is_pro, enabled, created_at) VALUES (92, 'user92', 'user92@mail.com', 'pass92', '닉네임92', 0, 1, '2025-06-25 05:46:11');
INSERT INTO user (id, username, email, password, nickname, is_pro, enabled, created_at) VALUES (93, 'user93', 'user93@mail.com', 'pass93', '닉네임93', 1, 1, '2025-06-04 05:46:11');
INSERT INTO user (id, username, email, password, nickname, is_pro, enabled, created_at) VALUES (94, 'user94', 'user94@mail.com', 'pass94', '닉네임94', 0, 1, '2025-07-01 05:46:11');
INSERT INTO user (id, username, email, password, nickname, is_pro, enabled, created_at) VALUES (95, 'user95', 'user95@mail.com', 'pass95', '닉네임95', 1, 1, '2025-06-25 05:46:11');
INSERT INTO user (id, username, email, password, nickname, is_pro, enabled, created_at) VALUES (96, 'user96', 'user96@mail.com', 'pass96', '닉네임96', 0, 1, '2025-06-10 05:46:11');
INSERT INTO user (id, username, email, password, nickname, is_pro, enabled, created_at) VALUES (97, 'user97', 'user97@mail.com', 'pass97', '닉네임97', 1, 1, '2025-06-10 05:46:11');
INSERT INTO user (id, username, email, password, nickname, is_pro, enabled, created_at) VALUES (98, 'user98', 'user98@mail.com', 'pass98', '닉네임98', 0, 1, '2025-06-08 05:46:11');
INSERT INTO user (id, username, email, password, nickname, is_pro, enabled, created_at) VALUES (99, 'user99', 'user99@mail.com', 'pass99', '닉네임99', 1, 1, '2025-06-12 05:46:11');
INSERT INTO user (id, username, email, password, nickname, is_pro, enabled, created_at) VALUES (100, 'user100', 'user100@mail.com', 'pass100', '닉네임100', 0, 1, '2025-06-01 05:46:11');
INSERT INTO community (id, name, description, creator_id, created_at) VALUES (1, '커뮤니티1', '설명1', 1, '2025-06-19 05:46:11');
INSERT INTO community (id, name, description, creator_id, created_at) VALUES (2, '커뮤니티2', '설명2', 2, '2025-06-12 05:46:11');
INSERT INTO community (id, name, description, creator_id, created_at) VALUES (3, '커뮤니티3', '설명3', 3, '2025-06-22 05:46:11');
INSERT INTO community (id, name, description, creator_id, created_at) VALUES (4, '커뮤니티4', '설명4', 4, '2025-06-11 05:46:11');
INSERT INTO community (id, name, description, creator_id, created_at) VALUES (5, '커뮤니티5', '설명5', 5, '2025-06-12 05:46:11');
INSERT INTO community (id, name, description, creator_id, created_at) VALUES (6, '커뮤니티6', '설명6', 6, '2025-06-18 05:46:11');
INSERT INTO community (id, name, description, creator_id, created_at) VALUES (7, '커뮤니티7', '설명7', 7, '2025-06-05 05:46:11');
INSERT INTO community (id, name, description, creator_id, created_at) VALUES (8, '커뮤니티8', '설명8', 8, '2025-06-17 05:46:11');
INSERT INTO community (id, name, description, creator_id, created_at) VALUES (9, '커뮤니티9', '설명9', 9, '2025-06-22 05:46:11');
INSERT INTO community (id, name, description, creator_id, created_at) VALUES (10, '커뮤니티10', '설명10', 10, '2025-06-26 05:46:11');
INSERT INTO notice (id, title, content, author_id, created_at, is_active) VALUES (1, '공지1', '내용1', 1, '2025-06-09 05:46:11', 1);
INSERT INTO notice (id, title, content, author_id, created_at, is_active) VALUES (2, '공지2', '내용2', 2, '2025-06-01 05:46:11', 1);
INSERT INTO notice (id, title, content, author_id, created_at, is_active) VALUES (3, '공지3', '내용3', 3, '2025-06-10 05:46:11', 1);
INSERT INTO notice (id, title, content, author_id, created_at, is_active) VALUES (4, '공지4', '내용4', 4, '2025-06-07 05:46:11', 1);
INSERT INTO notice (id, title, content, author_id, created_at, is_active) VALUES (5, '공지5', '내용5', 5, '2025-06-05 05:46:11', 1);
INSERT INTO notice (id, title, content, author_id, created_at, is_active) VALUES (6, '공지6', '내용6', 6, '2025-06-01 05:46:11', 1);
INSERT INTO notice (id, title, content, author_id, created_at, is_active) VALUES (7, '공지7', '내용7', 7, '2025-06-14 05:46:11', 1);
INSERT INTO notice (id, title, content, author_id, created_at, is_active) VALUES (8, '공지8', '내용8', 8, '2025-06-18 05:46:11', 1);
INSERT INTO notice (id, title, content, author_id, created_at, is_active) VALUES (9, '공지9', '내용9', 9, '2025-06-15 05:46:11', 1);
INSERT INTO notice (id, title, content, author_id, created_at, is_active) VALUES (10, '공지10', '내용10', 10, '2025-06-17 05:46:11', 1);
INSERT INTO qna (id, type, title, content, user_id, created_at, status) VALUES (1, '질문유형1', '질문 제목1', '질문 내용1', 2, '2025-06-06 05:46:11', 0);
INSERT INTO qna (id, type, title, content, user_id, created_at, status) VALUES (2, '질문유형2', '질문 제목2', '질문 내용2', 3, '2025-06-16 05:46:11', 0);
INSERT INTO qna (id, type, title, content, user_id, created_at, status) VALUES (3, '질문유형0', '질문 제목3', '질문 내용3', 4, '2025-06-26 05:46:11', 0);
INSERT INTO qna (id, type, title, content, user_id, created_at, status) VALUES (4, '질문유형1', '질문 제목4', '질문 내용4', 5, '2025-06-23 05:46:11', 0);
INSERT INTO qna (id, type, title, content, user_id, created_at, status) VALUES (5, '질문유형2', '질문 제목5', '질문 내용5', 6, '2025-06-11 05:46:11', 0);
INSERT INTO qna (id, type, title, content, user_id, created_at, status) VALUES (6, '질문유형0', '질문 제목6', '질문 내용6', 7, '2025-06-08 05:46:11', 0);
INSERT INTO qna (id, type, title, content, user_id, created_at, status) VALUES (7, '질문유형1', '질문 제목7', '질문 내용7', 8, '2025-06-26 05:46:11', 0);
INSERT INTO qna (id, type, title, content, user_id, created_at, status) VALUES (8, '질문유형2', '질문 제목8', '질문 내용8', 9, '2025-06-13 05:46:11', 0);
INSERT INTO qna (id, type, title, content, user_id, created_at, status) VALUES (9, '질문유형0', '질문 제목9', '질문 내용9', 10, '2025-06-22 05:46:11', 0);
INSERT INTO qna (id, type, title, content, user_id, created_at, status) VALUES (10, '질문유형1', '질문 제목10', '질문 내용10', 11, '2025-06-04 05:46:11', 0);
INSERT INTO qna (id, type, title, content, user_id, created_at, status) VALUES (11, '질문유형2', '질문 제목11', '질문 내용11', 12, '2025-06-07 05:46:11', 0);
INSERT INTO qna (id, type, title, content, user_id, created_at, status) VALUES (12, '질문유형0', '질문 제목12', '질문 내용12', 13, '2025-06-23 05:46:11', 0);
INSERT INTO qna (id, type, title, content, user_id, created_at, status) VALUES (13, '질문유형1', '질문 제목13', '질문 내용13', 14, '2025-06-15 05:46:11', 0);
INSERT INTO qna (id, type, title, content, user_id, created_at, status) VALUES (14, '질문유형2', '질문 제목14', '질문 내용14', 15, '2025-06-07 05:46:11', 0);
INSERT INTO qna (id, type, title, content, user_id, created_at, status) VALUES (15, '질문유형0', '질문 제목15', '질문 내용15', 16, '2025-06-21 05:46:11', 0);
INSERT INTO qna (id, type, title, content, user_id, created_at, status) VALUES (16, '질문유형1', '질문 제목16', '질문 내용16', 17, '2025-06-10 05:46:11', 0);
INSERT INTO qna (id, type, title, content, user_id, created_at, status) VALUES (17, '질문유형2', '질문 제목17', '질문 내용17', 18, '2025-06-25 05:46:11', 0);
INSERT INTO qna (id, type, title, content, user_id, created_at, status) VALUES (18, '질문유형0', '질문 제목18', '질문 내용18', 19, '2025-06-08 05:46:11', 0);
INSERT INTO qna (id, type, title, content, user_id, created_at, status) VALUES (19, '질문유형1', '질문 제목19', '질문 내용19', 20, '2025-06-03 05:46:11', 0);
INSERT INTO qna (id, type, title, content, user_id, created_at, status) VALUES (20, '질문유형2', '질문 제목20', '질문 내용20', 21, '2025-06-27 05:46:11', 0);
INSERT INTO qna_answer (id, qna_id, admin_id, content, answered_at) VALUES (1, 1, 1, '답변 내용1', '2025-06-24 05:46:11');
INSERT INTO qna_answer (id, qna_id, admin_id, content, answered_at) VALUES (2, 2, 2, '답변 내용2', '2025-06-04 05:46:11');
INSERT INTO qna_answer (id, qna_id, admin_id, content, answered_at) VALUES (3, 3, 3, '답변 내용3', '2025-06-24 05:46:11');
INSERT INTO qna_answer (id, qna_id, admin_id, content, answered_at) VALUES (4, 4, 4, '답변 내용4', '2025-06-25 05:46:11');
INSERT INTO qna_answer (id, qna_id, admin_id, content, answered_at) VALUES (5, 5, 5, '답변 내용5', '2025-07-01 05:46:11');
INSERT INTO qna_answer (id, qna_id, admin_id, content, answered_at) VALUES (6, 6, 6, '답변 내용6', '2025-06-08 05:46:11');
INSERT INTO qna_answer (id, qna_id, admin_id, content, answered_at) VALUES (7, 7, 7, '답변 내용7', '2025-06-14 05:46:11');
INSERT INTO qna_answer (id, qna_id, admin_id, content, answered_at) VALUES (8, 8, 8, '답변 내용8', '2025-06-10 05:46:11');
INSERT INTO qna_answer (id, qna_id, admin_id, content, answered_at) VALUES (9, 9, 9, '답변 내용9', '2025-06-01 05:46:11');
INSERT INTO qna_answer (id, qna_id, admin_id, content, answered_at) VALUES (10, 10, 10, '답변 내용10', '2025-06-04 05:46:11');

INSERT INTO user_sanction (id, user_id, admin_id, type, reason, start_at, created_at) VALUES (1, 2, 2, '정지', '사유1', '2025-06-26 05:46:11', '2025-06-03 05:46:11');
INSERT INTO user_sanction (id, user_id, admin_id, type, reason, start_at, created_at) VALUES (2, 3, 3, '정지', '사유2', '2025-06-19 05:46:11', '2025-06-03 05:46:11');
INSERT INTO user_sanction (id, user_id, admin_id, type, reason, start_at, created_at) VALUES (3, 4, 4, '정지', '사유3', '2025-06-18 05:46:11', '2025-06-18 05:46:11');
INSERT INTO user_sanction (id, user_id, admin_id, type, reason, start_at, created_at) VALUES (4, 5, 5, '정지', '사유4', '2025-06-27 05:46:11', '2025-06-23 05:46:11');
INSERT INTO user_sanction (id, user_id, admin_id, type, reason, start_at, created_at) VALUES (5, 6, 6, '정지', '사유5', '2025-06-12 05:46:11', '2025-06-02 05:46:11');
INSERT INTO user_sanction (id, user_id, admin_id, type, reason, start_at, created_at) VALUES (6, 7, 7, '정지', '사유6', '2025-06-09 05:46:11', '2025-06-06 05:46:11');
INSERT INTO user_sanction (id, user_id, admin_id, type, reason, start_at, created_at) VALUES (7, 8, 8, '정지', '사유7', '2025-06-21 05:46:11', '2025-06-18 05:46:11');
INSERT INTO user_sanction (id, user_id, admin_id, type, reason, start_at, created_at) VALUES (8, 9, 9, '정지', '사유8', '2025-06-02 05:46:11', '2025-06-18 05:46:11');
INSERT INTO user_sanction (id, user_id, admin_id, type, reason, start_at, created_at) VALUES (9, 10, 10, '정지', '사유9', '2025-06-27 05:46:11', '2025-06-17 05:46:11');
INSERT INTO user_sanction (id, user_id, admin_id, type, reason, start_at, created_at) VALUES (10, 11, 1, '정지', '사유10', '2025-06-30 05:46:11', '2025-06-22 05:46:11');
INSERT INTO admin_log (id, actor_id, action, target_type, target_id, created_at) VALUES (1, 2, 'ROLE_GRANT', 'User', 1, '2025-06-03 05:46:11');
INSERT INTO admin_log (id, actor_id, action, target_type, target_id, created_at) VALUES (2, 3, 'ROLE_GRANT', 'User', 2, '2025-06-05 05:46:11');
INSERT INTO admin_log (id, actor_id, action, target_type, target_id, created_at) VALUES (3, 4, 'ROLE_GRANT', 'User', 3, '2025-06-19 05:46:11');
INSERT INTO admin_log (id, actor_id, action, target_type, target_id, created_at) VALUES (4, 5, 'ROLE_GRANT', 'User', 4, '2025-06-27 05:46:11');
INSERT INTO admin_log (id, actor_id, action, target_type, target_id, created_at) VALUES (5, 6, 'ROLE_GRANT', 'User', 5, '2025-06-16 05:46:11');
INSERT INTO admin_log (id, actor_id, action, target_type, target_id, created_at) VALUES (6, 7, 'ROLE_GRANT', 'User', 6, '2025-06-09 05:46:11');
INSERT INTO admin_log (id, actor_id, action, target_type, target_id, created_at) VALUES (7, 8, 'ROLE_GRANT', 'User', 7, '2025-06-23 05:46:11');
INSERT INTO admin_log (id, actor_id, action, target_type, target_id, created_at) VALUES (8, 9, 'ROLE_GRANT', 'User', 8, '2025-06-24 05:46:11');
INSERT INTO admin_log (id, actor_id, action, target_type, target_id, created_at) VALUES (9, 10, 'ROLE_GRANT', 'User', 9, '2025-06-28 05:46:11');
INSERT INTO admin_log (id, actor_id, action, target_type, target_id, created_at) VALUES (10, 1, 'ROLE_GRANT', 'User', 10, '2025-06-29 05:46:11');
INSERT INTO user_activity_log (id, user_id, action, created_at) VALUES (1, 2, 'LOGIN', '2025-06-26 05:46:11');
INSERT INTO user_activity_log (id, user_id, action, created_at) VALUES (2, 3, 'LOGIN', '2025-06-22 05:46:11');
INSERT INTO user_activity_log (id, user_id, action, created_at) VALUES (3, 4, 'LOGIN', '2025-06-19 05:46:11');
INSERT INTO user_activity_log (id, user_id, action, created_at) VALUES (4, 5, 'LOGIN', '2025-06-30 05:46:11');
INSERT INTO user_activity_log (id, user_id, action, created_at) VALUES (5, 6, 'LOGIN', '2025-06-21 05:46:11');
INSERT INTO user_activity_log (id, user_id, action, created_at) VALUES (6, 7, 'LOGIN', '2025-06-29 05:46:11');
INSERT INTO user_activity_log (id, user_id, action, created_at) VALUES (7, 8, 'LOGIN', '2025-06-09 05:46:11');
INSERT INTO user_activity_log (id, user_id, action, created_at) VALUES (8, 9, 'LOGIN', '2025-06-25 05:46:11');
INSERT INTO user_activity_log (id, user_id, action, created_at) VALUES (9, 10, 'LOGIN', '2025-06-05 05:46:11');
INSERT INTO user_activity_log (id, user_id, action, created_at) VALUES (10, 11, 'LOGIN', '2025-06-21 05:46:11');
